frame,tile_x,tile_y,tile_index,pixel_x,pixel_y,gaussian_instances,range_start,range_end
0,0,0,0,0,0,2316,0,2316
0,1,0,1,16,0,2282,2316,4598
0,2,0,2,32,0,2260,4598,6858
0,3,0,3,48,0,2221,6858,9079
0,4,0,4,64,0,2148,9079,11227
0,5,0,5,80,0,1986,11227,13213
0,6,0,6,96,0,1817,13213,15030
0,7,0,7,112,0,1652,15030,16682
0,8,0,8,128,0,1493,16682,18175
0,9,0,9,144,0,1373,18175,19548
0,10,0,10,160,0,1307,19548,20855
0,11,0,11,176,0,1228,20855,22083
0,12,0,12,192,0,1192,22083,23275
0,13,0,13,208,0,1143,23275,24418
0,14,0,14,224,0,1097,24418,25515
0,15,0,15,240,0,1073,25515,26588
0,16,0,16,256,0,1065,26588,27653
0,17,0,17,272,0,1040,27653,28693
0,18,0,18,288,0,1021,28693,29714
0,19,0,19,304,0,1024,29714,30738
0,20,0,20,320,0,1005,30738,31743
0,21,0,21,336,0,1001,31743,32744
0,22,0,22,352,0,993,32744,33737
0,23,0,23,368,0,979,33737,34716
0,24,0,24,384,0,971,34716,35687
0,25,0,25,400,0,987,35687,36674
0,26,0,26,416,0,995,36674,37669
0,27,0,27,432,0,997,37669,38666
0,28,0,28,448,0,995,38666,39661
0,29,0,29,464,0,1008,39661,40669
0,30,0,30,480,0,1026,40669,41695
0,31,0,31,496,0,1051,41695,42746
0,32,0,32,512,0,1077,42746,43823
0,33,0,33,528,0,1093,43823,44916
0,34,0,34,544,0,1117,44916,46033
0,35,0,35,560,0,1133,46033,47166
0,36,0,36,576,0,1156,47166,48322
0,37,0,37,592,0,1174,48322,49496
0,38,0,38,608,0,1170,49496,50666
0,39,0,39,624,0,1162,50666,51828
0,40,0,40,640,0,1169,51828,52997
0,41,0,41,656,0,1195,52997,54192
0,42,0,42,672,0,1244,54192,55436
0,43,0,43,688,0,1328,55436,56764
0,44,0,44,704,0,1430,56764,58194
0,45,0,45,720,0,1551,58194,59745
0,46,0,46,736,0,1779,59745,61524
0,47,0,47,752,0,2134,61524,63658
0,48,0,48,768,0,2647,63658,66305
0,49,0,49,784,0,3314,66305,69619
0,50,0,50,800,0,3730,69619,73349
0,51,0,51,816,0,4015,73349,77364
0,52,0,52,832,0,4298,77364,81662
0,53,0,53,848,0,4343,81662,86005
0,54,0,54,864,0,4206,86005,90211
0,55,0,55,880,0,4058,90211,94269
0,56,0,56,896,0,3990,94269,98259
0,57,0,57,912,0,4001,98259,102260
0,58,0,58,928,0,4046,102260,106306
0,59,0,59,944,0,4172,106306,110478
0,60,0,60,960,0,4084,110478,114562
0,61,0,61,976,0,3808,114562,118370
0,62,0,62,992,0,3482,118370,121852
0,63,0,63,1008,0,2926,121852,124778
0,64,0,64,1024,0,2443,124778,127221
0,65,0,65,1040,0,2170,127221,129391
0,66,0,66,1056,0,2172,129391,131563
0,67,0,67,1072,0,2559,131563,134122
0,68,0,68,1088,0,3299,134122,137421
0,69,0,69,1104,0,4029,137421,141450
0,70,0,70,1120,0,4560,141450,146010
0,71,0,71,1136,0,5052,146010,151062
0,72,0,72,1152,0,5539,151062,156601
0,73,0,73,1168,0,5900,156601,162501
0,74,0,74,1184,0,5997,162501,168498
0,75,0,75,1200,0,5626,168498,174124
0,76,0,76,1216,0,5032,174124,179156
0,77,0,77,1232,0,4893,179156,184049
0,78,0,78,1248,0,4978,184049,189027
0,79,0,79,1264,0,5134,189027,194161
0,80,0,80,1280,0,5097,194161,199258
0,81,0,81,1296,0,5010,199258,204268
0,82,0,82,1312,0,5177,204268,209445
0,83,0,83,1328,0,5210,209445,214655
0,84,0,84,1344,0,5068,214655,219723
0,85,0,85,1360,0,5270,219723,224993
0,86,0,86,1376,0,5623,224993,230616
0,87,0,87,1392,0,5812,230616,236428
0,88,0,88,1408,0,5940,236428,242368
0,89,0,89,1424,0,6137,242368,248505
0,90,0,90,1440,0,6315,248505,254820
0,91,0,91,1456,0,6253,254820,261073
0,92,0,92,1472,0,5998,261073,267071
0,93,0,93,1488,0,5960,267071,273031
0,94,0,94,1504,0,5817,273031,278848
0,95,0,95,1520,0,5711,278848,284559
0,96,0,96,1536,0,5846,284559,290405
0,97,0,97,1552,0,5700,290405,296105
0,98,0,98,1568,0,5169,296105,301274
0,99,0,99,1584,0,4580,301274,305854
0,100,0,100,1600,0,4101,305854,309955
0,101,0,101,1616,0,3924,309955,313879
0,102,0,102,1632,0,3861,313879,317740
0,103,0,103,1648,0,3874,317740,321614
0,104,0,104,1664,0,3792,321614,325406
0,105,0,105,1680,0,3833,325406,329239
0,106,0,106,1696,0,3849,329239,333088
0,107,0,107,1712,0,3960,333088,337048
0,108,0,108,1728,0,3980,337048,341028
0,109,0,109,1744,0,3826,341028,344854
0,110,0,110,1760,0,3708,344854,348562
0,111,0,111,1776,0,3644,348562,352206
0,112,0,112,1792,0,3672,352206,355878
0,113,0,113,1808,0,3694,355878,359572
0,114,0,114,1824,0,3666,359572,363238
0,115,0,115,1840,0,3534,363238,366772
0,0,1,116,0,16,2340,366772,369112
0,1,1,117,16,16,2313,369112,371425
0,2,1,118,32,16,2296,371425,373721
0,3,1,119,48,16,2262,373721,375983
0,4,1,120,64,16,2217,375983,378200
0,5,1,121,80,16,2072,378200,380272
0,6,1,122,96,16,1898,380272,382170
0,7,1,123,112,16,1731,382170,383901
0,8,1,124,128,16,1574,383901,385475
0,9,1,125,144,16,1452,385475,386927
0,10,1,126,160,16,1385,386927,388312
0,11,1,127,176,16,1310,388312,389622
0,12,1,128,192,16,1277,389622,390899
0,13,1,129,208,16,1238,390899,392137
0,14,1,130,224,16,1195,392137,393332
0,15,1,131,240,16,1175,393332,394507
0,16,1,132,256,16,1163,394507,395670
0,17,1,133,272,16,1131,395670,396801
0,18,1,134,288,16,1107,396801,397908
0,19,1,135,304,16,1098,397908,399006
0,20,1,136,320,16,1069,399006,400075
0,21,1,137,336,16,1055,400075,401130
0,22,1,138,352,16,1035,401130,402165
0,23,1,139,368,16,1010,402165,403175
0,24,1,140,384,16,997,403175,404172
0,25,1,141,400,16,1010,404172,405182
0,26,1,142,416,16,1014,405182,406196
0,27,1,143,432,16,1007,406196,407203
0,28,1,144,448,16,1004,407203,408207
0,29,1,145,464,16,1013,408207,409220
0,30,1,146,480,16,1026,409220,410246
0,31,1,147,496,16,1048,410246,411294
0,32,1,148,512,16,1064,411294,412358
0,33,1,149,528,16,1070,412358,413428
0,34,1,150,544,16,1077,413428,414505
0,35,1,151,560,16,1083,414505,415588
0,36,1,152,576,16,1109,415588,416697
0,37,1,153,592,16,1130,416697,417827
0,38,1,154,608,16,1138,417827,418965
0,39,1,155,624,16,1161,418965,420126
0,40,1,156,640,16,1180,420126,421306
0,41,1,157,656,16,1212,421306,422518
0,42,1,158,672,16,1268,422518,423786
0,43,1,159,688,16,1361,423786,425147
0,44,1,160,704,16,1474,425147,426621
0,45,1,161,720,16,1598,426621,428219
0,46,1,162,736,16,1845,428219,430064
0,47,1,163,752,16,2248,430064,432312
0,48,1,164,768,16,2866,432312,435178
0,49,1,165,784,16,3525,435178,438703
0,50,1,166,800,16,3836,438703,442539
0,51,1,167,816,16,4016,442539,446555
0,52,1,168,832,16,4242,446555,450797
0,53,1,169,848,16,4240,450797,455037
0,54,1,170,864,16,3988,455037,459025
0,55,1,171,880,16,3761,459025,462786
0,56,1,172,896,16,3715,462786,466501
0,57,1,173,912,16,3738,466501,470239
0,58,1,174,928,16,3867,470239,474106
0,59,1,175,944,16,4100,474106,478206
0,60,1,176,960,16,3956,478206,482162
0,61,1,177,976,16,3738,482162,485900
0,62,1,178,992,16,3486,485900,489386
0,63,1,179,1008,16,3087,489386,492473
0,64,1,180,1024,16,2543,492473,495016
0,65,1,181,1040,16,2220,495016,497236
0,66,1,182,1056,16,2204,497236,499440
0,67,1,183,1072,16,2571,499440,502011
0,68,1,184,1088,16,3303,502011,505314
0,69,1,185,1104,16,4041,505314,509355
0,70,1,186,1120,16,4618,509355,513973
0,71,1,187,1136,16,5185,513973,519158
0,72,1,188,1152,16,5646,519158,524804
0,73,1,189,1168,16,5964,524804,530768
0,74,1,190,1184,16,6085,530768,536853
0,75,1,191,1200,16,5772,536853,542625
0,76,1,192,1216,16,5225,542625,547850
0,77,1,193,1232,16,5084,547850,552934
0,78,1,194,1248,16,5071,552934,558005
0,79,1,195,1264,16,5207,558005,563212
0,80,1,196,1280,16,5258,563212,568470
0,81,1,197,1296,16,5295,568470,573765
0,82,1,198,1312,16,5460,573765,579225
0,83,1,199,1328,16,5370,579225,584595
0,84,1,200,1344,16,5149,584595,589744
0,85,1,201,1360,16,5464,589744,595208
0,86,1,202,1376,16,5802,595208,601010
0,87,1,203,1392,16,5937,601010,606947
0,88,1,204,1408,16,6003,606947,612950
0,89,1,205,1424,16,6147,612950,619097
0,90,1,206,1440,16,6288,619097,625385
0,91,1,207,1456,16,6275,625385,631660
0,92,1,208,1472,16,6135,631660,637795
0,93,1,209,1488,16,6084,637795,643879
0,94,1,210,1504,16,5885,643879,649764
0,95,1,211,1520,16,5817,649764,655581
0,96,1,212,1536,16,5819,655581,661400
0,97,1,213,1552,16,5602,661400,667002
0,98,1,214,1568,16,5079,667002,672081
0,99,1,215,1584,16,4492,672081,676573
0,100,1,216,1600,16,3997,676573,680570
0,101,1,217,1616,16,3978,680570,684548
0,102,1,218,1632,16,4149,684548,688697
0,103,1,219,1648,16,4277,688697,692974
0,104,1,220,1664,16,4252,692974,697226
0,105,1,221,1680,16,4257,697226,701483
0,106,1,222,1696,16,4179,701483,705662
0,107,1,223,1712,16,4108,705662,709770
0,108,1,224,1728,16,3969,709770,713739
0,109,1,225,1744,16,3848,713739,717587
0,110,1,226,1760,16,3787,717587,721374
0,111,1,227,1776,16,3730,721374,725104
0,112,1,228,1792,16,3739,725104,728843
0,113,1,229,1808,16,3728,728843,732571
0,114,1,230,1824,16,3676,732571,736247
0,115,1,231,1840,16,3517,736247,739764
0,0,2,232,0,32,2347,739764,742111
0,1,2,233,16,32,2345,742111,744456
0,2,2,234,32,32,2338,744456,746794
0,3,2,235,48,32,2310,746794,749104
0,4,2,236,64,32,2278,749104,751382
0,5,2,237,80,32,2180,751382,753562
0,6,2,238,96,32,2028,753562,755590
0,7,2,239,112,32,1856,755590,757446
0,8,2,240,128,32,1686,757446,759132
0,9,2,241,144,32,1564,759132,760696
0,10,2,242,160,32,1514,760696,762210
0,11,2,243,176,32,1456,762210,763666
0,12,2,244,192,32,1456,763666,765122
0,13,2,245,208,32,1441,765122,766563
0,14,2,246,224,32,1418,766563,767981
0,15,2,247,240,32,1405,767981,769386
0,16,2,248,256,32,1383,769386,770769
0,17,2,249,272,32,1336,770769,772105
0,18,2,250,288,32,1312,772105,773417
0,19,2,251,304,32,1286,773417,774703
0,20,2,252,320,32,1220,774703,775923
0,21,2,253,336,32,1188,775923,777111
0,22,2,254,352,32,1141,777111,778252
0,23,2,255,368,32,1106,778252,779358
0,24,2,256,384,32,1082,779358,780440
0,25,2,257,400,32,1084,780440,781524
0,26,2,258,416,32,1071,781524,782595
0,27,2,259,432,32,1050,782595,783645
0,28,2,260,448,32,1034,783645,784679
0,29,2,261,464,32,1041,784679,785720
0,30,2,262,480,32,1049,785720,786769
0,31,2,263,496,32,1067,786769,787836
0,32,2,264,512,32,1071,787836,788907
0,33,2,265,528,32,1071,788907,789978
0,34,2,266,544,32,1073,789978,791051
0,35,2,267,560,32,1082,791051,792133
0,36,2,268,576,32,1108,792133,793241
0,37,2,269,592,32,1132,793241,794373
0,38,2,270,608,32,1139,794373,795512
0,39,2,271,624,32,1168,795512,796680
0,40,2,272,640,32,1196,796680,797876
0,41,2,273,656,32,1236,797876,799112
0,42,2,274,672,32,1294,799112,800406
0,43,2,275,688,32,1387,800406,801793
0,44,2,276,704,32,1503,801793,803296
0,45,2,277,720,32,1626,803296,804922
0,46,2,278,736,32,1890,804922,806812
0,47,2,279,752,32,2321,806812,809133
0,48,2,280,768,32,2969,809133,812102
0,49,2,281,784,32,3551,812102,815653
0,50,2,282,800,32,3773,815653,819426
0,51,2,283,816,32,3915,819426,823341
0,52,2,284,832,32,4049,823341,827390
0,53,2,285,848,32,3967,827390,831357
0,54,2,286,864,32,3648,831357,835005
0,55,2,287,880,32,3331,835005,838336
0,56,2,288,896,32,3220,838336,841556
0,57,2,289,912,32,3338,841556,844894
0,58,2,290,928,32,3583,844894,848477
0,59,2,291,944,32,3819,848477,852296
0,60,2,292,960,32,3742,852296,856038
0,61,2,293,976,32,3594,856038,859632
0,62,2,294,992,32,3420,859632,863052
0,63,2,295,1008,32,3095,863052,866147
0,64,2,296,1024,32,2626,866147,868773
0,65,2,297,1040,32,2255,868773,871028
0,66,2,298,1056,32,2222,871028,873250
0,67,2,299,1072,32,2547,873250,875797
0,68,2,300,1088,32,3244,875797,879041
0,69,2,301,1104,32,4004,879041,883045
0,70,2,302,1120,32,4672,883045,887717
0,71,2,303,1136,32,5389,887717,893106
0,72,2,304,1152,32,5857,893106,898963
0,73,2,305,1168,32,6178,898963,905141
0,74,2,306,1184,32,6288,905141,911429
0,75,2,307,1200,32,6076,911429,917505
0,76,2,308,1216,32,5609,917505,923114
0,77,2,309,1232,32,5423,923114,928537
0,78,2,310,1248,32,5479,928537,934016
0,79,2,311,1264,32,5601,934016,939617
0,80,2,312,1280,32,5690,939617,945307
0,81,2,313,1296,32,5742,945307,951049
0,82,2,314,1312,32,5661,951049,956710
0,83,2,315,1328,32,5459,956710,962169
0,84,2,316,1344,32,5366,962169,967535
0,85,2,317,1360,32,5798,967535,973333
0,86,2,318,1376,32,6102,973333,979435
0,87,2,319,1392,32,6144,979435,985579
0,88,2,320,1408,32,6134,985579,991713
0,89,2,321,1424,32,6164,991713,997877
0,90,2,322,1440,32,6240,997877,1004117
0,91,2,323,1456,32,6268,1004117,1010385
0,92,2,324,1472,32,6108,1010385,1016493
0,93,2,325,1488,32,6105,1016493,1022598
0,94,2,326,1504,32,5893,1022598,1028491
0,95,2,327,1520,32,5826,1028491,1034317
0,96,2,328,1536,32,5728,1034317,1040045
0,97,2,329,1552,32,5601,1040045,1045646
0,98,2,330,1568,32,5151,1045646,1050797
0,99,2,331,1584,32,4676,1050797,1055473
0,100,2,332,1600,32,4211,1055473,1059684
0,101,2,333,1616,32,4163,1059684,1063847
0,102,2,334,1632,32,4441,1063847,1068288
0,103,2,335,1648,32,4655,1068288,1072943
0,104,2,336,1664,32,4634,1072943,1077577
0,105,2,337,1680,32,4674,1077577,1082251
0,106,2,338,1696,32,4561,1082251,1086812
0,107,2,339,1712,32,4351,1086812,1091163
0,108,2,340,1728,32,4088,1091163,1095251
0,109,2,341,1744,32,3978,1095251,1099229
0,110,2,342,1760,32,3920,1099229,1103149
0,111,2,343,1776,32,3832,1103149,1106981
0,112,2,344,1792,32,3805,1106981,1110786
0,113,2,345,1808,32,3782,1110786,1114568
0,114,2,346,1824,32,3695,1114568,1118263
0,115,2,347,1840,32,3509,1118263,1121772
0,0,3,348,0,48,2330,1121772,1124102
0,1,3,349,16,48,2361,1124102,1126463
0,2,3,350,32,48,2359,1126463,1128822
0,3,3,351,48,48,2338,1128822,1131160
0,4,3,352,64,48,2325,1131160,1133485
0,5,3,353,80,48,2290,1133485,1135775
0,6,3,354,96,48,2168,1135775,1137943
0,7,3,355,112,48,2026,1137943,1139969
0,8,3,356,128,48,1856,1139969,1141825
0,9,3,357,144,48,1741,1141825,1143566
0,10,3,358,160,48,1722,1143566,1145288
0,11,3,359,176,48,1692,1145288,1146980
0,12,3,360,192,48,1737,1146980,1148717
0,13,3,361,208,48,1766,1148717,1150483
0,14,3,362,224,48,1827,1150483,1152310
0,15,3,363,240,48,1824,1152310,1154134
0,16,3,364,256,48,1792,1154134,1155926
0,17,3,365,272,48,1724,1155926,1157650
0,18,3,366,288,48,1662,1157650,1159312
0,19,3,367,304,48,1609,1159312,1160921
0,20,3,368,320,48,1511,1160921,1162432
0,21,3,369,336,48,1437,1162432,1163869
0,22,3,370,352,48,1349,1163869,1165218
0,23,3,371,368,48,1280,1165218,1166498
0,24,3,372,384,48,1228,1166498,1167726
0,25,3,373,400,48,1199,1167726,1168925
0,26,3,374,416,48,1146,1168925,1170071
0,27,3,375,432,48,1098,1170071,1171169
0,28,3,376,448,48,1069,1171169,1172238
0,29,3,377,464,48,1069,1172238,1173307
0,30,3,378,480,48,1076,1173307,1174383
0,31,3,379,496,48,1082,1174383,1175465
0,32,3,380,512,48,1075,1175465,1176540
0,33,3,381,528,48,1073,1176540,1177613
0,34,3,382,544,48,1080,1177613,1178693
0,35,3,383,560,48,1087,1178693,1179780
0,36,3,384,576,48,1113,1179780,1180893
0,37,3,385,592,48,1134,1180893,1182027
0,38,3,386,608,48,1144,1182027,1183171
0,39,3,387,624,48,1182,1183171,1184353
0,40,3,388,640,48,1214,1184353,1185567
0,41,3,389,656,48,1253,1185567,1186820
0,42,3,390,672,48,1312,1186820,1188132
0,43,3,391,688,48,1408,1188132,1189540
0,44,3,392,704,48,1527,1189540,1191067
0,45,3,393,720,48,1671,1191067,1192738
0,46,3,394,736,48,1935,1192738,1194673
0,47,3,395,752,48,2397,1194673,1197070
0,48,3,396,768,48,3030,1197070,1200100
0,49,3,397,784,48,3628,1200100,1203728
0,50,3,398,800,48,3821,1203728,1207549
0,51,3,399,816,48,3909,1207549,1211458
0,52,3,400,832,48,3988,1211458,1215446
0,53,3,401,848,48,3809,1215446,1219255
0,54,3,402,864,48,3392,1219255,1222647
0,55,3,403,880,48,3042,1222647,1225689
0,56,3,404,896,48,2910,1225689,1228599
0,57,3,405,912,48,3044,1228599,1231643
0,58,3,406,928,48,3363,1231643,1235006
0,59,3,407,944,48,3636,1235006,1238642
0,60,3,408,960,48,3601,1238642,1242243
0,61,3,409,976,48,3498,1242243,1245741
0,62,3,410,992,48,3363,1245741,1249104
0,63,3,411,1008,48,3072,1249104,1252176
0,64,3,412,1024,48,2621,1252176,1254797
0,65,3,413,1040,48,2268,1254797,1257065
0,66,3,414,1056,48,2228,1257065,1259293
0,67,3,415,1072,48,2558,1259293,1261851
0,68,3,416,1088,48,3203,1261851,1265054
0,69,3,417,1104,48,3978,1265054,1269032
0,70,3,418,1120,48,4712,1269032,1273744
0,71,3,419,1136,48,5578,1273744,1279322
0,72,3,420,1152,48,6221,1279322,1285543
0,73,3,421,1168,48,6669,1285543,1292212
0,74,3,422,1184,48,6760,1292212,1298972
0,75,3,423,1200,48,6530,1298972,1305502
0,76,3,424,1216,48,6295,1305502,1311797
0,77,3,425,1232,48,6131,1311797,1317928
0,78,3,426,1248,48,6175,1317928,1324103
0,79,3,427,1264,48,6268,1324103,1330371
0,80,3,428,1280,48,6328,1330371,1336699
0,81,3,429,1296,48,6282,1336699,1342981
0,82,3,430,1312,48,6023,1342981,1349004
0,83,3,431,1328,48,5868,1349004,1354872
0,84,3,432,1344,48,5830,1354872,1360702
0,85,3,433,1360,48,6088,1360702,1366790
0,86,3,434,1376,48,6379,1366790,1373169
0,87,3,435,1392,48,6357,1373169,1379526
0,88,3,436,1408,48,6206,1379526,1385732
0,89,3,437,1424,48,6085,1385732,1391817
0,90,3,438,1440,48,6097,1391817,1397914
0,91,3,439,1456,48,6102,1397914,1404016
0,92,3,440,1472,48,5975,1404016,1409991
0,93,3,441,1488,48,5992,1409991,1415983
0,94,3,442,1504,48,5810,1415983,1421793
0,95,3,443,1520,48,5668,1421793,1427461
0,96,3,444,1536,48,5547,1427461,1433008
0,97,3,445,1552,48,5450,1433008,1438458
0,98,3,446,1568,48,5139,1438458,1443597
0,99,3,447,1584,48,4819,1443597,1448416
0,100,3,448,1600,48,4400,1448416,1452816
0,101,3,449,1616,48,4351,1452816,1457167
0,102,3,450,1632,48,4615,1457167,1461782
0,103,3,451,1648,48,4804,1461782,1466586
0,104,3,452,1664,48,4832,1466586,1471418
0,105,3,453,1680,48,4919,1471418,1476337
0,106,3,454,1696,48,4733,1476337,1481070
0,107,3,455,1712,48,4460,1481070,1485530
0,108,3,456,1728,48,4191,1485530,1489721
0,109,3,457,1744,48,4117,1489721,1493838
0,110,3,458,1760,48,4043,1493838,1497881
0,111,3,459,1776,48,3964,1497881,1501845
0,112,3,460,1792,48,3897,1501845,1505742
0,113,3,461,1808,48,3848,1505742,1509590
0,114,3,462,1824,48,3720,1509590,1513310
0,115,3,463,1840,48,3505,1513310,1516815
0,0,4,464,0,64,2317,1516815,1519132
0,1,4,465,16,64,2386,1519132,1521518
0,2,4,466,32,64,2403,1521518,1523921
0,3,4,467,48,64,2396,1523921,1526317
0,4,4,468,64,64,2392,1526317,1528709
0,5,4,469,80,64,2394,1528709,1531103
0,6,4,470,96,64,2326,1531103,1533429
0,7,4,471,112,64,2248,1533429,1535677
0,8,4,472,128,64,2113,1535677,1537790
0,9,4,473,144,64,2020,1537790,1539810
0,10,4,474,160,64,2017,1539810,1541827
0,11,4,475,176,64,2059,1541827,1543886
0,12,4,476,192,64,2148,1543886,1546034
0,13,4,477,208,64,2246,1546034,1548280
0,14,4,478,224,64,2338,1548280,1550618
0,15,4,479,240,64,2386,1550618,1553004
0,16,4,480,256,64,2341,1553004,1555345
0,17,4,481,272,64,2252,1555345,1557597
0,18,4,482,288,64,2163,1557597,1559760
0,19,4,483,304,64,2104,1559760,1561864
0,20,4,484,320,64,1986,1561864,1563850
0,21,4,485,336,64,1886,1563850,1565736
0,22,4,486,352,64,1755,1565736,1567491
0,23,4,487,368,64,1624,1567491,1569115
0,24,4,488,384,64,1537,1569115,1570652
0,25,4,489,400,64,1433,1570652,1572085
0,26,4,490,416,64,1325,1572085,1573410
0,27,4,491,432,64,1227,1573410,1574637
0,28,4,492,448,64,1176,1574637,1575813
0,29,4,493,464,64,1158,1575813,1576971
0,30,4,494,480,64,1133,1576971,1578104
0,31,4,495,496,64,1128,1578104,1579232
0,32,4,496,512,64,1118,1579232,1580350
0,33,4,497,528,64,1111,1580350,1581461
0,34,4,498,544,64,1110,1581461,1582571
0,35,4,499,560,64,1116,1582571,1583687
0,36,4,500,576,64,1137,1583687,1584824
0,37,4,501,592,64,1152,1584824,1585976
0,38,4,502,608,64,1162,1585976,1587138
0,39,4,503,624,64,1200,1587138,1588338
0,40,4,504,640,64,1227,1588338,1589565
0,41,4,505,656,64,1266,1589565,1590831
0,42,4,506,672,64,1328,1590831,1592159
0,43,4,507,688,64,1425,1592159,1593584
0,44,4,508,704,64,1545,1593584,1595129
0,45,4,509,720,64,1689,1595129,1596818
0,46,4,510,736,64,1962,1596818,1598780
0,47,4,511,752,64,2388,1598780,1601168
0,48,4,512,768,64,3006,1601168,1604174
0,49,4,513,784,64,3561,1604174,1607735
0,50,4,514,800,64,3747,1607735,1611482
0,51,4,515,816,64,3807,1611482,1615289
0,52,4,516,832,64,3850,1615289,1619139
0,53,4,517,848,64,3617,1619139,1622756
0,54,4,518,864,64,3153,1622756,1625909
0,55,4,519,880,64,2859,1625909,1628768
0,56,4,520,896,64,2737,1628768,1631505
0,57,4,521,912,64,2856,1631505,1634361
0,58,4,522,928,64,3165,1634361,1637526
0,59,4,523,944,64,3496,1637526,1641022
0,60,4,524,960,64,3473,1641022,1644495
0,61,4,525,976,64,3395,1644495,1647890
0,62,4,526,992,64,3298,1647890,1651188
0,63,4,527,1008,64,2992,1651188,1654180
0,64,4,528,1024,64,2567,1654180,1656747
0,65,4,529,1040,64,2285,1656747,1659032
0,66,4,530,1056,64,2240,1659032,1661272
0,67,4,531,1072,64,2572,1661272,1663844
0,68,4,532,1088,64,3220,1663844,1667064
0,69,4,533,1104,64,3973,1667064,1671037
0,70,4,534,1120,64,4744,1671037,1675781
0,71,4,535,1136,64,5619,1675781,1681400
0,72,4,536,1152,64,6344,1681400,1687744
0,73,4,537,1168,64,6811,1687744,1694555
0,74,4,538,1184,64,6732,1694555,1701287
0,75,4,539,1200,64,6402,1701287,1707689
0,76,4,540,1216,64,6249,1707689,1713938
0,77,4,541,1232,64,6174,1713938,1720112
0,78,4,542,1248,64,6170,1720112,1726282
0,79,4,543,1264,64,6175,1726282,1732457
0,80,4,544,1280,64,6113,1732457,1738570
0,81,4,545,1296,64,5960,1738570,1744530
0,82,4,546,1312,64,5732,1744530,1750262
0,83,4,547,1328,64,5708,1750262,1755970
0,84,4,548,1344,64,5836,1755970,1761806
0,85,4,549,1360,64,6124,1761806,1767930
0,86,4,550,1376,64,6401,1767930,1774331
0,87,4,551,1392,64,6365,1774331,1780696
0,88,4,552,1408,64,6016,1780696,1786712
0,89,4,553,1424,64,5764,1786712,1792476
0,90,4,554,1440,64,5695,1792476,1798171
0,91,4,555,1456,64,5780,1798171,1803951
0,92,4,556,1472,64,5697,1803951,1809648
0,93,4,557,1488,64,5699,1809648,1815347
0,94,4,558,1504,64,5554,1815347,1820901
0,95,4,559,1520,64,5402,1820901,1826303
0,96,4,560,1536,64,5263,1826303,1831566
0,97,4,561,1552,64,5198,1831566,1836764
0,98,4,562,1568,64,4988,1836764,1841752
0,99,4,563,1584,64,4750,1841752,1846502
0,100,4,564,1600,64,4325,1846502,1850827
0,101,4,565,1616,64,4200,1850827,1855027
0,102,4,566,1632,64,4300,1855027,1859327
0,103,4,567,1648,64,4421,1859327,1863748
0,104,4,568,1664,64,4481,1863748,1868229
0,105,4,569,1680,64,4559,1868229,1872788
0,106,4,570,1696,64,4489,1872788,1877277
0,107,4,571,1712,64,4347,1877277,1881624
0,108,4,572,1728,64,4261,1881624,1885885
0,109,4,573,1744,64,4228,1885885,1890113
0,110,4,574,1760,64,4142,1890113,1894255
0,111,4,575,1776,64,4079,1894255,1898334
0,112,4,576,1792,64,3974,1898334,1902308
0,113,4,577,1808,64,3882,1902308,1906190
0,114,4,578,1824,64,3702,1906190,1909892
0,115,4,579,1840,64,3450,1909892,1913342
0,0,5,580,0,80,2329,1913342,1915671
0,1,5,581,16,80,2417,1915671,1918088
0,2,5,582,32,80,2463,1918088,1920551
0,3,5,583,48,80,2483,1920551,1923034
0,4,5,584,64,80,2502,1923034,1925536
0,5,5,585,80,80,2533,1925536,1928069
0,6,5,586,96,80,2545,1928069,1930614
0,7,5,587,112,80,2531,1930614,1933145
0,8,5,588,128,80,2433,1933145,1935578
0,9,5,589,144,80,2397,1935578,1937975
0,10,5,590,160,80,2431,1937975,1940406
0,11,5,591,176,80,2574,1940406,1942980
0,12,5,592,192,80,2651,1942980,1945631
0,13,5,593,208,80,2770,1945631,1948401
0,14,5,594,224,80,2837,1948401,1951238
0,15,5,595,240,80,2882,1951238,1954120
0,16,5,596,256,80,2825,1954120,1956945
0,17,5,597,272,80,2799,1956945,1959744
0,18,5,598,288,80,2789,1959744,1962533
0,19,5,599,304,80,2790,1962533,1965323
0,20,5,600,320,80,2751,1965323,1968074
0,21,5,601,336,80,2598,1968074,1970672
0,22,5,602,352,80,2453,1970672,1973125
0,23,5,603,368,80,2295,1973125,1975420
0,24,5,604,384,80,2133,1975420,1977553
0,25,5,605,400,80,1912,1977553,1979465
0,26,5,606,416,80,1676,1979465,1981141
0,27,5,607,432,80,1485,1981141,1982626
0,28,5,608,448,80,1367,1982626,1983993
0,29,5,609,464,80,1278,1983993,1985271
0,30,5,610,480,80,1240,1985271,1986511
0,31,5,611,496,80,1214,1986511,1987725
0,32,5,612,512,80,1188,1987725,1988913
0,33,5,613,528,80,1168,1988913,1990081
0,34,5,614,544,80,1151,1990081,1991232
0,35,5,615,560,80,1159,1991232,1992391
0,36,5,616,576,80,1176,1992391,1993567
0,37,5,617,592,80,1188,1993567,1994755
0,38,5,618,608,80,1199,1994755,1995954
0,39,5,619,624,80,1231,1995954,1997185
0,40,5,620,640,80,1252,1997185,1998437
0,41,5,621,656,80,1290,1998437,1999727
0,42,5,622,672,80,1352,1999727,2001079
0,43,5,623,688,80,1458,2001079,2002537
0,44,5,624,704,80,1571,2002537,2004108
0,45,5,625,720,80,1715,2004108,2005823
0,46,5,626,736,80,1980,2005823,2007803
0,47,5,627,752,80,2392,2007803,2010195
0,48,5,628,768,80,2964,2010195,2013159
0,49,5,629,784,80,3523,2013159,2016682
0,50,5,630,800,80,3686,2016682,2020368
0,51,5,631,816,80,3731,2020368,2024099
0,52,5,632,832,80,3770,2024099,2027869
0,53,5,633,848,80,3492,2027869,2031361
0,54,5,634,864,80,3041,2031361,2034402
0,55,5,635,880,80,2773,2034402,2037175
0,56,5,636,896,80,2676,2037175,2039851
0,57,5,637,912,80,2806,2039851,2042657
0,58,5,638,928,80,3131,2042657,2045788
0,59,5,639,944,80,3479,2045788,2049267
0,60,5,640,960,80,3442,2049267,2052709
0,61,5,641,976,80,3371,2052709,2056080
0,62,5,642,992,80,3290,2056080,2059370
0,63,5,643,1008,80,2965,2059370,2062335
0,64,5,644,1024,80,2525,2062335,2064860
0,65,5,645,1040,80,2287,2064860,2067147
0,66,5,646,1056,80,2245,2067147,2069392
0,67,5,647,1072,80,2576,2069392,2071968
0,68,5,648,1088,80,3356,2071968,2075324
0,69,5,649,1104,80,4155,2075324,2079479
0,70,5,650,1120,80,4881,2079479,2084360
0,71,5,651,1136,80,5673,2084360,2090033
0,72,5,652,1152,80,6322,2090033,2096355
0,73,5,653,1168,80,6583,2096355,2102938
0,74,5,654,1184,80,6311,2102938,2109249
0,75,5,655,1200,80,6044,2109249,2115293
0,76,5,656,1216,80,5905,2115293,2121198
0,77,5,657,1232,80,5833,2121198,2127031
0,78,5,658,1248,80,5786,2127031,2132817
0,79,5,659,1264,80,5689,2132817,2138506
0,80,5,660,1280,80,5583,2138506,2144089
0,81,5,661,1296,80,5404,2144089,2149493
0,82,5,662,1312,80,5225,2149493,2154718
0,83,5,663,1328,80,5246,2154718,2159964
0,84,5,664,1344,80,5355,2159964,2165319
0,85,5,665,1360,80,5624,2165319,2170943
0,86,5,666,1376,80,5852,2170943,2176795
0,87,5,667,1392,80,5790,2176795,2182585
0,88,5,668,1408,80,5535,2182585,2188120
0,89,5,669,1424,80,5378,2188120,2193498
0,90,5,670,1440,80,5314,2193498,2198812
0,91,5,671,1456,80,5349,2198812,2204161
0,92,5,672,1472,80,5323,2204161,2209484
0,93,5,673,1488,80,5315,2209484,2214799
0,94,5,674,1504,80,5174,2214799,2219973
0,95,5,675,1520,80,4972,2219973,2224945
0,96,5,676,1536,80,4827,2224945,2229772
0,97,5,677,1552,80,4789,2229772,2234561
0,98,5,678,1568,80,4658,2234561,2239219
0,99,5,679,1584,80,4473,2239219,2243692
0,100,5,680,1600,80,4214,2243692,2247906
0,101,5,681,1616,80,4073,2247906,2251979
0,102,5,682,1632,80,4084,2251979,2256063
0,103,5,683,1648,80,4155,2256063,2260218
0,104,5,684,1664,80,4237,2260218,2264455
0,105,5,685,1680,80,4266,2264455,2268721
0,106,5,686,1696,80,4234,2268721,2272955
0,107,5,687,1712,80,4229,2272955,2277184
0,108,5,688,1728,80,4307,2277184,2281491
0,109,5,689,1744,80,4323,2281491,2285814
0,110,5,690,1760,80,4240,2285814,2290054
0,111,5,691,1776,80,4162,2290054,2294216
0,112,5,692,1792,80,4045,2294216,2298261
0,113,5,693,1808,80,3920,2298261,2302181
0,114,5,694,1824,80,3654,2302181,2305835
0,115,5,695,1840,80,3378,2305835,2309213
0,0,6,696,0,96,2300,2309213,2311513
0,1,6,697,16,96,2415,2311513,2313928
0,2,6,698,32,96,2496,2313928,2316424
0,3,6,699,48,96,2542,2316424,2318966
0,4,6,700,64,96,2627,2318966,2321593
0,5,6,701,80,96,2719,2321593,2324312
0,6,6,702,96,96,2823,2324312,2327135
0,7,6,703,112,96,2904,2327135,2330039
0,8,6,704,128,96,2867,2330039,2332906
0,9,6,705,144,96,2864,2332906,2335770
0,10,6,706,160,96,2881,2335770,2338651
0,11,6,707,176,96,3043,2338651,2341694
0,12,6,708,192,96,3080,2341694,2344774
0,13,6,709,208,96,3163,2344774,2347937
0,14,6,710,224,96,3269,2347937,2351206
0,15,6,711,240,96,3310,2351206,2354516
0,16,6,712,256,96,3316,2354516,2357832
0,17,6,713,272,96,3354,2357832,2361186
0,18,6,714,288,96,3404,2361186,2364590
0,19,6,715,304,96,3531,2364590,2368121
0,20,6,716,320,96,3571,2368121,2371692
0,21,6,717,336,96,3382,2371692,2375074
0,22,6,718,352,96,3234,2375074,2378308
0,23,6,719,368,96,3176,2378308,2381484
0,24,6,720,384,96,2998,2381484,2384482
0,25,6,721,400,96,2509,2384482,2386991
0,26,6,722,416,96,2084,2386991,2389075
0,27,6,723,432,96,1759,2389075,2390834
0,28,6,724,448,96,1562,2390834,2392396
0,29,6,725,464,96,1441,2392396,2393837
0,30,6,726,480,96,1366,2393837,2395203
0,31,6,727,496,96,1317,2395203,2396520
0,32,6,728,512,96,1272,2396520,2397792
0,33,6,729,528,96,1225,2397792,2399017
0,34,6,730,544,96,1201,2399017,2400218
0,35,6,731,560,96,1199,2400218,2401417
0,36,6,732,576,96,1215,2401417,2402632
0,37,6,733,592,96,1222,2402632,2403854
0,38,6,734,608,96,1231,2403854,2405085
0,39,6,735,624,96,1259,2405085,2406344
0,40,6,736,640,96,1290,2406344,2407634
0,41,6,737,656,96,1324,2407634,2408958
0,42,6,738,672,96,1382,2408958,2410340
0,43,6,739,688,96,1492,2410340,2411832
0,44,6,740,704,96,1606,2411832,2413438
0,45,6,741,720,96,1748,2413438,2415186
0,46,6,742,736,96,2007,2415186,2417193
0,47,6,743,752,96,2422,2417193,2419615
0,48,6,744,768,96,3022,2419615,2422637
0,49,6,745,784,96,3590,2422637,2426227
0,50,6,746,800,96,3755,2426227,2429982
0,51,6,747,816,96,3784,2429982,2433766
0,52,6,748,832,96,3810,2433766,2437576
0,53,6,749,848,96,3503,2437576,2441079
0,54,6,750,864,96,3016,2441079,2444095
0,55,6,751,880,96,2708,2444095,2446803
0,56,6,752,896,96,2621,2446803,2449424
0,57,6,753,912,96,2736,2449424,2452160
0,58,6,754,928,96,3099,2452160,2455259
0,59,6,755,944,96,3514,2455259,2458773
0,60,6,756,960,96,3507,2458773,2462280
0,61,6,757,976,96,3443,2462280,2465723
0,62,6,758,992,96,3350,2465723,2469073
0,63,6,759,1008,96,2956,2469073,2472029
0,64,6,760,1024,96,2493,2472029,2474522
0,65,6,761,1040,96,2270,2474522,2476792
0,66,6,762,1056,96,2267,2476792,2479059
0,67,6,763,1072,96,2633,2479059,2481692
0,68,6,764,1088,96,3361,2481692,2485053
0,69,6,765,1104,96,4313,2485053,2489366
0,70,6,766,1120,96,4967,2489366,2494333
0,71,6,767,1136,96,5633,2494333,2499966
0,72,6,768,1152,96,6162,2499966,2506128
0,73,6,769,1168,96,6162,2506128,2512290
0,74,6,770,1184,96,5803,2512290,2518093
0,75,6,771,1200,96,5749,2518093,2523842
0,76,6,772,1216,96,5657,2523842,2529499
0,77,6,773,1232,96,5518,2529499,2535017
0,78,6,774,1248,96,5387,2535017,2540404
0,79,6,775,1264,96,5247,2540404,2545651
0,80,6,776,1280,96,5149,2545651,2550800
0,81,6,777,1296,96,5000,2550800,2555800
0,82,6,778,1312,96,4928,2555800,2560728
0,83,6,779,1328,96,4938,2560728,2565666
0,84,6,780,1344,96,5040,2565666,2570706
0,85,6,781,1360,96,5400,2570706,2576106
0,86,6,782,1376,96,5591,2576106,2581697
0,87,6,783,1392,96,5485,2581697,2587182
0,88,6,784,1408,96,5264,2587182,2592446
0,89,6,785,1424,96,5254,2592446,2597700
0,90,6,786,1440,96,5265,2597700,2602965
0,91,6,787,1456,96,5307,2602965,2608272
0,92,6,788,1472,96,5253,2608272,2613525
0,93,6,789,1488,96,5191,2613525,2618716
0,94,6,790,1504,96,4964,2618716,2623680
0,95,6,791,1520,96,4690,2623680,2628370
0,96,6,792,1536,96,4529,2628370,2632899
0,97,6,793,1552,96,4496,2632899,2637395
0,98,6,794,1568,96,4402,2637395,2641797
0,99,6,795,1584,96,4317,2641797,2646114
0,100,6,796,1600,96,4250,2646114,2650364
0,101,6,797,1616,96,4184,2650364,2654548
0,102,6,798,1632,96,4154,2654548,2658702
0,103,6,799,1648,96,4213,2658702,2662915
0,104,6,800,1664,96,4206,2662915,2667121
0,105,6,801,1680,96,4191,2667121,2671312
0,106,6,802,1696,96,4182,2671312,2675494
0,107,6,803,1712,96,4198,2675494,2679692
0,108,6,804,1728,96,4345,2679692,2684037
0,109,6,805,1744,96,4395,2684037,2688432
0,110,6,806,1760,96,4317,2688432,2692749
0,111,6,807,1776,96,4220,2692749,2696969
0,112,6,808,1792,96,4094,2696969,2701063
0,113,6,809,1808,96,3920,2701063,2704983
0,114,6,810,1824,96,3591,2704983,2708574
0,115,6,811,1840,96,3296,2708574,2711870
0,0,7,812,0,112,2300,2711870,2714170
0,1,7,813,16,112,2434,2714170,2716604
0,2,7,814,32,112,2559,2716604,2719163
0,3,7,815,48,112,2670,2719163,2721833
0,4,7,816,64,112,2810,2721833,2724643
0,5,7,817,80,112,3020,2724643,2727663
0,6,7,818,96,112,3234,2727663,2730897
0,7,7,819,112,112,3445,2730897,2734342
0,8,7,820,128,112,3417,2734342,2737759
0,9,7,821,144,112,3317,2737759,2741076
0,10,7,822,160,112,3273,2741076,2744349
0,11,7,823,176,112,3348,2744349,2747697
0,12,7,824,192,112,3359,2747697,2751056
0,13,7,825,208,112,3501,2751056,2754557
0,14,7,826,224,112,3720,2754557,2758277
0,15,7,827,240,112,3820,2758277,2762097
0,16,7,828,256,112,3844,2762097,2765941
0,17,7,829,272,112,4011,2765941,2769952
0,18,7,830,288,112,4231,2769952,2774183
0,19,7,831,304,112,4531,2774183,2778714
0,20,7,832,320,112,4550,2778714,2783264
0,21,7,833,336,112,4375,2783264,2787639
0,22,7,834,352,112,4116,2787639,2791755
0,23,7,835,368,112,4011,2791755,2795766
0,24,7,836,384,112,3742,2795766,2799508
0,25,7,837,400,112,3079,2799508,2802587
0,26,7,838,416,112,2543,2802587,2805130
0,27,7,839,432,112,2153,2805130,2807283
0,28,7,840,448,112,1920,2807283,2809203
0,29,7,841,464,112,1763,2809203,2810966
0,30,7,842,480,112,1638,2810966,2812604
0,31,7,843,496,112,1557,2812604,2814161
0,32,7,844,512,112,1451,2814161,2815612
0,33,7,845,528,112,1350,2815612,2816962
0,34,7,846,544,112,1284,2816962,2818246
0,35,7,847,560,112,1259,2818246,2819505
0,36,7,848,576,112,1271,2819505,2820776
0,37,7,849,592,112,1276,2820776,2822052
0,38,7,850,608,112,1281,2822052,2823333
0,39,7,851,624,112,1304,2823333,2824637
0,40,7,852,640,112,1341,2824637,2825978
0,41,7,853,656,112,1380,2825978,2827358
0,42,7,854,672,112,1436,2827358,2828794
0,43,7,855,688,112,1546,2828794,2830340
0,44,7,856,704,112,1660,2830340,2832000
0,45,7,857,720,112,1800,2832000,2833800
0,46,7,858,736,112,2046,2833800,2835846
0,47,7,859,752,112,2456,2835846,2838302
0,48,7,860,768,112,3026,2838302,2841328
0,49,7,861,784,112,3542,2841328,2844870
0,50,7,862,800,112,3667,2844870,2848537
0,51,7,863,816,112,3685,2848537,2852222
0,52,7,864,832,112,3699,2852222,2855921
0,53,7,865,848,112,3408,2855921,2859329
0,54,7,866,864,112,2937,2859329,2862266
0,55,7,867,880,112,2627,2862266,2864893
0,56,7,868,896,112,2538,2864893,2867431
0,57,7,869,912,112,2711,2867431,2870142
0,58,7,870,928,112,3131,2870142,2873273
0,59,7,871,944,112,3652,2873273,2876925
0,60,7,872,960,112,3782,2876925,2880707
0,61,7,873,976,112,3719,2880707,2884426
0,62,7,874,992,112,3514,2884426,2887940
0,63,7,875,1008,112,3037,2887940,2890977
0,64,7,876,1024,112,2516,2890977,2893493
0,65,7,877,1040,112,2256,2893493,2895749
0,66,7,878,1056,112,2264,2895749,2898013
0,67,7,879,1072,112,2646,2898013,2900659
0,68,7,880,1088,112,3459,2900659,2904118
0,69,7,881,1104,112,4482,2904118,2908600
0,70,7,882,1120,112,5060,2908600,2913660
0,71,7,883,1136,112,5623,2913660,2919283
0,72,7,884,1152,112,6067,2919283,2925350
0,73,7,885,1168,112,5860,2925350,2931210
0,74,7,886,1184,112,5417,2931210,2936627
0,75,7,887,1200,112,5386,2936627,2942013
0,76,7,888,1216,112,5452,2942013,2947465
0,77,7,889,1232,112,5398,2947465,2952863
0,78,7,890,1248,112,5351,2952863,2958214
0,79,7,891,1264,112,5330,2958214,2963544
0,80,7,892,1280,112,5289,2963544,2968833
0,81,7,893,1296,112,5185,2968833,2974018
0,82,7,894,1312,112,5002,2974018,2979020
0,83,7,895,1328,112,4938,2979020,2983958
0,84,7,896,1344,112,5054,2983958,2989012
0,85,7,897,1360,112,5434,2989012,2994446
0,86,7,898,1376,112,5660,2994446,3000106
0,87,7,899,1392,112,5547,3000106,3005653
0,88,7,900,1408,112,5281,3005653,3010934
0,89,7,901,1424,112,5293,3010934,3016227
0,90,7,902,1440,112,5488,3016227,3021715
0,91,7,903,1456,112,5573,3021715,3027288
0,92,7,904,1472,112,5472,3027288,3032760
0,93,7,905,1488,112,5327,3032760,3038087
0,94,7,906,1504,112,4983,3038087,3043070
0,95,7,907,1520,112,4671,3043070,3047741
0,96,7,908,1536,112,4468,3047741,3052209
0,97,7,909,1552,112,4398,3052209,3056607
0,98,7,910,1568,112,4337,3056607,3060944
0,99,7,911,1584,112,4363,3060944,3065307
0,100,7,912,1600,112,4518,3065307,3069825
0,101,7,913,1616,112,4591,3069825,3074416
0,102,7,914,1632,112,4683,3074416,3079099
0,103,7,915,1648,112,4803,3079099,3083902
0,104,7,916,1664,112,4759,3083902,3088661
0,105,7,917,1680,112,4519,3088661,3093180
0,106,7,918,1696,112,4445,3093180,3097625
0,107,7,919,1712,112,4369,3097625,3101994
0,108,7,920,1728,112,4446,3101994,3106440
0,109,7,921,1744,112,4459,3106440,3110899
0,110,7,922,1760,112,4363,3110899,3115262
0,111,7,923,1776,112,4267,3115262,3119529
0,112,7,924,1792,112,4126,3119529,3123655
0,113,7,925,1808,112,3884,3123655,3127539
0,114,7,926,1824,112,3505,3127539,3131044
0,115,7,927,1840,112,3206,3131044,3134250
0,0,8,928,0,128,2293,3134250,3136543
0,1,8,929,16,128,2454,3136543,3138997
0,2,8,930,32,128,2625,3138997,3141622
0,3,8,931,48,128,2820,3141622,3144442
0,4,8,932,64,128,3071,3144442,3147513
0,5,8,933,80,128,3389,3147513,3150902
0,6,8,934,96,128,3709,3150902,3154611
0,7,8,935,112,128,3947,3154611,3158558
0,8,8,936,128,128,4006,3158558,3162564
0,9,8,937,144,128,3920,3162564,3166484
0,10,8,938,160,128,3820,3166484,3170304
0,11,8,939,176,128,3761,3170304,3174065
0,12,8,940,192,128,3773,3174065,3177838
0,13,8,941,208,128,3972,3177838,3181810
0,14,8,942,224,128,4283,3181810,3186093
0,15,8,943,240,128,4361,3186093,3190454
0,16,8,944,256,128,4343,3190454,3194797
0,17,8,945,272,128,4555,3194797,3199352
0,18,8,946,288,128,5036,3199352,3204388
0,19,8,947,304,128,5444,3204388,3209832
0,20,8,948,320,128,5500,3209832,3215332
0,21,8,949,336,128,5318,3215332,3220650
0,22,8,950,352,128,5001,3220650,3225651
0,23,8,951,368,128,4529,3225651,3230180
0,24,8,952,384,128,4029,3230180,3234209
0,25,8,953,400,128,3459,3234209,3237668
0,26,8,954,416,128,2981,3237668,3240649
0,27,8,955,432,128,2629,3240649,3243278
0,28,8,956,448,128,2435,3243278,3245713
0,29,8,957,464,128,2206,3245713,3247919
0,30,8,958,480,128,1994,3247919,3249913
0,31,8,959,496,128,1858,3249913,3251771
0,32,8,960,512,128,1655,3251771,3253426
0,33,8,961,528,128,1478,3253426,3254904
0,34,8,962,544,128,1362,3254904,3256266
0,35,8,963,560,128,1316,3256266,3257582
0,36,8,964,576,128,1309,3257582,3258891
0,37,8,965,592,128,1313,3258891,3260204
0,38,8,966,608,128,1327,3260204,3261531
0,39,8,967,624,128,1355,3261531,3262886
0,40,8,968,640,128,1406,3262886,3264292
0,41,8,969,656,128,1468,3264292,3265760
0,42,8,970,672,128,1536,3265760,3267296
0,43,8,971,688,128,1656,3267296,3268952
0,44,8,972,704,128,1765,3268952,3270717
0,45,8,973,720,128,1895,3270717,3272612
0,46,8,974,736,128,2137,3272612,3274749
0,47,8,975,752,128,2557,3274749,3277306
0,48,8,976,768,128,3052,3277306,3280358
0,49,8,977,784,128,3444,3280358,3283802
0,50,8,978,800,128,3523,3283802,3287325
0,51,8,979,816,128,3524,3287325,3290849
0,52,8,980,832,128,3530,3290849,3294379
0,53,8,981,848,128,3252,3294379,3297631
0,54,8,982,864,128,2840,3297631,3300471
0,55,8,983,880,128,2547,3300471,3303018
0,56,8,984,896,128,2465,3303018,3305483
0,57,8,985,912,128,2641,3305483,3308124
0,58,8,986,928,128,3164,3308124,3311288
0,59,8,987,944,128,3773,3311288,3315061
0,60,8,988,960,128,3912,3315061,3318973
0,61,8,989,976,128,3864,3318973,3322837
0,62,8,990,992,128,3641,3322837,3326478
0,63,8,991,1008,128,3056,3326478,3329534
0,64,8,992,1024,128,2461,3329534,3331995
0,65,8,993,1040,128,2218,3331995,3334213
0,66,8,994,1056,128,2240,3334213,3336453
0,67,8,995,1072,128,2618,3336453,3339071
0,68,8,996,1088,128,3457,3339071,3342528
0,69,8,997,1104,128,4563,3342528,3347091
0,70,8,998,1120,128,4951,3347091,3352042
0,71,8,999,1136,128,5354,3352042,3357396
0,72,8,1000,1152,128,5628,3357396,3363024
0,73,8,1001,1168,128,5186,3363024,3368210
0,74,8,1002,1184,128,4668,3368210,3372878
0,75,8,1003,1200,128,4685,3372878,3377563
0,76,8,1004,1216,128,4854,3377563,3382417
0,77,8,1005,1232,128,5062,3382417,3387479
0,78,8,1006,1248,128,5211,3387479,3392690
0,79,8,1007,1264,128,5400,3392690,3398090
0,80,8,1008,1280,128,5523,3398090,3403613
0,81,8,1009,1296,128,5518,3403613,3409131
0,82,8,1010,1312,128,5286,3409131,3414417
0,83,8,1011,1328,128,5151,3414417,3419568
0,84,8,1012,1344,128,5117,3419568,3424685
0,85,8,1013,1360,128,5430,3424685,3430115
0,86,8,1014,1376,128,5543,3430115,3435658
0,87,8,1015,1392,128,5470,3435658,3441128
0,88,8,1016,1408,128,5380,3441128,3446508
0,89,8,1017,1424,128,5400,3446508,3451908
0,90,8,1018,1440,128,5567,3451908,3457475
0,91,8,1019,1456,128,5674,3457475,3463149
0,92,8,1020,1472,128,5624,3463149,3468773
0,93,8,1021,1488,128,5477,3468773,3474250
0,94,8,1022,1504,128,5170,3474250,3479420
0,95,8,1023,1520,128,4886,3479420,3484306
0,96,8,1024,1536,128,4682,3484306,3488988
0,97,8,1025,1552,128,4519,3488988,3493507
0,98,8,1026,1568,128,4460,3493507,3497967
0,99,8,1027,1584,128,4516,3497967,3502483
0,100,8,1028,1600,128,4765,3502483,3507248
0,101,8,1029,1616,128,5002,3507248,3512250
0,102,8,1030,1632,128,5342,3512250,3517592
0,103,8,1031,1648,128,5427,3517592,3523019
0,104,8,1032,1664,128,5294,3523019,3528313
0,105,8,1033,1680,128,4936,3528313,3533249
0,106,8,1034,1696,128,4671,3533249,3537920
0,107,8,1035,1712,128,4522,3537920,3542442
0,108,8,1036,1728,128,4479,3542442,3546921
0,109,8,1037,1744,128,4460,3546921,3551381
0,110,8,1038,1760,128,4375,3551381,3555756
0,111,8,1039,1776,128,4317,3555756,3560073
0,112,8,1040,1792,128,4173,3560073,3564246
0,113,8,1041,1808,128,3858,3564246,3568104
0,114,8,1042,1824,128,3448,3568104,3571552
0,115,8,1043,1840,128,3122,3571552,3574674
0,0,9,1044,0,144,2292,3574674,3576966
0,1,9,1045,16,144,2460,3576966,3579426
0,2,9,1046,32,144,2692,3579426,3582118
0,3,9,1047,48,144,2968,3582118,3585086
0,4,9,1048,64,144,3318,3585086,3588404
0,5,9,1049,80,144,3784,3588404,3592188
0,6,9,1050,96,144,4250,3592188,3596438
0,7,9,1051,112,144,4481,3596438,3600919
0,8,9,1052,128,144,4600,3600919,3605519
0,9,9,1053,144,144,4715,3605519,3610234
0,10,9,1054,160,144,4579,3610234,3614813
0,11,9,1055,176,144,4426,3614813,3619239
0,12,9,1056,192,144,4428,3619239,3623667
0,13,9,1057,208,144,4583,3623667,3628250
0,14,9,1058,224,144,4833,3628250,3633083
0,15,9,1059,240,144,4767,3633083,3637850
0,16,9,1060,256,144,4721,3637850,3642571
0,17,9,1061,272,144,5025,3642571,3647596
0,18,9,1062,288,144,5528,3647596,3653124
0,19,9,1063,304,144,6016,3653124,3659140
0,20,9,1064,320,144,6045,3659140,3665185
0,21,9,1065,336,144,5887,3665185,3671072
0,22,9,1066,352,144,5425,3671072,3676497
0,23,9,1067,368,144,4819,3676497,3681316
0,24,9,1068,384,144,4393,3681316,3685709
0,25,9,1069,400,144,3882,3685709,3689591
0,26,9,1070,416,144,3619,3689591,3693210
0,27,9,1071,432,144,3425,3693210,3696635
0,28,9,1072,448,144,3223,3696635,3699858
0,29,9,1073,464,144,2832,3699858,3702690
0,30,9,1074,480,144,2462,3702690,3705152
0,31,9,1075,496,144,2254,3705152,3707406
0,32,9,1076,512,144,1914,3707406,3709320
0,33,9,1077,528,144,1660,3709320,3710980
0,34,9,1078,544,144,1504,3710980,3712484
0,35,9,1079,560,144,1431,3712484,3713915
0,36,9,1080,576,144,1397,3713915,3715312
0,37,9,1081,592,144,1385,3715312,3716697
0,38,9,1082,608,144,1411,3716697,3718108
0,39,9,1083,624,144,1462,3718108,3719570
0,40,9,1084,640,144,1543,3719570,3721113
0,41,9,1085,656,144,1634,3721113,3722747
0,42,9,1086,672,144,1712,3722747,3724459
0,43,9,1087,688,144,1851,3724459,3726310
0,44,9,1088,704,144,1977,3726310,3728287
0,45,9,1089,720,144,2107,3728287,3730394
0,46,9,1090,736,144,2320,3730394,3732714
0,47,9,1091,752,144,2657,3732714,3735371
0,48,9,1092,768,144,3090,3735371,3738461
0,49,9,1093,784,144,3380,3738461,3741841
0,50,9,1094,800,144,3399,3741841,3745240
0,51,9,1095,816,144,3376,3745240,3748616
0,52,9,1096,832,144,3377,3748616,3751993
0,53,9,1097,848,144,3127,3751993,3755120
0,54,9,1098,864,144,2745,3755120,3757865
0,55,9,1099,880,144,2496,3757865,3760361
0,56,9,1100,896,144,2442,3760361,3762803
0,57,9,1101,912,144,2646,3762803,3765449
0,58,9,1102,928,144,3222,3765449,3768671
0,59,9,1103,944,144,3878,3768671,3772549
0,60,9,1104,960,144,3935,3772549,3776484
0,61,9,1105,976,144,3908,3776484,3780392
0,62,9,1106,992,144,3773,3780392,3784165
0,63,9,1107,1008,144,3124,3784165,3787289
0,64,9,1108,1024,144,2443,3787289,3789732
0,65,9,1109,1040,144,2221,3789732,3791953
0,66,9,1110,1056,144,2273,3791953,3794226
0,67,9,1111,1072,144,2662,3794226,3796888
0,68,9,1112,1088,144,3563,3796888,3800451
0,69,9,1113,1104,144,4576,3800451,3805027
0,70,9,1114,1120,144,4794,3805027,3809821
0,71,9,1115,1136,144,5023,3809821,3814844
0,72,9,1116,1152,144,5124,3814844,3819968
0,73,9,1117,1168,144,4490,3819968,3824458
0,74,9,1118,1184,144,3781,3824458,3828239
0,75,9,1119,1200,144,3757,3828239,3831996
0,76,9,1120,1216,144,4032,3831996,3836028
0,77,9,1121,1232,144,4540,3836028,3840568
0,78,9,1122,1248,144,4852,3840568,3845420
0,79,9,1123,1264,144,5111,3845420,3850531
0,80,9,1124,1280,144,5412,3850531,3855943
0,81,9,1125,1296,144,5379,3855943,3861322
0,82,9,1126,1312,144,5139,3861322,3866461
0,83,9,1127,1328,144,5104,3866461,3871565
0,84,9,1128,1344,144,5154,3871565,3876719
0,85,9,1129,1360,144,5394,3876719,3882113
0,86,9,1130,1376,144,5438,3882113,3887551
0,87,9,1131,1392,144,5351,3887551,3892902
0,88,9,1132,1408,144,5348,3892902,3898250
0,89,9,1133,1424,144,5482,3898250,3903732
0,90,9,1134,1440,144,5561,3903732,3909293
0,91,9,1135,1456,144,5565,3909293,3914858
0,92,9,1136,1472,144,5457,3914858,3920315
0,93,9,1137,1488,144,5327,3920315,3925642
0,94,9,1138,1504,144,5016,3925642,3930658
0,95,9,1139,1520,144,4787,3930658,3935445
0,96,9,1140,1536,144,4645,3935445,3940090
0,97,9,1141,1552,144,4515,3940090,3944605
0,98,9,1142,1568,144,4559,3944605,3949164
0,99,9,1143,1584,144,4659,3949164,3953823
0,100,9,1144,1600,144,4915,3953823,3958738
0,101,9,1145,1616,144,5215,3958738,3963953
0,102,9,1146,1632,144,5584,3963953,3969537
0,103,9,1147,1648,144,5583,3969537,3975120
0,104,9,1148,1664,144,5379,3975120,3980499
0,105,9,1149,1680,144,5080,3980499,3985579
0,106,9,1150,1696,144,4720,3985579,3990299
0,107,9,1151,1712,144,4507,3990299,3994806
0,108,9,1152,1728,144,4369,3994806,3999175
0,109,9,1153,1744,144,4336,3999175,4003511
0,110,9,1154,1760,144,4290,4003511,4007801
0,111,9,1155,1776,144,4245,4007801,4012046
0,112,9,1156,1792,144,4097,4012046,4016143
0,113,9,1157,1808,144,3751,4016143,4019894
0,114,9,1158,1824,144,3315,4019894,4023209
0,115,9,1159,1840,144,2960,4023209,4026169
0,0,10,1160,0,160,2267,4026169,4028436
0,1,10,1161,16,160,2459,4028436,4030895
0,2,10,1162,32,160,2729,4030895,4033624
0,3,10,1163,48,160,3078,4033624,4036702
0,4,10,1164,64,160,3520,4036702,4040222
0,5,10,1165,80,160,4086,4040222,4044308
0,6,10,1166,96,160,4653,4044308,4048961
0,7,10,1167,112,160,4950,4048961,4053911
0,8,10,1168,128,160,5025,4053911,4058936
0,9,10,1169,144,160,5092,4058936,4064028
0,10,10,1170,160,160,5033,4064028,4069061
0,11,10,1171,176,160,4894,4069061,4073955
0,12,10,1172,192,160,4823,4073955,4078778
0,13,10,1173,208,160,4816,4078778,4083594
0,14,10,1174,224,160,4928,4083594,4088522
0,15,10,1175,240,160,4922,4088522,4093444
0,16,10,1176,256,160,5037,4093444,4098481
0,17,10,1177,272,160,5467,4098481,4103948
0,18,10,1178,288,160,6031,4103948,4109979
0,19,10,1179,304,160,6376,4109979,4116355
0,20,10,1180,320,160,6410,4116355,4122765
0,21,10,1181,336,160,6349,4122765,4129114
0,22,10,1182,352,160,6043,4129114,4135157
0,23,10,1183,368,160,5405,4135157,4140562
0,24,10,1184,384,160,4868,4140562,4145430
0,25,10,1185,400,160,4421,4145430,4149851
0,26,10,1186,416,160,4249,4149851,4154100
0,27,10,1187,432,160,4231,4154100,4158331
0,28,10,1188,448,160,4108,4158331,4162439
0,29,10,1189,464,160,3630,4162439,4166069
0,30,10,1190,480,160,3057,4166069,4169126
0,31,10,1191,496,160,2744,4169126,4171870
0,32,10,1192,512,160,2263,4171870,4174133
0,33,10,1193,528,160,1911,4174133,4176044
0,34,10,1194,544,160,1704,4176044,4177748
0,35,10,1195,560,160,1574,4177748,4179322
0,36,10,1196,576,160,1508,4179322,4180830
0,37,10,1197,592,160,1497,4180830,4182327
0,38,10,1198,608,160,1535,4182327,4183862
0,39,10,1199,624,160,1595,4183862,4185457
0,40,10,1200,640,160,1706,4185457,4187163
0,41,10,1201,656,160,1868,4187163,4189031
0,42,10,1202,672,160,1993,4189031,4191024
0,43,10,1203,688,160,2147,4191024,4193171
0,44,10,1204,704,160,2325,4193171,4195496
0,45,10,1205,720,160,2489,4195496,4197985
0,46,10,1206,736,160,2648,4197985,4200633
0,47,10,1207,752,160,2894,4200633,4203527
0,48,10,1208,768,160,3198,4203527,4206725
0,49,10,1209,784,160,3371,4206725,4210096
0,50,10,1210,800,160,3333,4210096,4213429
0,51,10,1211,816,160,3269,4213429,4216698
0,52,10,1212,832,160,3244,4216698,4219942
0,53,10,1213,848,160,2993,4219942,4222935
0,54,10,1214,864,160,2689,4222935,4225624
0,55,10,1215,880,160,2461,4225624,4228085
0,56,10,1216,896,160,2404,4228085,4230489
0,57,10,1217,912,160,2621,4230489,4233110
0,58,10,1218,928,160,3262,4233110,4236372
0,59,10,1219,944,160,3935,4236372,4240307
0,60,10,1220,960,160,4013,4240307,4244320
0,61,10,1221,976,160,4003,4244320,4248323
0,62,10,1222,992,160,3881,4248323,4252204
0,63,10,1223,1008,160,3191,4252204,4255395
0,64,10,1224,1024,160,2461,4255395,4257856
0,65,10,1225,1040,160,2241,4257856,4260097
0,66,10,1226,1056,160,2324,4260097,4262421
0,67,10,1227,1072,160,2768,4262421,4265189
0,68,10,1228,1088,160,3722,4265189,4268911
0,69,10,1229,1104,160,4545,4268911,4273456
0,70,10,1230,1120,160,4640,4273456,4278096
0,71,10,1231,1136,160,4765,4278096,4282861
0,72,10,1232,1152,160,4806,4282861,4287667
0,73,10,1233,1168,160,4123,4287667,4291790
0,74,10,1234,1184,160,3365,4291790,4295155
0,75,10,1235,1200,160,3409,4295155,4298564
0,76,10,1236,1216,160,3770,4298564,4302334
0,77,10,1237,1232,160,4468,4302334,4306802
0,78,10,1238,1248,160,4819,4306802,4311621
0,79,10,1239,1264,160,5018,4311621,4316639
0,80,10,1240,1280,160,5294,4316639,4321933
0,81,10,1241,1296,160,5274,4321933,4327207
0,82,10,1242,1312,160,5092,4327207,4332299
0,83,10,1243,1328,160,5163,4332299,4337462
0,84,10,1244,1344,160,5217,4337462,4342679
0,85,10,1245,1360,160,5305,4342679,4347984
0,86,10,1246,1376,160,5267,4347984,4353251
0,87,10,1247,1392,160,5206,4353251,4358457
0,88,10,1248,1408,160,5289,4358457,4363746
0,89,10,1249,1424,160,5503,4363746,4369249
0,90,10,1250,1440,160,5514,4369249,4374763
0,91,10,1251,1456,160,5367,4374763,4380130
0,92,10,1252,1472,160,5241,4380130,4385371
0,93,10,1253,1488,160,5113,4385371,4390484
0,94,10,1254,1504,160,4904,4390484,4395388
0,95,10,1255,1520,160,4708,4395388,4400096
0,96,10,1256,1536,160,4647,4400096,4404743
0,97,10,1257,1552,160,4604,4404743,4409347
0,98,10,1258,1568,160,4703,4409347,4414050
0,99,10,1259,1584,160,4893,4414050,4418943
0,100,10,1260,1600,160,5284,4418943,4424227
0,101,10,1261,1616,160,5511,4424227,4429738
0,102,10,1262,1632,160,5642,4429738,4435380
0,103,10,1263,1648,160,5508,4435380,4440888
0,104,10,1264,1664,160,5335,4440888,4446223
0,105,10,1265,1680,160,5091,4446223,4451314
0,106,10,1266,1696,160,4742,4451314,4456056
0,107,10,1267,1712,160,4531,4456056,4460587
0,108,10,1268,1728,160,4358,4460587,4464945
0,109,10,1269,1744,160,4331,4464945,4469276
0,110,10,1270,1760,160,4314,4469276,4473590
0,111,10,1271,1776,160,4275,4473590,4477865
0,112,10,1272,1792,160,4083,4477865,4481948
0,113,10,1273,1808,160,3707,4481948,4485655
0,114,10,1274,1824,160,3236,4485655,4488891
0,115,10,1275,1840,160,2850,4488891,4491741
0,0,11,1276,0,176,2212,4491741,4493953
0,1,11,1277,16,176,2418,4493953,4496371
0,2,11,1278,32,176,2734,4496371,4499105
0,3,11,1279,48,176,3149,4499105,4502254
0,4,11,1280,64,176,3644,4502254,4505898
0,5,11,1281,80,176,4236,4505898,4510134
0,6,11,1282,96,176,4857,4510134,4514991
0,7,11,1283,112,176,5268,4514991,4520259
0,8,11,1284,128,176,5315,4520259,4525574
0,9,11,1285,144,176,5263,4525574,4530837
0,10,11,1286,160,176,5196,4530837,4536033
0,11,11,1287,176,176,5096,4536033,4541129
0,12,11,1288,192,176,4926,4541129,4546055
0,13,11,1289,208,176,4853,4546055,4550908
0,14,11,1290,224,176,4854,4550908,4555762
0,15,11,1291,240,176,4974,4555762,4560736
0,16,11,1292,256,176,5187,4560736,4565923
0,17,11,1293,272,176,5530,4565923,4571453
0,18,11,1294,288,176,6029,4571453,4577482
0,19,11,1295,304,176,6393,4577482,4583875
0,20,11,1296,320,176,6538,4583875,4590413
0,21,11,1297,336,176,6554,4590413,4596967
0,22,11,1298,352,176,6323,4596967,4603290
0,23,11,1299,368,176,5651,4603290,4608941
0,24,11,1300,384,176,5053,4608941,4613994
0,25,11,1301,400,176,4738,4613994,4618732
0,26,11,1302,416,176,4572,4618732,4623304
0,27,11,1303,432,176,4694,4623304,4627998
0,28,11,1304,448,176,4695,4627998,4632693
0,29,11,1305,464,176,4301,4632693,4636994
0,30,11,1306,480,176,3589,4636994,4640583
0,31,11,1307,496,176,3193,4640583,4643776
0,32,11,1308,512,176,2654,4643776,4646430
0,33,11,1309,528,176,2257,4646430,4648687
0,34,11,1310,544,176,1999,4648687,4650686
0,35,11,1311,560,176,1856,4650686,4652542
0,36,11,1312,576,176,1784,4652542,4654326
0,37,11,1313,592,176,1767,4654326,4656093
0,38,11,1314,608,176,1800,4656093,4657893
0,39,11,1315,624,176,1847,4657893,4659740
0,40,11,1316,640,176,1958,4659740,4661698
0,41,11,1317,656,176,2116,4661698,4663814
0,42,11,1318,672,176,2241,4663814,4666055
0,43,11,1319,688,176,2413,4666055,4668468
0,44,11,1320,704,176,2687,4668468,4671155
0,45,11,1321,720,176,2962,4671155,4674117
0,46,11,1322,736,176,3155,4674117,4677272
0,47,11,1323,752,176,3333,4677272,4680605
0,48,11,1324,768,176,3486,4680605,4684091
0,49,11,1325,784,176,3559,4684091,4687650
0,50,11,1326,800,176,3459,4687650,4691109
0,51,11,1327,816,176,3332,4691109,4694441
0,52,11,1328,832,176,3269,4694441,4697710
0,53,11,1329,848,176,2995,4697710,4700705
0,54,11,1330,864,176,2707,4700705,4703412
0,55,11,1331,880,176,2468,4703412,4705880
0,56,11,1332,896,176,2421,4705880,4708301
0,57,11,1333,912,176,2643,4708301,4710944
0,58,11,1334,928,176,3237,4710944,4714181
0,59,11,1335,944,176,3812,4714181,4717993
0,60,11,1336,960,176,3917,4717993,4721910
0,61,11,1337,976,176,3949,4721910,4725859
0,62,11,1338,992,176,3859,4725859,4729718
0,63,11,1339,1008,176,3256,4729718,4732974
0,64,11,1340,1024,176,2621,4732974,4735595
0,65,11,1341,1040,176,2400,4735595,4737995
0,66,11,1342,1056,176,2499,4737995,4740494
0,67,11,1343,1072,176,2980,4740494,4743474
0,68,11,1344,1088,176,3895,4743474,4747369
0,69,11,1345,1104,176,4578,4747369,4751947
0,70,11,1346,1120,176,4652,4751947,4756599
0,71,11,1347,1136,176,4724,4756599,4761323
0,72,11,1348,1152,176,4682,4761323,4766005
0,73,11,1349,1168,176,3946,4766005,4769951
0,74,11,1350,1184,176,3362,4769951,4773313
0,75,11,1351,1200,176,3466,4773313,4776779
0,76,11,1352,1216,176,3834,4776779,4780613
0,77,11,1353,1232,176,4556,4780613,4785169
0,78,11,1354,1248,176,4939,4785169,4790108
0,79,11,1355,1264,176,5018,4790108,4795126
0,80,11,1356,1280,176,5125,4795126,4800251
0,81,11,1357,1296,176,5246,4800251,4805497
0,82,11,1358,1312,176,5340,4805497,4810837
0,83,11,1359,1328,176,5546,4810837,4816383
0,84,11,1360,1344,176,5615,4816383,4821998
0,85,11,1361,1360,176,5552,4821998,4827550
0,86,11,1362,1376,176,5517,4827550,4833067
0,87,11,1363,1392,176,5477,4833067,4838544
0,88,11,1364,1408,176,5584,4838544,4844128
0,89,11,1365,1424,176,5719,4844128,4849847
0,90,11,1366,1440,176,5592,4849847,4855439
0,91,11,1367,1456,176,5404,4855439,4860843
0,92,11,1368,1472,176,5252,4860843,4866095
0,93,11,1369,1488,176,5063,4866095,4871158
0,94,11,1370,1504,176,4857,4871158,4876015
0,95,11,1371,1520,176,4612,4876015,4880627
0,96,11,1372,1536,176,4639,4880627,4885266
0,97,11,1373,1552,176,4683,4885266,4889949
0,98,11,1374,1568,176,4836,4889949,4894785
0,99,11,1375,1584,176,5198,4894785,4899983
0,100,11,1376,1600,176,5649,4899983,4905632
0,101,11,1377,1616,176,5743,4905632,4911375
0,102,11,1378,1632,176,5736,4911375,4917111
0,103,11,1379,1648,176,5543,4917111,4922654
0,104,11,1380,1664,176,5348,4922654,4928002
0,105,11,1381,1680,176,5100,4928002,4933102
0,106,11,1382,1696,176,4765,4933102,4937867
0,107,11,1383,1712,176,4560,4937867,4942427
0,108,11,1384,1728,176,4373,4942427,4946800
0,109,11,1385,1744,176,4330,4946800,4951130
0,110,11,1386,1760,176,4326,4951130,4955456
0,111,11,1387,1776,176,4292,4955456,4959748
0,112,11,1388,1792,176,4014,4959748,4963762
0,113,11,1389,1808,176,3607,4963762,4967369
0,114,11,1390,1824,176,3148,4967369,4970517
0,115,11,1391,1840,176,2759,4970517,4973276
0,0,12,1392,0,192,2186,4973276,4975462
0,1,12,1393,16,192,2401,4975462,4977863
0,2,12,1394,32,192,2744,4977863,4980607
0,3,12,1395,48,192,3168,4980607,4983775
0,4,12,1396,64,192,3720,4983775,4987495
0,5,12,1397,80,192,4371,4987495,4991866
0,6,12,1398,96,192,5046,4991866,4996912
0,7,12,1399,112,192,5444,4996912,5002356
0,8,12,1400,128,192,5539,5002356,5007895
0,9,12,1401,144,192,5512,5007895,5013407
0,10,12,1402,160,192,5429,5013407,5018836
0,11,12,1403,176,192,5340,5018836,5024176
0,12,12,1404,192,192,5235,5024176,5029411
0,13,12,1405,208,192,5108,5029411,5034519
0,14,12,1406,224,192,5111,5034519,5039630
0,15,12,1407,240,192,5154,5039630,5044784
0,16,12,1408,256,192,5281,5044784,5050065
0,17,12,1409,272,192,5392,5050065,5055457
0,18,12,1410,288,192,5820,5055457,5061277
0,19,12,1411,304,192,6209,5061277,5067486
0,20,12,1412,320,192,6321,5067486,5073807
0,21,12,1413,336,192,6379,5073807,5080186
0,22,12,1414,352,192,6243,5080186,5086429
0,23,12,1415,368,192,5667,5086429,5092096
0,24,12,1416,384,192,5195,5092096,5097291
0,25,12,1417,400,192,4938,5097291,5102229
0,26,12,1418,416,192,4815,5102229,5107044
0,27,12,1419,432,192,4911,5107044,5111955
0,28,12,1420,448,192,4976,5111955,5116931
0,29,12,1421,464,192,4700,5116931,5121631
0,30,12,1422,480,192,4060,5121631,5125691
0,31,12,1423,496,192,3640,5125691,5129331
0,32,12,1424,512,192,3131,5129331,5132462
0,33,12,1425,528,192,2743,5132462,5135205
0,34,12,1426,544,192,2501,5135205,5137706
0,35,12,1427,560,192,2399,5137706,5140105
0,36,12,1428,576,192,2373,5140105,5142478
0,37,12,1429,592,192,2351,5142478,5144829
0,38,12,1430,608,192,2333,5144829,5147162
0,39,12,1431,624,192,2290,5147162,5149452
0,40,12,1432,640,192,2352,5149452,5151804
0,41,12,1433,656,192,2465,5151804,5154269
0,42,12,1434,672,192,2567,5154269,5156836
0,43,12,1435,688,192,2737,5156836,5159573
0,44,12,1436,704,192,3131,5159573,5162704
0,45,12,1437,720,192,3587,5162704,5166291
0,46,12,1438,736,192,3770,5166291,5170061
0,47,12,1439,752,192,3813,5170061,5173874
0,48,12,1440,768,192,3786,5173874,5177660
0,49,12,1441,784,192,3734,5177660,5181394
0,50,12,1442,800,192,3613,5181394,5185007
0,51,12,1443,816,192,3432,5185007,5188439
0,52,12,1444,832,192,3326,5188439,5191765
0,53,12,1445,848,192,3031,5191765,5194796
0,54,12,1446,864,192,2771,5194796,5197567
0,55,12,1447,880,192,2535,5197567,5200102
0,56,12,1448,896,192,2485,5200102,5202587
0,57,12,1449,912,192,2697,5202587,5205284
0,58,12,1450,928,192,3218,5205284,5208502
0,59,12,1451,944,192,3651,5208502,5212153
0,60,12,1452,960,192,3837,5212153,5215990
0,61,12,1453,976,192,3949,5215990,5219939
0,62,12,1454,992,192,3944,5219939,5223883
0,63,12,1455,1008,192,3479,5223883,5227362
0,64,12,1456,1024,192,2993,5227362,5230355
0,65,12,1457,1040,192,2821,5230355,5233176
0,66,12,1458,1056,192,2925,5233176,5236101
0,67,12,1459,1072,192,3355,5236101,5239456
0,68,12,1460,1088,192,4204,5239456,5243660
0,69,12,1461,1104,192,4785,5243660,5248445
0,70,12,1462,1120,192,4868,5248445,5253313
0,71,12,1463,1136,192,4946,5253313,5258259
0,72,12,1464,1152,192,4931,5258259,5263190
0,73,12,1465,1168,192,4267,5263190,5267457
0,74,12,1466,1184,192,3759,5267457,5271216
0,75,12,1467,1200,192,3910,5271216,5275126
0,76,12,1468,1216,192,4247,5275126,5279373
0,77,12,1469,1232,192,4840,5279373,5284213
0,78,12,1470,1248,192,5211,5284213,5289424
0,79,12,1471,1264,192,5220,5289424,5294644
0,80,12,1472,1280,192,5230,5294644,5299874
0,81,12,1473,1296,192,5451,5299874,5305325
0,82,12,1474,1312,192,5824,5305325,5311149
0,83,12,1475,1328,192,6190,5311149,5317339
0,84,12,1476,1344,192,6374,5317339,5323713
0,85,12,1477,1360,192,6388,5323713,5330101
0,86,12,1478,1376,192,6272,5330101,5336373
0,87,12,1479,1392,192,6175,5336373,5342548
0,88,12,1480,1408,192,6246,5342548,5348794
0,89,12,1481,1424,192,6294,5348794,5355088
0,90,12,1482,1440,192,6036,5355088,5361124
0,91,12,1483,1456,192,5809,5361124,5366933
0,92,12,1484,1472,192,5550,5366933,5372483
0,93,12,1485,1488,192,5235,5372483,5377718
0,94,12,1486,1504,192,4956,5377718,5382674
0,95,12,1487,1520,192,4708,5382674,5387382
0,96,12,1488,1536,192,4765,5387382,5392147
0,97,12,1489,1552,192,4852,5392147,5396999
0,98,12,1490,1568,192,5043,5396999,5402042
0,99,12,1491,1584,192,5443,5402042,5407485
0,100,12,1492,1600,192,5784,5407485,5413269
0,101,12,1493,1616,192,5800,5413269,5419069
0,102,12,1494,1632,192,5787,5419069,5424856
0,103,12,1495,1648,192,5581,5424856,5430437
0,104,12,1496,1664,192,5355,5430437,5435792
0,105,12,1497,1680,192,5085,5435792,5440877
0,106,12,1498,1696,192,4786,5440877,5445663
0,107,12,1499,1712,192,4555,5445663,5450218
0,108,12,1500,1728,192,4374,5450218,5454592
0,109,12,1501,1744,192,4318,5454592,5458910
0,110,12,1502,1760,192,4279,5458910,5463189
0,111,12,1503,1776,192,4164,5463189,5467353
0,112,12,1504,1792,192,3832,5467353,5471185
0,113,12,1505,1808,192,3423,5471185,5474608
0,114,12,1506,1824,192,3008,5474608,5477616
0,115,12,1507,1840,192,2636,5477616,5480252
0,0,13,1508,0,208,2146,5480252,5482398
0,1,13,1509,16,208,2360,5482398,5484758
0,2,13,1510,32,208,2710,5484758,5487468
0,3,13,1511,48,208,3149,5487468,5490617
0,4,13,1512,64,208,3732,5490617,5494349
0,5,13,1513,80,208,4324,5494349,5498673
0,6,13,1514,96,208,4956,5498673,5503629
0,7,13,1515,112,208,5518,5503629,5509147
0,8,13,1516,128,208,5807,5509147,5514954
0,9,13,1517,144,208,5900,5514954,5520854
0,10,13,1518,160,208,5872,5520854,5526726
0,11,13,1519,176,208,5886,5526726,5532612
0,12,13,1520,192,208,5861,5532612,5538473
0,13,13,1521,208,208,5655,5538473,5544128
0,14,13,1522,224,208,5716,5544128,5549844
0,15,13,1523,240,208,5779,5549844,5555623
0,16,13,1524,256,208,5897,5555623,5561520
0,17,13,1525,272,208,5958,5561520,5567478
0,18,13,1526,288,208,6265,5567478,5573743
0,19,13,1527,304,208,6709,5573743,5580452
0,20,13,1528,320,208,6830,5580452,5587282
0,21,13,1529,336,208,6853,5587282,5594135
0,22,13,1530,352,208,6664,5594135,5600799
0,23,13,1531,368,208,6204,5600799,5607003
0,24,13,1532,384,208,5598,5607003,5612601
0,25,13,1533,400,208,5271,5612601,5617872
0,26,13,1534,416,208,5068,5617872,5622940
0,27,13,1535,432,208,5110,5622940,5628050
0,28,13,1536,448,208,5272,5628050,5633322
0,29,13,1537,464,208,5116,5633322,5638438
0,30,13,1538,480,208,4628,5638438,5643066
0,31,13,1539,496,208,4289,5643066,5647355
0,32,13,1540,512,208,3875,5647355,5651230
0,33,13,1541,528,208,3599,5651230,5654829
0,34,13,1542,544,208,3502,5654829,5658331
0,35,13,1543,560,208,3486,5658331,5661817
0,36,13,1544,576,208,3440,5661817,5665257
0,37,13,1545,592,208,3345,5665257,5668602
0,38,13,1546,608,208,3231,5668602,5671833
0,39,13,1547,624,208,3059,5671833,5674892
0,40,13,1548,640,208,3018,5674892,5677910
0,41,13,1549,656,208,3038,5677910,5680948
0,42,13,1550,672,208,3012,5680948,5683960
0,43,13,1551,688,208,3091,5683960,5687051
0,44,13,1552,704,208,3602,5687051,5690653
0,45,13,1553,720,208,4156,5690653,5694809
0,46,13,1554,736,208,4317,5694809,5699126
0,47,13,1555,752,208,4173,5699126,5703299
0,48,13,1556,768,208,4050,5703299,5707349
0,49,13,1557,784,208,3980,5707349,5711329
0,50,13,1558,800,208,3851,5711329,5715180
0,51,13,1559,816,208,3633,5715180,5718813
0,52,13,1560,832,208,3474,5718813,5722287
0,53,13,1561,848,208,3148,5722287,5725435
0,54,13,1562,864,208,2891,5725435,5728326
0,55,13,1563,880,208,2684,5728326,5731010
0,56,13,1564,896,208,2603,5731010,5733613
0,57,13,1565,912,208,2772,5733613,5736385
0,58,13,1566,928,208,3170,5736385,5739555
0,59,13,1567,944,208,3474,5739555,5743029
0,60,13,1568,960,208,3761,5743029,5746790
0,61,13,1569,976,208,3982,5746790,5750772
0,62,13,1570,992,208,4247,5750772,5755019
0,63,13,1571,1008,208,4002,5755019,5759021
0,64,13,1572,1024,208,3695,5759021,5762716
0,65,13,1573,1040,208,3559,5762716,5766275
0,66,13,1574,1056,208,3622,5766275,5769897
0,67,13,1575,1072,208,3949,5769897,5773846
0,68,13,1576,1088,208,4640,5773846,5778486
0,69,13,1577,1104,208,5116,5778486,5783602
0,70,13,1578,1120,208,5237,5783602,5788839
0,71,13,1579,1136,208,5298,5788839,5794137
0,72,13,1580,1152,208,5277,5794137,5799414
0,73,13,1581,1168,208,4817,5799414,5804231
0,74,13,1582,1184,208,4519,5804231,5808750
0,75,13,1583,1200,208,4793,5808750,5813543
0,76,13,1584,1216,208,5071,5813543,5818614
0,77,13,1585,1232,208,5354,5818614,5823968
0,78,13,1586,1248,208,5701,5823968,5829669
0,79,13,1587,1264,208,5610,5829669,5835279
0,80,13,1588,1280,208,5498,5835279,5840777
0,81,13,1589,1296,208,5827,5840777,5846604
0,82,13,1590,1312,208,6417,5846604,5853021
0,83,13,1591,1328,208,6814,5853021,5859835
0,84,13,1592,1344,208,7008,5859835,5866843
0,85,13,1593,1360,208,7152,5866843,5873995
0,86,13,1594,1376,208,7176,5873995,5881171
0,87,13,1595,1392,208,7303,5881171,5888474
0,88,13,1596,1408,208,7316,5888474,5895790
0,89,13,1597,1424,208,7176,5895790,5902966
0,90,13,1598,1440,208,6797,5902966,5909763
0,91,13,1599,1456,208,6428,5909763,5916191
0,92,13,1600,1472,208,6054,5916191,5922245
0,93,13,1601,1488,208,5541,5922245,5927786
0,94,13,1602,1504,208,5109,5927786,5932895
0,95,13,1603,1520,208,4855,5932895,5937750
0,96,13,1604,1536,208,4988,5937750,5942738
0,97,13,1605,1552,208,5216,5942738,5947954
0,98,13,1606,1568,208,5410,5947954,5953364
0,99,13,1607,1584,208,5742,5953364,5959106
0,100,13,1608,1600,208,6022,5959106,5965128
0,101,13,1609,1616,208,6031,5965128,5971159
0,102,13,1610,1632,208,5964,5971159,5977123
0,103,13,1611,1648,208,5753,5977123,5982876
0,104,13,1612,1664,208,5455,5982876,5988331
0,105,13,1613,1680,208,5171,5988331,5993502
0,106,13,1614,1696,208,4944,5993502,5998446
0,107,13,1615,1712,208,4678,5998446,6003124
0,108,13,1616,1728,208,4429,6003124,6007553
0,109,13,1617,1744,208,4334,6007553,6011887
0,110,13,1618,1760,208,4214,6011887,6016101
0,111,13,1619,1776,208,4050,6016101,6020151
0,112,13,1620,1792,208,3688,6020151,6023839
0,113,13,1621,1808,208,3251,6023839,6027090
0,114,13,1622,1824,208,2866,6027090,6029956
0,115,13,1623,1840,208,2517,6029956,6032473
0,0,14,1624,0,224,2092,6032473,6034565
0,1,14,1625,16,224,2303,6034565,6036868
0,2,14,1626,32,224,2650,6036868,6039518
0,3,14,1627,48,224,3095,6039518,6042613
0,4,14,1628,64,224,3635,6042613,6046248
0,5,14,1629,80,224,4187,6046248,6050435
0,6,14,1630,96,224,4802,6050435,6055237
0,7,14,1631,112,224,5444,6055237,6060681
0,8,14,1632,128,224,5846,6060681,6066527
0,9,14,1633,144,224,6045,6066527,6072572
0,10,14,1634,160,224,6090,6072572,6078662
0,11,14,1635,176,224,6127,6078662,6084789
0,12,14,1636,192,224,6130,6084789,6090919
0,13,14,1637,208,224,5998,6090919,6096917
0,14,14,1638,224,224,6209,6096917,6103126
0,15,14,1639,240,224,6425,6103126,6109551
0,16,14,1640,256,224,6536,6109551,6116087
0,17,14,1641,272,224,6553,6116087,6122640
0,18,14,1642,288,224,6748,6122640,6129388
0,19,14,1643,304,224,7251,6129388,6136639
0,20,14,1644,320,224,7391,6136639,6144030
0,21,14,1645,336,224,7243,6144030,6151273
0,22,14,1646,352,224,7076,6151273,6158349
0,23,14,1647,368,224,6668,6158349,6165017
0,24,14,1648,384,224,5974,6165017,6170991
0,25,14,1649,400,224,5472,6170991,6176463
0,26,14,1650,416,224,5242,6176463,6181705
0,27,14,1651,432,224,5240,6181705,6186945
0,28,14,1652,448,224,5440,6186945,6192385
0,29,14,1653,464,224,5483,6192385,6197868
0,30,14,1654,480,224,5285,6197868,6203153
0,31,14,1655,496,224,5260,6203153,6208413
0,32,14,1656,512,224,5124,6208413,6213537
0,33,14,1657,528,224,5174,6213537,6218711
0,34,14,1658,544,224,5420,6218711,6224131
0,35,14,1659,560,224,5354,6224131,6229485
0,36,14,1660,576,224,4988,6229485,6234473
0,37,14,1661,592,224,4683,6234473,6239156
0,38,14,1662,608,224,4479,6239156,6243635
0,39,14,1663,624,224,4324,6243635,6247959
0,40,14,1664,640,224,4158,6247959,6252117
0,41,14,1665,656,224,3970,6252117,6256087
0,42,14,1666,672,224,3621,6256087,6259708
0,43,14,1667,688,224,3527,6259708,6263235
0,44,14,1668,704,224,4108,6263235,6267343
0,45,14,1669,720,224,4649,6267343,6271992
0,46,14,1670,736,224,4780,6271992,6276772
0,47,14,1671,752,224,4674,6276772,6281446
0,48,14,1672,768,224,4518,6281446,6285964
0,49,14,1673,784,224,4441,6285964,6290405
0,50,14,1674,800,224,4344,6290405,6294749
0,51,14,1675,816,224,4100,6294749,6298849
0,52,14,1676,832,224,3898,6298849,6302747
0,53,14,1677,848,224,3506,6302747,6306253
0,54,14,1678,864,224,3183,6306253,6309436
0,55,14,1679,880,224,2956,6309436,6312392
0,56,14,1680,896,224,2842,6312392,6315234
0,57,14,1681,912,224,2932,6315234,6318166
0,58,14,1682,928,224,3145,6318166,6321311
0,59,14,1683,944,224,3403,6321311,6324714
0,60,14,1684,960,224,3801,6324714,6328515
0,61,14,1685,976,224,4373,6328515,6332888
0,62,14,1686,992,224,5100,6332888,6337988
0,63,14,1687,1008,224,4999,6337988,6342987
0,64,14,1688,1024,224,4663,6342987,6347650
0,65,14,1689,1040,224,4518,6347650,6352168
0,66,14,1690,1056,224,4554,6352168,6356722
0,67,14,1691,1072,224,4793,6356722,6361515
0,68,14,1692,1088,224,5399,6361515,6366914
0,69,14,1693,1104,224,5769,6366914,6372683
0,70,14,1694,1120,224,5757,6372683,6378440
0,71,14,1695,1136,224,5773,6378440,6384213
0,72,14,1696,1152,224,5723,6384213,6389936
0,73,14,1697,1168,224,5520,6389936,6395456
0,74,14,1698,1184,224,5425,6395456,6400881
0,75,14,1699,1200,224,5682,6400881,6406563
0,76,14,1700,1216,224,5774,6406563,6412337
0,77,14,1701,1232,224,5795,6412337,6418132
0,78,14,1702,1248,224,5953,6418132,6424085
0,79,14,1703,1264,224,5817,6424085,6429902
0,80,14,1704,1280,224,5774,6429902,6435676
0,81,14,1705,1296,224,6199,6435676,6441875
0,82,14,1706,1312,224,6927,6441875,6448802
0,83,14,1707,1328,224,7465,6448802,6456267
0,84,14,1708,1344,224,7785,6456267,6464052
0,85,14,1709,1360,224,8036,6464052,6472088
0,86,14,1710,1376,224,8188,6472088,6480276
0,87,14,1711,1392,224,8379,6480276,6488655
0,88,14,1712,1408,224,8330,6488655,6496985
0,89,14,1713,1424,224,8006,6496985,6504991
0,90,14,1714,1440,224,7614,6504991,6512605
0,91,14,1715,1456,224,7150,6512605,6519755
0,92,14,1716,1472,224,6600,6519755,6526355
0,93,14,1717,1488,224,5946,6526355,6532301
0,94,14,1718,1504,224,5417,6532301,6537718
0,95,14,1719,1520,224,5129,6537718,6542847
0,96,14,1720,1536,224,5339,6542847,6548186
0,97,14,1721,1552,224,5625,6548186,6553811
0,98,14,1722,1568,224,5786,6553811,6559597
0,99,14,1723,1584,224,6015,6559597,6565612
0,100,14,1724,1600,224,6265,6565612,6571877
0,101,14,1725,1616,224,6216,6571877,6578093
0,102,14,1726,1632,224,6155,6578093,6584248
0,103,14,1727,1648,224,5955,6584248,6590203
0,104,14,1728,1664,224,5751,6590203,6595954
0,105,14,1729,1680,224,5512,6595954,6601466
0,106,14,1730,1696,224,5228,6601466,6606694
0,107,14,1731,1712,224,4832,6606694,6611526
0,108,14,1732,1728,224,4515,6611526,6616041
0,109,14,1733,1744,224,4291,6616041,6620332
0,110,14,1734,1760,224,4126,6620332,6624458
0,111,14,1735,1776,224,3898,6624458,6628356
0,112,14,1736,1792,224,3513,6628356,6631869
0,113,14,1737,1808,224,3103,6631869,6634972
0,114,14,1738,1824,224,2765,6634972,6637737
0,115,14,1739,1840,224,2443,6637737,6640180
0,0,15,1740,0,240,2031,6640180,6642211
0,1,15,1741,16,240,2233,6642211,6644444
0,2,15,1742,32,240,2564,6644444,6647008
0,3,15,1743,48,240,3014,6647008,6650022
0,4,15,1744,64,240,3524,6650022,6653546
0,5,15,1745,80,240,4062,6653546,6657608
0,6,15,1746,96,240,4613,6657608,6662221
0,7,15,1747,112,240,5196,6662221,6667417
0,8,15,1748,128,240,5564,6667417,6672981
0,9,15,1749,144,240,5760,6672981,6678741
0,10,15,1750,160,240,5796,6678741,6684537
0,11,15,1751,176,240,5830,6684537,6690367
0,12,15,1752,192,240,5821,6690367,6696188
0,13,15,1753,208,240,5851,6696188,6702039
0,14,15,1754,224,240,6115,6702039,6708154
0,15,15,1755,240,240,6398,6708154,6714552
0,16,15,1756,256,240,6442,6714552,6720994
0,17,15,1757,272,240,6430,6720994,6727424
0,18,15,1758,288,240,6500,6727424,6733924
0,19,15,1759,304,240,6901,6733924,6740825
0,20,15,1760,320,240,7015,6740825,6747840
0,21,15,1761,336,240,6878,6747840,6754718
0,22,15,1762,352,240,6720,6754718,6761438
0,23,15,1763,368,240,6423,6761438,6767861
0,24,15,1764,384,240,5840,6767861,6773701
0,25,15,1765,400,240,5405,6773701,6779106
0,26,15,1766,416,240,5147,6779106,6784253
0,27,15,1767,432,240,5074,6784253,6789327
0,28,15,1768,448,240,5269,6789327,6794596
0,29,15,1769,464,240,5626,6794596,6800222
0,30,15,1770,480,240,5990,6800222,6806212
0,31,15,1771,496,240,6473,6806212,6812685
0,32,15,1772,512,240,6611,6812685,6819296
0,33,15,1773,528,240,6715,6819296,6826011
0,34,15,1774,544,240,6936,6826011,6832947
0,35,15,1775,560,240,6774,6832947,6839721
0,36,15,1776,576,240,6338,6839721,6846059
0,37,15,1777,592,240,5962,6846059,6852021
0,38,15,1778,608,240,5579,6852021,6857600
0,39,15,1779,624,240,5434,6857600,6863034
0,40,15,1780,640,240,5417,6863034,6868451
0,41,15,1781,656,240,5129,6868451,6873580
0,42,15,1782,672,240,4353,6873580,6877933
0,43,15,1783,688,240,4088,6877933,6882021
0,44,15,1784,704,240,4572,6882021,6886593
0,45,15,1785,720,240,5176,6886593,6891769
0,46,15,1786,736,240,5395,6891769,6897164
0,47,15,1787,752,240,5271,6897164,6902435
0,48,15,1788,768,240,5054,6902435,6907489
0,49,15,1789,784,240,4957,6907489,6912446
0,50,15,1790,800,240,4905,6912446,6917351
0,51,15,1791,816,240,4647,6917351,6921998
0,52,15,1792,832,240,4310,6921998,6926308
0,53,15,1793,848,240,3876,6926308,6930184
0,54,15,1794,864,240,3513,6930184,6933697
0,55,15,1795,880,240,3258,6933697,6936955
0,56,15,1796,896,240,3116,6936955,6940071
0,57,15,1797,912,240,3119,6940071,6943190
0,58,15,1798,928,240,3208,6943190,6946398
0,59,15,1799,944,240,3484,6946398,6949882
0,60,15,1800,960,240,3928,6949882,6953810
0,61,15,1801,976,240,4699,6953810,6958509
0,62,15,1802,992,240,5657,6958509,6964166
0,63,15,1803,1008,240,5745,6964166,6969911
0,64,15,1804,1024,240,5427,6969911,6975338
0,65,15,1805,1040,240,5214,6975338,6980552
0,66,15,1806,1056,240,5228,6980552,6985780
0,67,15,1807,1072,240,5454,6985780,6991234
0,68,15,1808,1088,240,6061,6991234,6997295
0,69,15,1809,1104,240,6334,6997295,7003629
0,70,15,1810,1120,240,6032,7003629,7009661
0,71,15,1811,1136,240,5853,7009661,7015514
0,72,15,1812,1152,240,5857,7015514,7021371
0,73,15,1813,1168,240,5763,7021371,7027134
0,74,15,1814,1184,240,5735,7027134,7032869
0,75,15,1815,1200,240,5891,7032869,7038760
0,76,15,1816,1216,240,5828,7038760,7044588
0,77,15,1817,1232,240,5758,7044588,7050346
0,78,15,1818,1248,240,5640,7050346,7055986
0,79,15,1819,1264,240,5513,7055986,7061499
0,80,15,1820,1280,240,5672,7061499,7067171
0,81,15,1821,1296,240,6126,7067171,7073297
0,82,15,1822,1312,240,6921,7073297,7080218
0,83,15,1823,1328,240,7589,7080218,7087807
0,84,15,1824,1344,240,8072,7087807,7095879
0,85,15,1825,1360,240,8451,7095879,7104330
0,86,15,1826,1376,240,8629,7104330,7112959
0,87,15,1827,1392,240,8742,7112959,7121701
0,88,15,1828,1408,240,8537,7121701,7130238
0,89,15,1829,1424,240,8168,7130238,7138406
0,90,15,1830,1440,240,7690,7138406,7146096
0,91,15,1831,1456,240,7175,7146096,7153271
0,92,15,1832,1472,240,6752,7153271,7160023
0,93,15,1833,1488,240,6158,7160023,7166181
0,94,15,1834,1504,240,5521,7166181,7171702
0,95,15,1835,1520,240,5181,7171702,7176883
0,96,15,1836,1536,240,5403,7176883,7182286
0,97,15,1837,1552,240,5686,7182286,7187972
0,98,15,1838,1568,240,5792,7187972,7193764
0,99,15,1839,1584,240,5915,7193764,7199679
0,100,15,1840,1600,240,6111,7199679,7205790
0,101,15,1841,1616,240,6025,7205790,7211815
0,102,15,1842,1632,240,6026,7211815,7217841
0,103,15,1843,1648,240,5926,7217841,7223767
0,104,15,1844,1664,240,5844,7223767,7229611
0,105,15,1845,1680,240,5761,7229611,7235372
0,106,15,1846,1696,240,5485,7235372,7240857
0,107,15,1847,1712,240,5035,7240857,7245892
0,108,15,1848,1728,240,4644,7245892,7250536
0,109,15,1849,1744,240,4344,7250536,7254880
0,110,15,1850,1760,240,4071,7254880,7258951
0,111,15,1851,1776,240,3752,7258951,7262703
0,112,15,1852,1792,240,3330,7262703,7266033
0,113,15,1853,1808,240,2939,7266033,7268972
0,114,15,1854,1824,240,2640,7268972,7271612
0,115,15,1855,1840,240,2327,7271612,7273939
0,0,16,1856,0,256,1980,7273939,7275919
0,1,16,1857,16,256,2169,7275919,7278088
0,2,16,1858,32,256,2475,7278088,7280563
0,3,16,1859,48,256,2886,7280563,7283449
0,4,16,1860,64,256,3399,7283449,7286848
0,5,16,1861,80,256,3924,7286848,7290772
0,6,16,1862,96,256,4417,7290772,7295189
0,7,16,1863,112,256,4896,7295189,7300085
0,8,16,1864,128,256,5185,7300085,7305270
0,9,16,1865,144,256,5325,7305270,7310595
0,10,16,1866,160,256,5343,7310595,7315938
0,11,16,1867,176,256,5383,7315938,7321321
0,12,16,1868,192,256,5506,7321321,7326827
0,13,16,1869,208,256,5577,7326827,7332404
0,14,16,1870,224,256,5794,7332404,7338198
0,15,16,1871,240,256,5962,7338198,7344160
0,16,16,1872,256,256,5965,7344160,7350125
0,17,16,1873,272,256,5994,7350125,7356119
0,18,16,1874,288,256,5951,7356119,7362070
0,19,16,1875,304,256,6111,7362070,7368181
0,20,16,1876,320,256,6174,7368181,7374355
0,21,16,1877,336,256,6214,7374355,7380569
0,22,16,1878,352,256,6084,7380569,7386653
0,23,16,1879,368,256,5801,7386653,7392454
0,24,16,1880,384,256,5462,7392454,7397916
0,25,16,1881,400,256,5158,7397916,7403074
0,26,16,1882,416,256,4949,7403074,7408023
0,27,16,1883,432,256,4886,7408023,7412909
0,28,16,1884,448,256,5083,7412909,7417992
0,29,16,1885,464,256,5695,7417992,7423687
0,30,16,1886,480,256,6707,7423687,7430394
0,31,16,1887,496,256,7488,7430394,7437882
0,32,16,1888,512,256,7661,7437882,7445543
0,33,16,1889,528,256,7662,7445543,7453205
0,34,16,1890,544,256,7566,7453205,7460771
0,35,16,1891,560,256,7295,7460771,7468066
0,36,16,1892,576,256,6900,7468066,7474966
0,37,16,1893,592,256,6510,7474966,7481476
0,38,16,1894,608,256,6056,7481476,7487532
0,39,16,1895,624,256,5961,7487532,7493493
0,40,16,1896,640,256,6173,7493493,7499666
0,41,16,1897,656,256,5951,7499666,7505617
0,42,16,1898,672,256,5172,7505617,7510789
0,43,16,1899,688,256,4809,7510789,7515598
0,44,16,1900,704,256,5164,7515598,7520762
0,45,16,1901,720,256,5722,7520762,7526484
0,46,16,1902,736,256,5942,7526484,7532426
0,47,16,1903,752,256,5898,7532426,7538324
0,48,16,1904,768,256,5689,7538324,7544013
0,49,16,1905,784,256,5613,7544013,7549626
0,50,16,1906,800,256,5525,7549626,7555151
0,51,16,1907,816,256,5214,7555151,7560365
0,52,16,1908,832,256,4825,7560365,7565190
0,53,16,1909,848,256,4353,7565190,7569543
0,54,16,1910,864,256,3909,7569543,7573452
0,55,16,1911,880,256,3622,7573452,7577074
0,56,16,1912,896,256,3451,7577074,7580525
0,57,16,1913,912,256,3381,7580525,7583906
0,58,16,1914,928,256,3404,7583906,7587310
0,59,16,1915,944,256,3790,7587310,7591100
0,60,16,1916,960,256,4434,7591100,7595534
0,61,16,1917,976,256,5199,7595534,7600733
0,62,16,1918,992,256,6206,7600733,7606939
0,63,16,1919,1008,256,6388,7606939,7613327
0,64,16,1920,1024,256,6019,7613327,7619346
0,65,16,1921,1040,256,5735,7619346,7625081
0,66,16,1922,1056,256,5652,7625081,7630733
0,67,16,1923,1072,256,5890,7630733,7636623
0,68,16,1924,1088,256,6489,7636623,7643112
0,69,16,1925,1104,256,6659,7643112,7649771
0,70,16,1926,1120,256,6284,7649771,7656055
0,71,16,1927,1136,256,6049,7656055,7662104
0,72,16,1928,1152,256,6008,7662104,7668112
0,73,16,1929,1168,256,6113,7668112,7674225
0,74,16,1930,1184,256,6142,7674225,7680367
0,75,16,1931,1200,256,6125,7680367,7686492
0,76,16,1932,1216,256,6146,7686492,7692638
0,77,16,1933,1232,256,6119,7692638,7698757
0,78,16,1934,1248,256,5881,7698757,7704638
0,79,16,1935,1264,256,5751,7704638,7710389
0,80,16,1936,1280,256,5726,7710389,7716115
0,81,16,1937,1296,256,6087,7716115,7722202
0,82,16,1938,1312,256,6690,7722202,7728892
0,83,16,1939,1328,256,7263,7728892,7736155
0,84,16,1940,1344,256,7664,7736155,7743819
0,85,16,1941,1360,256,8035,7743819,7751854
0,86,16,1942,1376,256,8250,7751854,7760104
0,87,16,1943,1392,256,8391,7760104,7768495
0,88,16,1944,1408,256,8176,7768495,7776671
0,89,16,1945,1424,256,7772,7776671,7784443
0,90,16,1946,1440,256,7346,7784443,7791789
0,91,16,1947,1456,256,6977,7791789,7798766
0,92,16,1948,1472,256,6624,7798766,7805390
0,93,16,1949,1488,256,6082,7805390,7811472
0,94,16,1950,1504,256,5408,7811472,7816880
0,95,16,1951,1520,256,5081,7816880,7821961
0,96,16,1952,1536,256,5256,7821961,7827217
0,97,16,1953,1552,256,5470,7827217,7832687
0,98,16,1954,1568,256,5529,7832687,7838216
0,99,16,1955,1584,256,5509,7838216,7843725
0,100,16,1956,1600,256,5613,7843725,7849338
0,101,16,1957,1616,256,5576,7849338,7854914
0,102,16,1958,1632,256,5661,7854914,7860575
0,103,16,1959,1648,256,5733,7860575,7866308
0,104,16,1960,1664,256,5772,7866308,7872080
0,105,16,1961,1680,256,5787,7872080,7877867
0,106,16,1962,1696,256,5570,7877867,7883437
0,107,16,1963,1712,256,5142,7883437,7888579
0,108,16,1964,1728,256,4841,7888579,7893420
0,109,16,1965,1744,256,4527,7893420,7897947
0,110,16,1966,1760,256,4169,7897947,7902116
0,111,16,1967,1776,256,3740,7902116,7905856
0,112,16,1968,1792,256,3299,7905856,7909155
0,113,16,1969,1808,256,2882,7909155,7912037
0,114,16,1970,1824,256,2600,7912037,7914637
0,115,16,1971,1840,256,2307,7914637,7916944
0,0,17,1972,0,272,1951,7916944,7918895
0,1,17,1973,16,272,2128,7918895,7921023
0,2,17,1974,32,272,2400,7921023,7923423
0,3,17,1975,48,272,2797,7923423,7926220
0,4,17,1976,64,272,3339,7926220,7929559
0,5,17,1977,80,272,3873,7929559,7933432
0,6,17,1978,96,272,4320,7933432,7937752
0,7,17,1979,112,272,4764,7937752,7942516
0,8,17,1980,128,272,5110,7942516,7947626
0,9,17,1981,144,272,5362,7947626,7952988
0,10,17,1982,160,272,5416,7952988,7958404
0,11,17,1983,176,272,5478,7958404,7963882
0,12,17,1984,192,272,5628,7963882,7969510
0,13,17,1985,208,272,5752,7969510,7975262
0,14,17,1986,224,272,5896,7975262,7981158
0,15,17,1987,240,272,6011,7981158,7987169
0,16,17,1988,256,272,6049,7987169,7993218
0,17,17,1989,272,272,6138,7993218,7999356
0,18,17,1990,288,272,6101,7999356,8005457
0,19,17,1991,304,272,6182,8005457,8011639
0,20,17,1992,320,272,6276,8011639,8017915
0,21,17,1993,336,272,6288,8017915,8024203
0,22,17,1994,352,272,6038,8024203,8030241
0,23,17,1995,368,272,5650,8030241,8035891
0,24,17,1996,384,272,5270,8035891,8041161
0,25,17,1997,400,272,4973,8041161,8046134
0,26,17,1998,416,272,4806,8046134,8050940
0,27,17,1999,432,272,4846,8050940,8055786
0,28,17,2000,448,272,5084,8055786,8060870
0,29,17,2001,464,272,6014,8060870,8066884
0,30,17,2002,480,272,7589,8066884,8074473
0,31,17,2003,496,272,8479,8074473,8082952
0,32,17,2004,512,272,8553,8082952,8091505
0,33,17,2005,528,272,8420,8091505,8099925
0,34,17,2006,544,272,8020,8099925,8107945
0,35,17,2007,560,272,7557,8107945,8115502
0,36,17,2008,576,272,6952,8115502,8122454
0,37,17,2009,592,272,6506,8122454,8128960
0,38,17,2010,608,272,6178,8128960,8135138
0,39,17,2011,624,272,6101,8135138,8141239
0,40,17,2012,640,272,6372,8141239,8147611
0,41,17,2013,656,272,6325,8147611,8153936
0,42,17,2014,672,272,5832,8153936,8159768
0,43,17,2015,688,272,5629,8159768,8165397
0,44,17,2016,704,272,5892,8165397,8171289
0,45,17,2017,720,272,6235,8171289,8177524
0,46,17,2018,736,272,6414,8177524,8183938
0,47,17,2019,752,272,6478,8183938,8190416
0,48,17,2020,768,272,6269,8190416,8196685
0,49,17,2021,784,272,6008,8196685,8202693
0,50,17,2022,800,272,5848,8202693,8208541
0,51,17,2023,816,272,5526,8208541,8214067
0,52,17,2024,832,272,5195,8214067,8219262
0,53,17,2025,848,272,4790,8219262,8224052
0,54,17,2026,864,272,4381,8224052,8228433
0,55,17,2027,880,272,4044,8228433,8232477
0,56,17,2028,896,272,3886,8232477,8236363
0,57,17,2029,912,272,3958,8236363,8240321
0,58,17,2030,928,272,4073,8240321,8244394
0,59,17,2031,944,272,4534,8244394,8248928
0,60,17,2032,960,272,5212,8248928,8254140
0,61,17,2033,976,272,5800,8254140,8259940
0,62,17,2034,992,272,6497,8259940,8266437
0,63,17,2035,1008,272,6597,8266437,8273034
0,64,17,2036,1024,272,6259,8273034,8279293
0,65,17,2037,1040,272,6087,8279293,8285380
0,66,17,2038,1056,272,6082,8285380,8291462
0,67,17,2039,1072,272,6318,8291462,8297780
0,68,17,2040,1088,272,6701,8297780,8304481
0,69,17,2041,1104,272,6752,8304481,8311233
0,70,17,2042,1120,272,6541,8311233,8317774
0,71,17,2043,1136,272,6286,8317774,8324060
0,72,17,2044,1152,272,6201,8324060,8330261
0,73,17,2045,1168,272,6383,8330261,8336644
0,74,17,2046,1184,272,6676,8336644,8343320
0,75,17,2047,1200,272,6904,8343320,8350224
0,76,17,2048,1216,272,7051,8350224,8357275
0,77,17,2049,1232,272,7148,8357275,8364423
0,78,17,2050,1248,272,6897,8364423,8371320
0,79,17,2051,1264,272,6597,8371320,8377917
0,80,17,2052,1280,272,6387,8377917,8384304
0,81,17,2053,1296,272,6403,8384304,8390707
0,82,17,2054,1312,272,6633,8390707,8397340
0,83,17,2055,1328,272,6905,8397340,8404245
0,84,17,2056,1344,272,7360,8404245,8411605
0,85,17,2057,1360,272,7704,8411605,8419309
0,86,17,2058,1376,272,7880,8419309,8427189
0,87,17,2059,1392,272,7849,8427189,8435038
0,88,17,2060,1408,272,7657,8435038,8442695
0,89,17,2061,1424,272,7314,8442695,8450009
0,90,17,2062,1440,272,6949,8450009,8456958
0,91,17,2063,1456,272,6537,8456958,8463495
0,92,17,2064,1472,272,6161,8463495,8469656
0,93,17,2065,1488,272,5668,8469656,8475324
0,94,17,2066,1504,272,5167,8475324,8480491
0,95,17,2067,1520,272,4983,8480491,8485474
0,96,17,2068,1536,272,5001,8485474,8490475
0,97,17,2069,1552,272,5156,8490475,8495631
0,98,17,2070,1568,272,5218,8495631,8500849
0,99,17,2071,1584,272,5150,8500849,8505999
0,100,17,2072,1600,272,5221,8505999,8511220
0,101,17,2073,1616,272,5242,8511220,8516462
0,102,17,2074,1632,272,5358,8516462,8521820
0,103,17,2075,1648,272,5492,8521820,8527312
0,104,17,2076,1664,272,5618,8527312,8532930
0,105,17,2077,1680,272,5643,8532930,8538573
0,106,17,2078,1696,272,5524,8538573,8544097
0,107,17,2079,1712,272,5216,8544097,8549313
0,108,17,2080,1728,272,4958,8549313,8554271
0,109,17,2081,1744,272,4623,8554271,8558894
0,110,17,2082,1760,272,4155,8558894,8563049
0,111,17,2083,1776,272,3634,8563049,8566683
0,112,17,2084,1792,272,3177,8566683,8569860
0,113,17,2085,1808,272,2767,8569860,8572627
0,114,17,2086,1824,272,2505,8572627,8575132
0,115,17,2087,1840,272,2222,8575132,8577354
0,0,18,2088,0,288,1907,8577354,8579261
0,1,18,2089,16,288,2062,8579261,8581323
0,2,18,2090,32,288,2311,8581323,8583634
0,3,18,2091,48,288,2684,8583634,8586318
0,4,18,2092,64,288,3230,8586318,8589548
0,5,18,2093,80,288,3759,8589548,8593307
0,6,18,2094,96,288,4163,8593307,8597470
0,7,18,2095,112,288,4596,8597470,8602066
0,8,18,2096,128,288,5057,8602066,8607123
0,9,18,2097,144,288,5458,8607123,8612581
0,10,18,2098,160,288,5609,8612581,8618190
0,11,18,2099,176,288,5714,8618190,8623904
0,12,18,2100,192,288,5864,8623904,8629768
0,13,18,2101,208,288,6024,8629768,8635792
0,14,18,2102,224,288,6195,8635792,8641987
0,15,18,2103,240,288,6349,8641987,8648336
0,16,18,2104,256,288,6487,8648336,8654823
0,17,18,2105,272,288,6589,8654823,8661412
0,18,18,2106,288,288,6586,8661412,8667998
0,19,18,2107,304,288,6611,8667998,8674609
0,20,18,2108,320,288,6630,8674609,8681239
0,21,18,2109,336,288,6537,8681239,8687776
0,22,18,2110,352,288,6277,8687776,8694053
0,23,18,2111,368,288,5865,8694053,8699918
0,24,18,2112,384,288,5405,8699918,8705323
0,25,18,2113,400,288,5076,8705323,8710399
0,26,18,2114,416,288,4906,8710399,8715305
0,27,18,2115,432,288,4941,8715305,8720246
0,28,18,2116,448,288,5256,8720246,8725502
0,29,18,2117,464,288,6439,8725502,8731941
0,30,18,2118,480,288,8126,8731941,8740067
0,31,18,2119,496,288,8964,8740067,8749031
0,32,18,2120,512,288,9029,8749031,8758060
0,33,18,2121,528,288,8894,8758060,8766954
0,34,18,2122,544,288,8341,8766954,8775295
0,35,18,2123,560,288,7663,8775295,8782958
0,36,18,2124,576,288,6922,8782958,8789880
0,37,18,2125,592,288,6468,8789880,8796348
0,38,18,2126,608,288,6131,8796348,8802479
0,39,18,2127,624,288,5944,8802479,8808423
0,40,18,2128,640,288,6074,8808423,8814497
0,41,18,2129,656,288,6090,8814497,8820587
0,42,18,2130,672,288,5805,8820587,8826392
0,43,18,2131,688,288,5837,8826392,8832229
0,44,18,2132,704,288,6167,8832229,8838396
0,45,18,2133,720,288,6560,8838396,8844956
0,46,18,2134,736,288,6755,8844956,8851711
0,47,18,2135,752,288,6745,8851711,8858456
0,48,18,2136,768,288,6490,8858456,8864946
0,49,18,2137,784,288,6199,8864946,8871145
0,50,18,2138,800,288,5921,8871145,8877066
0,51,18,2139,816,288,5569,8877066,8882635
0,52,18,2140,832,288,5259,8882635,8887894
0,53,18,2141,848,288,4968,8887894,8892862
0,54,18,2142,864,288,4705,8892862,8897567
0,55,18,2143,880,288,4367,8897567,8901934
0,56,18,2144,896,288,4415,8901934,8906349
0,57,18,2145,912,288,5240,8906349,8911589
0,58,18,2146,928,288,5932,8911589,8917521
0,59,18,2147,944,288,6204,8917521,8923725
0,60,18,2148,960,288,6219,8923725,8929944
0,61,18,2149,976,288,6379,8929944,8936323
0,62,18,2150,992,288,6782,8936323,8943105
0,63,18,2151,1008,288,6889,8943105,8949994
0,64,18,2152,1024,288,6888,8949994,8956882
0,65,18,2153,1040,288,6896,8956882,8963778
0,66,18,2154,1056,288,6910,8963778,8970688
0,67,18,2155,1072,288,7228,8970688,8977916
0,68,18,2156,1088,288,7685,8977916,8985601
0,69,18,2157,1104,288,7500,8985601,8993101
0,70,18,2158,1120,288,6983,8993101,9000084
0,71,18,2159,1136,288,6479,9000084,9006563
0,72,18,2160,1152,288,6326,9006563,9012889
0,73,18,2161,1168,288,6505,9012889,9019394
0,74,18,2162,1184,288,7004,9019394,9026398
0,75,18,2163,1200,288,7442,9026398,9033840
0,76,18,2164,1216,288,7703,9033840,9041543
0,77,18,2165,1232,288,7927,9041543,9049470
0,78,18,2166,1248,288,7736,9049470,9057206
0,79,18,2167,1264,288,7175,9057206,9064381
0,80,18,2168,1280,288,6772,9064381,9071153
0,81,18,2169,1296,288,6538,9071153,9077691
0,82,18,2170,1312,288,6546,9077691,9084237
0,83,18,2171,1328,288,6521,9084237,9090758
0,84,18,2172,1344,288,6920,9090758,9097678
0,85,18,2173,1360,288,7290,9097678,9104968
0,86,18,2174,1376,288,7436,9104968,9112404
0,87,18,2175,1392,288,7226,9112404,9119630
0,88,18,2176,1408,288,7065,9119630,9126695
0,89,18,2177,1424,288,6750,9126695,9133445
0,90,18,2178,1440,288,6359,9133445,9139804
0,91,18,2179,1456,288,5917,9139804,9145721
0,92,18,2180,1472,288,5615,9145721,9151336
0,93,18,2181,1488,288,5249,9151336,9156585
0,94,18,2182,1504,288,4953,9156585,9161538
0,95,18,2183,1520,288,4783,9161538,9166321
0,96,18,2184,1536,288,4672,9166321,9170993
0,97,18,2185,1552,288,4753,9170993,9175746
0,98,18,2186,1568,288,4844,9175746,9180590
0,99,18,2187,1584,288,4877,9180590,9185467
0,100,18,2188,1600,288,5068,9185467,9190535
0,101,18,2189,1616,288,5210,9190535,9195745
0,102,18,2190,1632,288,5365,9195745,9201110
0,103,18,2191,1648,288,5504,9201110,9206614
0,104,18,2192,1664,288,5614,9206614,9212228
0,105,18,2193,1680,288,5607,9212228,9217835
0,106,18,2194,1696,288,5498,9217835,9223333
0,107,18,2195,1712,288,5286,9223333,9228619
0,108,18,2196,1728,288,5014,9228619,9233633
0,109,18,2197,1744,288,4607,9233633,9238240
0,110,18,2198,1760,288,4057,9238240,9242297
0,111,18,2199,1776,288,3506,9242297,9245803
0,112,18,2200,1792,288,3039,9245803,9248842
0,113,18,2201,1808,288,2628,9248842,9251470
0,114,18,2202,1824,288,2391,9251470,9253861
0,115,18,2203,1840,288,2118,9253861,9255979
0,0,19,2204,0,304,1832,9255979,9257811
0,1,19,2205,16,304,1985,9257811,9259796
0,2,19,2206,32,304,2183,9259796,9261979
0,3,19,2207,48,304,2533,9261979,9264512
0,4,19,2208,64,304,3047,9264512,9267559
0,5,19,2209,80,304,3526,9267559,9271085
0,6,19,2210,96,304,3897,9271085,9274982
0,7,19,2211,112,304,4339,9274982,9279321
0,8,19,2212,128,304,4808,9279321,9284129
0,9,19,2213,144,304,5254,9284129,9289383
0,10,19,2214,160,304,5499,9289383,9294882
0,11,19,2215,176,304,5525,9294882,9300407
0,12,19,2216,192,304,5521,9300407,9305928
0,13,19,2217,208,304,5632,9305928,9311560
0,14,19,2218,224,304,5814,9311560,9317374
0,15,19,2219,240,304,5986,9317374,9323360
0,16,19,2220,256,304,6169,9323360,9329529
0,17,19,2221,272,304,6296,9329529,9335825
0,18,19,2222,288,304,6321,9335825,9342146
0,19,19,2223,304,304,6328,9342146,9348474
0,20,19,2224,320,304,6188,9348474,9354662
0,21,19,2225,336,304,6087,9354662,9360749
0,22,19,2226,352,304,5989,9360749,9366738
0,23,19,2227,368,304,5765,9366738,9372503
0,24,19,2228,384,304,5345,9372503,9377848
0,25,19,2229,400,304,5038,9377848,9382886
0,26,19,2230,416,304,5006,9382886,9387892
0,27,19,2231,432,304,5035,9387892,9392927
0,28,19,2232,448,304,5372,9392927,9398299
0,29,19,2233,464,304,6690,9398299,9404989
0,30,19,2234,480,304,7907,9404989,9412896
0,31,19,2235,496,304,8320,9412896,9421216
0,32,19,2236,512,304,8345,9421216,9429561
0,33,19,2237,528,304,8351,9429561,9437912
0,34,19,2238,544,304,7859,9437912,9445771
0,35,19,2239,560,304,7208,9445771,9452979
0,36,19,2240,576,304,6646,9452979,9459625
0,37,19,2241,592,304,6242,9459625,9465867
0,38,19,2242,608,304,5879,9465867,9471746
0,39,19,2243,624,304,5607,9471746,9477353
0,40,19,2244,640,304,5627,9477353,9482980
0,41,19,2245,656,304,5641,9482980,9488621
0,42,19,2246,672,304,5501,9488621,9494122
0,43,19,2247,688,304,5572,9494122,9499694
0,44,19,2248,704,304,5876,9499694,9505570
0,45,19,2249,720,304,6195,9505570,9511765
0,46,19,2250,736,304,6412,9511765,9518177
0,47,19,2251,752,304,6446,9518177,9524623
0,48,19,2252,768,304,6276,9524623,9530899
0,49,19,2253,784,304,6113,9530899,9537012
0,50,19,2254,800,304,5944,9537012,9542956
0,51,19,2255,816,304,5654,9542956,9548610
0,52,19,2256,832,304,5372,9548610,9553982
0,53,19,2257,848,304,5045,9553982,9559027
0,54,19,2258,864,304,4821,9559027,9563848
0,55,19,2259,880,304,4587,9563848,9568435
0,56,19,2260,896,304,4785,9568435,9573220
0,57,19,2261,912,304,6419,9573220,9579639
0,58,19,2262,928,304,7653,9579639,9587292
0,59,19,2263,944,304,7722,9587292,9595014
0,60,19,2264,960,304,6915,9595014,9601929
0,61,19,2265,976,304,6819,9601929,9608748
0,62,19,2266,992,304,7132,9608748,9615880
0,63,19,2267,1008,304,7332,9615880,9623212
0,64,19,2268,1024,304,7500,9623212,9630712
0,65,19,2269,1040,304,7680,9630712,9638392
0,66,19,2270,1056,304,7720,9638392,9646112
0,67,19,2271,1072,304,8037,9646112,9654149
0,68,19,2272,1088,304,8753,9654149,9662902
0,69,19,2273,1104,304,8444,9662902,9671346
0,70,19,2274,1120,304,7505,9671346,9678851
0,71,19,2275,1136,304,6496,9678851,9685347
0,72,19,2276,1152,304,6176,9685347,9691523
0,73,19,2277,1168,304,6334,9691523,9697857
0,74,19,2278,1184,304,6880,9697857,9704737
0,75,19,2279,1200,304,7381,9704737,9712118
0,76,19,2280,1216,304,7623,9712118,9719741
0,77,19,2281,1232,304,7884,9719741,9727625
0,78,19,2282,1248,304,7750,9727625,9735375
0,79,19,2283,1264,304,7263,9735375,9742638
0,80,19,2284,1280,304,6777,9742638,9749415
0,81,19,2285,1296,304,6470,9749415,9755885
0,82,19,2286,1312,304,6325,9755885,9762210
0,83,19,2287,1328,304,6090,9762210,9768300
0,84,19,2288,1344,304,6242,9768300,9774542
0,85,19,2289,1360,304,6413,9774542,9780955
0,86,19,2290,1376,304,6512,9780955,9787467
0,87,19,2291,1392,304,6216,9787467,9793683
0,88,19,2292,1408,304,6077,9793683,9799760
0,89,19,2293,1424,304,5795,9799760,9805555
0,90,19,2294,1440,304,5416,9805555,9810971
0,91,19,2295,1456,304,5130,9810971,9816101
0,92,19,2296,1472,304,5032,9816101,9821133
0,93,19,2297,1488,304,4880,9821133,9826013
0,94,19,2298,1504,304,4631,9826013,9830644
0,95,19,2299,1520,304,4306,9830644,9834950
0,96,19,2300,1536,304,4154,9834950,9839104
0,97,19,2301,1552,304,4238,9839104,9843342
0,98,19,2302,1568,304,4414,9843342,9847756
0,99,19,2303,1584,304,4607,9847756,9852363
0,100,19,2304,1600,304,5002,9852363,9857365
0,101,19,2305,1616,304,5287,9857365,9862652
0,102,19,2306,1632,304,5556,9862652,9868208
0,103,19,2307,1648,304,5670,9868208,9873878
0,104,19,2308,1664,304,5683,9873878,9879561
0,105,19,2309,1680,304,5570,9879561,9885131
0,106,19,2310,1696,304,5444,9885131,9890575
0,107,19,2311,1712,304,5216,9890575,9895791
0,108,19,2312,1728,304,4916,9895791,9900707
0,109,19,2313,1744,304,4471,9900707,9905178
0,110,19,2314,1760,304,3873,9905178,9909051
0,111,19,2315,1776,304,3330,9909051,9912381
0,112,19,2316,1792,304,2902,9912381,9915283
0,113,19,2317,1808,304,2530,9915283,9917813
0,114,19,2318,1824,304,2286,9917813,9920099
0,115,19,2319,1840,304,2040,9920099,9922139
0,0,20,2320,0,320,1776,9922139,9923915
0,1,20,2321,16,320,1912,9923915,9925827
0,2,20,2322,32,320,2088,9925827,9927915
0,3,20,2323,48,320,2389,9927915,9930304
0,4,20,2324,64,320,2808,9930304,9933112
0,5,20,2325,80,320,3225,9933112,9936337
0,6,20,2326,96,320,3614,9936337,9939951
0,7,20,2327,112,320,4031,9939951,9943982
0,8,20,2328,128,320,4484,9943982,9948466
0,9,20,2329,144,320,4918,9948466,9953384
0,10,20,2330,160,320,5196,9953384,9958580
0,11,20,2331,176,320,5232,9958580,9963812
0,12,20,2332,192,320,5235,9963812,9969047
0,13,20,2333,208,320,5305,9969047,9974352
0,14,20,2334,224,320,5439,9974352,9979791
0,15,20,2335,240,320,5509,9979791,9985300
0,16,20,2336,256,320,5631,9985300,9990931
0,17,20,2337,272,320,5708,9990931,9996639
0,18,20,2338,288,320,5695,9996639,10002334
0,19,20,2339,304,320,5692,10002334,10008026
0,20,20,2340,320,320,5593,10008026,10013619
0,21,20,2341,336,320,5472,10013619,10019091
0,22,20,2342,352,320,5466,10019091,10024557
0,23,20,2343,368,320,5389,10024557,10029946
0,24,20,2344,384,320,5074,10029946,10035020
0,25,20,2345,400,320,4908,10035020,10039928
0,26,20,2346,416,320,5024,10039928,10044952
0,27,20,2347,432,320,5123,10044952,10050075
0,28,20,2348,448,320,5547,10050075,10055622
0,29,20,2349,464,320,6660,10055622,10062282
0,30,20,2350,480,320,7283,10062282,10069565
0,31,20,2351,496,320,7333,10069565,10076898
0,32,20,2352,512,320,7342,10076898,10084240
0,33,20,2353,528,320,7236,10084240,10091476
0,34,20,2354,544,320,6790,10091476,10098266
0,35,20,2355,560,320,6242,10098266,10104508
0,36,20,2356,576,320,5744,10104508,10110252
0,37,20,2357,592,320,5396,10110252,10115648
0,38,20,2358,608,320,5147,10115648,10120795
0,39,20,2359,624,320,5011,10120795,10125806
0,40,20,2360,640,320,5091,10125806,10130897
0,41,20,2361,656,320,5169,10130897,10136066
0,42,20,2362,672,320,5127,10136066,10141193
0,43,20,2363,688,320,5133,10141193,10146326
0,44,20,2364,704,320,5357,10146326,10151683
0,45,20,2365,720,320,5525,10151683,10157208
0,46,20,2366,736,320,5694,10157208,10162902
0,47,20,2367,752,320,5791,10162902,10168693
0,48,20,2368,768,320,5779,10168693,10174472
0,49,20,2369,784,320,5758,10174472,10180230
0,50,20,2370,800,320,5744,10180230,10185974
0,51,20,2371,816,320,5640,10185974,10191614
0,52,20,2372,832,320,5442,10191614,10197056
0,53,20,2373,848,320,5094,10197056,10202150
0,54,20,2374,864,320,4852,10202150,10207002
0,55,20,2375,880,320,4709,10207002,10211711
0,56,20,2376,896,320,5025,10211711,10216736
0,57,20,2377,912,320,6887,10216736,10223623
0,58,20,2378,928,320,8197,10223623,10231820
0,59,20,2379,944,320,8232,10231820,10240052
0,60,20,2380,960,320,7433,10240052,10247485
0,61,20,2381,976,320,7302,10247485,10254787
0,62,20,2382,992,320,7397,10254787,10262184
0,63,20,2383,1008,320,7555,10262184,10269739
0,64,20,2384,1024,320,7715,10269739,10277454
0,65,20,2385,1040,320,7896,10277454,10285350
0,66,20,2386,1056,320,8050,10285350,10293400
0,67,20,2387,1072,320,8489,10293400,10301889
0,68,20,2388,1088,320,9228,10301889,10311117
0,69,20,2389,1104,320,9291,10311117,10320408
0,70,20,2390,1120,320,8194,10320408,10328602
0,71,20,2391,1136,320,6669,10328602,10335271
0,72,20,2392,1152,320,6059,10335271,10341330
0,73,20,2393,1168,320,6020,10341330,10347350
0,74,20,2394,1184,320,6430,10347350,10353780
0,75,20,2395,1200,320,6915,10353780,10360695
0,76,20,2396,1216,320,7128,10360695,10367823
0,77,20,2397,1232,320,7288,10367823,10375111
0,78,20,2398,1248,320,7308,10375111,10382419
0,79,20,2399,1264,320,6857,10382419,10389276
0,80,20,2400,1280,320,6338,10389276,10395614
0,81,20,2401,1296,320,6065,10395614,10401679
0,82,20,2402,1312,320,5939,10401679,10407618
0,83,20,2403,1328,320,5793,10407618,10413411
0,84,20,2404,1344,320,5732,10413411,10419143
0,85,20,2405,1360,320,5788,10419143,10424931
0,86,20,2406,1376,320,5760,10424931,10430691
0,87,20,2407,1392,320,5438,10430691,10436129
0,88,20,2408,1408,320,5310,10436129,10441439
0,89,20,2409,1424,320,5186,10441439,10446625
0,90,20,2410,1440,320,5036,10446625,10451661
0,91,20,2411,1456,320,4916,10451661,10456577
0,92,20,2412,1472,320,4919,10456577,10461496
0,93,20,2413,1488,320,4724,10461496,10466220
0,94,20,2414,1504,320,4267,10466220,10470487
0,95,20,2415,1520,320,3846,10470487,10474333
0,96,20,2416,1536,320,3689,10474333,10478022
0,97,20,2417,1552,320,3768,10478022,10481790
0,98,20,2418,1568,320,4023,10481790,10485813
0,99,20,2419,1584,320,4379,10485813,10490192
0,100,20,2420,1600,320,4883,10490192,10495075
0,101,20,2421,1616,320,5250,10495075,10500325
0,102,20,2422,1632,320,5509,10500325,10505834
0,103,20,2423,1648,320,5626,10505834,10511460
0,104,20,2424,1664,320,5606,10511460,10517066
0,105,20,2425,1680,320,5345,10517066,10522411
0,106,20,2426,1696,320,5190,10522411,10527601
0,107,20,2427,1712,320,5003,10527601,10532604
0,108,20,2428,1728,320,4732,10532604,10537336
0,109,20,2429,1744,320,4327,10537336,10541663
0,110,20,2430,1760,320,3736,10541663,10545399
0,111,20,2431,1776,320,3187,10545399,10548586
0,112,20,2432,1792,320,2756,10548586,10551342
0,113,20,2433,1808,320,2418,10551342,10553760
0,114,20,2434,1824,320,2167,10553760,10555927
0,115,20,2435,1840,320,1918,10555927,10557845
0,0,21,2436,0,336,1751,10557845,10559596
0,1,21,2437,16,336,1882,10559596,10561478
0,2,21,2438,32,336,2032,10561478,10563510
0,3,21,2439,48,336,2292,10563510,10565802
0,4,21,2440,64,336,2639,10565802,10568441
0,5,21,2441,80,336,3021,10568441,10571462
0,6,21,2442,96,336,3422,10571462,10574884
0,7,21,2443,112,336,3832,10574884,10578716
0,8,21,2444,128,336,4276,10578716,10582992
0,9,21,2445,144,336,4806,10582992,10587798
0,10,21,2446,160,336,5180,10587798,10592978
0,11,21,2447,176,336,5270,10592978,10598248
0,12,21,2448,192,336,5298,10598248,10603546
0,13,21,2449,208,336,5312,10603546,10608858
0,14,21,2450,224,336,5498,10608858,10614356
0,15,21,2451,240,336,5652,10614356,10620008
0,16,21,2452,256,336,5719,10620008,10625727
0,17,21,2453,272,336,5698,10625727,10631425
0,18,21,2454,288,336,5525,10631425,10636950
0,19,21,2455,304,336,5552,10636950,10642502
0,20,21,2456,320,336,5469,10642502,10647971
0,21,21,2457,336,336,5333,10647971,10653304
0,22,21,2458,352,336,5247,10653304,10658551
0,23,21,2459,368,336,5131,10658551,10663682
0,24,21,2460,384,336,4950,10663682,10668632
0,25,21,2461,400,336,4928,10668632,10673560
0,26,21,2462,416,336,5073,10673560,10678633
0,27,21,2463,432,336,5166,10678633,10683799
0,28,21,2464,448,336,5673,10683799,10689472
0,29,21,2465,464,336,6445,10689472,10695917
0,30,21,2466,480,336,6740,10695917,10702657
0,31,21,2467,496,336,6623,10702657,10709280
0,32,21,2468,512,336,6461,10709280,10715741
0,33,21,2469,528,336,6103,10715741,10721844
0,34,21,2470,544,336,5587,10721844,10727431
0,35,21,2471,560,336,5135,10727431,10732566
0,36,21,2472,576,336,4830,10732566,10737396
0,37,21,2473,592,336,4717,10737396,10742113
0,38,21,2474,608,336,4597,10742113,10746710
0,39,21,2475,624,336,4580,10746710,10751290
0,40,21,2476,640,336,4619,10751290,10755909
0,41,21,2477,656,336,4608,10755909,10760517
0,42,21,2478,672,336,4562,10760517,10765079
0,43,21,2479,688,336,4545,10765079,10769624
0,44,21,2480,704,336,4678,10769624,10774302
0,45,21,2481,720,336,4781,10774302,10779083
0,46,21,2482,736,336,4905,10779083,10783988
0,47,21,2483,752,336,5032,10783988,10789020
0,48,21,2484,768,336,5132,10789020,10794152
0,49,21,2485,784,336,5266,10794152,10799418
0,50,21,2486,800,336,5294,10799418,10804712
0,51,21,2487,816,336,5288,10804712,10810000
0,52,21,2488,832,336,5231,10810000,10815231
0,53,21,2489,848,336,4918,10815231,10820149
0,54,21,2490,864,336,4682,10820149,10824831
0,55,21,2491,880,336,4651,10824831,10829482
0,56,21,2492,896,336,4974,10829482,10834456
0,57,21,2493,912,336,6330,10834456,10840786
0,58,21,2494,928,336,7240,10840786,10848026
0,59,21,2495,944,336,7428,10848026,10855454
0,60,21,2496,960,336,7206,10855454,10862660
0,61,21,2497,976,336,7283,10862660,10869943
0,62,21,2498,992,336,7350,10869943,10877293
0,63,21,2499,1008,336,7515,10877293,10884808
0,64,21,2500,1024,336,7647,10884808,10892455
0,65,21,2501,1040,336,7760,10892455,10900215
0,66,21,2502,1056,336,7807,10900215,10908022
0,67,21,2503,1072,336,8190,10908022,10916212
0,68,21,2504,1088,336,8876,10916212,10925088
0,69,21,2505,1104,336,9083,10925088,10934171
0,70,21,2506,1120,336,8326,10934171,10942497
0,71,21,2507,1136,336,6942,10942497,10949439
0,72,21,2508,1152,336,6140,10949439,10955579
0,73,21,2509,1168,336,5900,10955579,10961479
0,74,21,2510,1184,336,6124,10961479,10967603
0,75,21,2511,1200,336,6494,10967603,10974097
0,76,21,2512,1216,336,6754,10974097,10980851
0,77,21,2513,1232,336,6780,10980851,10987631
0,78,21,2514,1248,336,6751,10987631,10994382
0,79,21,2515,1264,336,6417,10994382,11000799
0,80,21,2516,1280,336,5982,11000799,11006781
0,81,21,2517,1296,336,5710,11006781,11012491
0,82,21,2518,1312,336,5712,11012491,11018203
0,83,21,2519,1328,336,5793,11018203,11023996
0,84,21,2520,1344,336,5719,11023996,11029715
0,85,21,2521,1360,336,5719,11029715,11035434
0,86,21,2522,1376,336,5565,11035434,11040999
0,87,21,2523,1392,336,5247,11040999,11046246
0,88,21,2524,1408,336,5142,11046246,11051388
0,89,21,2525,1424,336,5182,11051388,11056570
0,90,21,2526,1440,336,5128,11056570,11061698
0,91,21,2527,1456,336,5060,11061698,11066758
0,92,21,2528,1472,336,4906,11066758,11071664
0,93,21,2529,1488,336,4595,11071664,11076259
0,94,21,2530,1504,336,3934,11076259,11080193
0,95,21,2531,1520,336,3527,11080193,11083720
0,96,21,2532,1536,336,3390,11083720,11087110
0,97,21,2533,1552,336,3499,11087110,11090609
0,98,21,2534,1568,336,3782,11090609,11094391
0,99,21,2535,1584,336,4232,11094391,11098623
0,100,21,2536,1600,336,4833,11098623,11103456
0,101,21,2537,1616,336,5287,11103456,11108743
0,102,21,2538,1632,336,5558,11108743,11114301
0,103,21,2539,1648,336,5656,11114301,11119957
0,104,21,2540,1664,336,5613,11119957,11125570
0,105,21,2541,1680,336,5279,11125570,11130849
0,106,21,2542,1696,336,5065,11130849,11135914
0,107,21,2543,1712,336,4888,11135914,11140802
0,108,21,2544,1728,336,4648,11140802,11145450
0,109,21,2545,1744,336,4219,11145450,11149669
0,110,21,2546,1760,336,3632,11149669,11153301
0,111,21,2547,1776,336,3093,11153301,11156394
0,112,21,2548,1792,336,2650,11156394,11159044
0,113,21,2549,1808,336,2315,11159044,11161359
0,114,21,2550,1824,336,2067,11161359,11163426
0,115,21,2551,1840,336,1852,11163426,11165278
0,0,22,2552,0,352,1710,11165278,11166988
0,1,22,2553,16,352,1841,11166988,11168829
0,2,22,2554,32,352,1985,11168829,11170814
0,3,22,2555,48,352,2199,11170814,11173013
0,4,22,2556,64,352,2495,11173013,11175508
0,5,22,2557,80,352,2890,11175508,11178398
0,6,22,2558,96,352,3301,11178398,11181699
0,7,22,2559,112,352,3735,11181699,11185434
0,8,22,2560,128,352,4193,11185434,11189627
0,9,22,2561,144,352,4751,11189627,11194378
0,10,22,2562,160,352,5162,11194378,11199540
0,11,22,2563,176,352,5276,11199540,11204816
0,12,22,2564,192,352,5260,11204816,11210076
0,13,22,2565,208,352,5220,11210076,11215296
0,14,22,2566,224,352,5424,11215296,11220720
0,15,22,2567,240,352,5671,11220720,11226391
0,16,22,2568,256,352,5820,11226391,11232211
0,17,22,2569,272,352,5746,11232211,11237957
0,18,22,2570,288,352,5517,11237957,11243474
0,19,22,2571,304,352,5463,11243474,11248937
0,20,22,2572,320,352,5378,11248937,11254315
0,21,22,2573,336,352,5205,11254315,11259520
0,22,22,2574,352,352,5084,11259520,11264604
0,23,22,2575,368,352,4933,11264604,11269537
0,24,22,2576,384,352,4762,11269537,11274299
0,25,22,2577,400,352,4782,11274299,11279081
0,26,22,2578,416,352,4918,11279081,11283999
0,27,22,2579,432,352,5061,11283999,11289060
0,28,22,2580,448,352,5519,11289060,11294579
0,29,22,2581,464,352,6229,11294579,11300808
0,30,22,2582,480,352,6415,11300808,11307223
0,31,22,2583,496,352,6146,11307223,11313369
0,32,22,2584,512,352,5818,11313369,11319187
0,33,22,2585,528,352,5305,11319187,11324492
0,34,22,2586,544,352,4792,11324492,11329284
0,35,22,2587,560,352,4427,11329284,11333711
0,36,22,2588,576,352,4297,11333711,11338008
0,37,22,2589,592,352,4389,11338008,11342397
0,38,22,2590,608,352,4318,11342397,11346715
0,39,22,2591,624,352,4314,11346715,11351029
0,40,22,2592,640,352,4251,11351029,11355280
0,41,22,2593,656,352,4143,11355280,11359423
0,42,22,2594,672,352,4051,11359423,11363474
0,43,22,2595,688,352,3980,11363474,11367454
0,44,22,2596,704,352,4000,11367454,11371454
0,45,22,2597,720,352,4093,11371454,11375547
0,46,22,2598,736,352,4203,11375547,11379750
0,47,22,2599,752,352,4282,11379750,11384032
0,48,22,2600,768,352,4380,11384032,11388412
0,49,22,2601,784,352,4570,11388412,11392982
0,50,22,2602,800,352,4622,11392982,11397604
0,51,22,2603,816,352,4661,11397604,11402265
0,52,22,2604,832,352,4698,11402265,11406963
0,53,22,2605,848,352,4493,11406963,11411456
0,54,22,2606,864,352,4329,11411456,11415785
0,55,22,2607,880,352,4413,11415785,11420198
0,56,22,2608,896,352,4711,11420198,11424909
0,57,22,2609,912,352,5428,11424909,11430337
0,58,22,2610,928,352,6092,11430337,11436429
0,59,22,2611,944,352,6501,11436429,11442930
0,60,22,2612,960,352,6681,11442930,11449611
0,61,22,2613,976,352,6857,11449611,11456468
0,62,22,2614,992,352,6999,11456468,11463467
0,63,22,2615,1008,352,7205,11463467,11470672
0,64,22,2616,1024,352,7280,11470672,11477952
0,65,22,2617,1040,352,7312,11477952,11485264
0,66,22,2618,1056,352,7349,11485264,11492613
0,67,22,2619,1072,352,7724,11492613,11500337
0,68,22,2620,1088,352,8366,11500337,11508703
0,69,22,2621,1104,352,8446,11508703,11517149
0,70,22,2622,1120,352,8066,11517149,11525215
0,71,22,2623,1136,352,7380,11525215,11532595
0,72,22,2624,1152,352,6540,11532595,11539135
0,73,22,2625,1168,352,6050,11539135,11545185
0,74,22,2626,1184,352,6062,11545185,11551247
0,75,22,2627,1200,352,6164,11551247,11557411
0,76,22,2628,1216,352,6513,11557411,11563924
0,77,22,2629,1232,352,6469,11563924,11570393
0,78,22,2630,1248,352,6142,11570393,11576535
0,79,22,2631,1264,352,5806,11576535,11582341
0,80,22,2632,1280,352,5534,11582341,11587875
0,81,22,2633,1296,352,5420,11587875,11593295
0,82,22,2634,1312,352,5592,11593295,11598887
0,83,22,2635,1328,352,5781,11598887,11604668
0,84,22,2636,1344,352,5829,11604668,11610497
0,85,22,2637,1360,352,5765,11610497,11616262
0,86,22,2638,1376,352,5495,11616262,11621757
0,87,22,2639,1392,352,5169,11621757,11626926
0,88,22,2640,1408,352,5206,11626926,11632132
0,89,22,2641,1424,352,5380,11632132,11637512
0,90,22,2642,1440,352,5350,11637512,11642862
0,91,22,2643,1456,352,5129,11642862,11647991
0,92,22,2644,1472,352,4864,11647991,11652855
0,93,22,2645,1488,352,4384,11652855,11657239
0,94,22,2646,1504,352,3722,11657239,11660961
0,95,22,2647,1520,352,3344,11660961,11664305
0,96,22,2648,1536,352,3284,11664305,11667589
0,97,22,2649,1552,352,3484,11667589,11671073
0,98,22,2650,1568,352,3814,11671073,11674887
0,99,22,2651,1584,352,4333,11674887,11679220
0,100,22,2652,1600,352,5005,11679220,11684225
0,101,22,2653,1616,352,5443,11684225,11689668
0,102,22,2654,1632,352,5636,11689668,11695304
0,103,22,2655,1648,352,5715,11695304,11701019
0,104,22,2656,1664,352,5598,11701019,11706617
0,105,22,2657,1680,352,5165,11706617,11711782
0,106,22,2658,1696,352,4957,11711782,11716739
0,107,22,2659,1712,352,4790,11716739,11721529
0,108,22,2660,1728,352,4515,11721529,11726044
0,109,22,2661,1744,352,4033,11726044,11730077
0,110,22,2662,1760,352,3487,11730077,11733564
0,111,22,2663,1776,352,3005,11733564,11736569
0,112,22,2664,1792,352,2597,11736569,11739166
0,113,22,2665,1808,352,2268,11739166,11741434
0,114,22,2666,1824,352,1999,11741434,11743433
0,115,22,2667,1840,352,1771,11743433,11745204
0,0,23,2668,0,368,1689,11745204,11746893
0,1,23,2669,16,368,1807,11746893,11748700
0,2,23,2670,32,368,1935,11748700,11750635
0,3,23,2671,48,368,2117,11750635,11752752
0,4,23,2672,64,368,2387,11752752,11755139
0,5,23,2673,80,368,2781,11755139,11757920
0,6,23,2674,96,368,3173,11757920,11761093
0,7,23,2675,112,368,3606,11761093,11764699
0,8,23,2676,128,368,4062,11764699,11768761
0,9,23,2677,144,368,4572,11768761,11773333
0,10,23,2678,160,368,4939,11773333,11778272
0,11,23,2679,176,368,5116,11778272,11783388
0,12,23,2680,192,368,5080,11783388,11788468
0,13,23,2681,208,368,5021,11788468,11793489
0,14,23,2682,224,368,5175,11793489,11798664
0,15,23,2683,240,368,5344,11798664,11804008
0,16,23,2684,256,368,5433,11804008,11809441
0,17,23,2685,272,368,5406,11809441,11814847
0,18,23,2686,288,368,5137,11814847,11819984
0,19,23,2687,304,368,5125,11819984,11825109
0,20,23,2688,320,368,5020,11825109,11830129
0,21,23,2689,336,368,4848,11830129,11834977
0,22,23,2690,352,368,4766,11834977,11839743
0,23,23,2691,368,368,4670,11839743,11844413
0,24,23,2692,384,368,4526,11844413,11848939
0,25,23,2693,400,368,4532,11848939,11853471
0,26,23,2694,416,368,4699,11853471,11858170
0,27,23,2695,432,368,4855,11858170,11863025
0,28,23,2696,448,368,5104,11863025,11868129
0,29,23,2697,464,368,5678,11868129,11873807
0,30,23,2698,480,368,5947,11873807,11879754
0,31,23,2699,496,368,5740,11879754,11885494
0,32,23,2700,512,368,5383,11885494,11890877
0,33,23,2701,528,368,4870,11890877,11895747
0,34,23,2702,544,368,4302,11895747,11900049
0,35,23,2703,560,368,4017,11900049,11904066
0,36,23,2704,576,368,3977,11904066,11908043
0,37,23,2705,592,368,4197,11908043,11912240
0,38,23,2706,608,368,4178,11912240,11916418
0,39,23,2707,624,368,4140,11916418,11920558
0,40,23,2708,640,368,3940,11920558,11924498
0,41,23,2709,656,368,3796,11924498,11928294
0,42,23,2710,672,368,3609,11928294,11931903
0,43,23,2711,688,368,3464,11931903,11935367
0,44,23,2712,704,368,3447,11935367,11938814
0,45,23,2713,720,368,3503,11938814,11942317
0,46,23,2714,736,368,3605,11942317,11945922
0,47,23,2715,752,368,3660,11945922,11949582
0,48,23,2716,768,368,3759,11949582,11953341
0,49,23,2717,784,368,3977,11953341,11957318
0,50,23,2718,800,368,4042,11957318,11961360
0,51,23,2719,816,368,4127,11961360,11965487
0,52,23,2720,832,368,4239,11965487,11969726
0,53,23,2721,848,368,4127,11969726,11973853
0,54,23,2722,864,368,4047,11973853,11977900
0,55,23,2723,880,368,4259,11977900,11982159
0,56,23,2724,896,368,4512,11982159,11986671
0,57,23,2725,912,368,4903,11986671,11991574
0,58,23,2726,928,368,5335,11991574,11996909
0,59,23,2727,944,368,5634,11996909,12002543
0,60,23,2728,960,368,5800,12002543,12008343
0,61,23,2729,976,368,6017,12008343,12014360
0,62,23,2730,992,368,6184,12014360,12020544
0,63,23,2731,1008,368,6339,12020544,12026883
0,64,23,2732,1024,368,6352,12026883,12033235
0,65,23,2733,1040,368,6299,12033235,12039534
0,66,23,2734,1056,368,6390,12039534,12045924
0,67,23,2735,1072,368,6859,12045924,12052783
0,68,23,2736,1088,368,7481,12052783,12060264
0,69,23,2737,1104,368,7669,12060264,12067933
0,70,23,2738,1120,368,7766,12067933,12075699
0,71,23,2739,1136,368,7521,12075699,12083220
0,72,23,2740,1152,368,6745,12083220,12089965
0,73,23,2741,1168,368,5982,12089965,12095947
0,74,23,2742,1184,368,5799,12095947,12101746
0,75,23,2743,1200,368,5807,12101746,12107553
0,76,23,2744,1216,368,5855,12107553,12113408
0,77,23,2745,1232,368,5598,12113408,12119006
0,78,23,2746,1248,368,5213,12119006,12124219
0,79,23,2747,1264,368,4956,12124219,12129175
0,80,23,2748,1280,368,4802,12129175,12133977
0,81,23,2749,1296,368,5080,12133977,12139057
0,82,23,2750,1312,368,5499,12139057,12144556
0,83,23,2751,1328,368,5872,12144556,12150428
0,84,23,2752,1344,368,6094,12150428,12156522
0,85,23,2753,1360,368,5940,12156522,12162462
0,86,23,2754,1376,368,5469,12162462,12167931
0,87,23,2755,1392,368,5221,12167931,12173152
0,88,23,2756,1408,368,5422,12173152,12178574
0,89,23,2757,1424,368,5697,12178574,12184271
0,90,23,2758,1440,368,5544,12184271,12189815
0,91,23,2759,1456,368,5217,12189815,12195032
0,92,23,2760,1472,368,4795,12195032,12199827
0,93,23,2761,1488,368,4308,12199827,12204135
0,94,23,2762,1504,368,3923,12204135,12208058
0,95,23,2763,1520,368,3557,12208058,12211615
0,96,23,2764,1536,368,3372,12211615,12214987
0,97,23,2765,1552,368,3698,12214987,12218685
0,98,23,2766,1568,368,4040,12218685,12222725
0,99,23,2767,1584,368,4534,12222725,12227259
0,100,23,2768,1600,368,5185,12227259,12232444
0,101,23,2769,1616,368,5551,12232444,12237995
0,102,23,2770,1632,368,5679,12237995,12243674
0,103,23,2771,1648,368,5730,12243674,12249404
0,104,23,2772,1664,368,5488,12249404,12254892
0,105,23,2773,1680,368,4953,12254892,12259845
0,106,23,2774,1696,368,4698,12259845,12264543
0,107,23,2775,1712,368,4512,12264543,12269055
0,108,23,2776,1728,368,4260,12269055,12273315
0,109,23,2777,1744,368,3832,12273315,12277147
0,110,23,2778,1760,368,3320,12277147,12280467
0,111,23,2779,1776,368,2893,12280467,12283360
0,112,23,2780,1792,368,2537,12283360,12285897
0,113,23,2781,1808,368,2230,12285897,12288127
0,114,23,2782,1824,368,1978,12288127,12290105
0,115,23,2783,1840,368,1756,12290105,12291861
0,0,24,2784,0,384,1660,12291861,12293521
0,1,24,2785,16,384,1771,12293521,12295292
0,2,24,2786,32,384,1883,12295292,12297175
0,3,24,2787,48,384,2054,12297175,12299229
0,4,24,2788,64,384,2298,12299229,12301527
0,5,24,2789,80,384,2664,12301527,12304191
0,6,24,2790,96,384,3052,12304191,12307243
0,7,24,2791,112,384,3489,12307243,12310732
0,8,24,2792,128,384,3977,12310732,12314709
0,9,24,2793,144,384,4480,12314709,12319189
0,10,24,2794,160,384,4999,12319189,12324188
0,11,24,2795,176,384,5255,12324188,12329443
0,12,24,2796,192,384,5289,12329443,12334732
0,13,24,2797,208,384,5236,12334732,12339968
0,14,24,2798,224,384,5313,12339968,12345281
0,15,24,2799,240,384,5326,12345281,12350607
0,16,24,2800,256,384,5241,12350607,12355848
0,17,24,2801,272,384,5214,12355848,12361062
0,18,24,2802,288,384,4969,12361062,12366031
0,19,24,2803,304,384,4961,12366031,12370992
0,20,24,2804,320,384,4896,12370992,12375888
0,21,24,2805,336,384,4784,12375888,12380672
0,22,24,2806,352,384,4803,12380672,12385475
0,23,24,2807,368,384,4825,12385475,12390300
0,24,24,2808,384,384,4765,12390300,12395065
0,25,24,2809,400,384,4754,12395065,12399819
0,26,24,2810,416,384,4808,12399819,12404627
0,27,24,2811,432,384,4736,12404627,12409363
0,28,24,2812,448,384,4843,12409363,12414206
0,29,24,2813,464,384,5269,12414206,12419475
0,30,24,2814,480,384,5647,12419475,12425122
0,31,24,2815,496,384,5465,12425122,12430587
0,32,24,2816,512,384,5131,12430587,12435718
0,33,24,2817,528,384,4629,12435718,12440347
0,34,24,2818,544,384,3971,12440347,12444318
0,35,24,2819,560,384,3655,12444318,12447973
0,36,24,2820,576,384,3712,12447973,12451685
0,37,24,2821,592,384,3954,12451685,12455639
0,38,24,2822,608,384,4173,12455639,12459812
0,39,24,2823,624,384,4092,12459812,12463904
0,40,24,2824,640,384,3748,12463904,12467652
0,41,24,2825,656,384,3592,12467652,12471244
0,42,24,2826,672,384,3331,12471244,12474575
0,43,24,2827,688,384,3152,12474575,12477727
0,44,24,2828,704,384,3069,12477727,12480796
0,45,24,2829,720,384,3077,12480796,12483873
0,46,24,2830,736,384,3111,12483873,12486984
0,47,24,2831,752,384,3163,12486984,12490147
0,48,24,2832,768,384,3254,12490147,12493401
0,49,24,2833,784,384,3564,12493401,12496965
0,50,24,2834,800,384,3748,12496965,12500713
0,51,24,2835,816,384,3813,12500713,12504526
0,52,24,2836,832,384,4022,12504526,12508548
0,53,24,2837,848,384,3963,12508548,12512511
0,54,24,2838,864,384,3886,12512511,12516397
0,55,24,2839,880,384,4097,12516397,12520494
0,56,24,2840,896,384,4199,12520494,12524693
0,57,24,2841,912,384,4321,12524693,12529014
0,58,24,2842,928,384,4570,12529014,12533584
0,59,24,2843,944,384,4786,12533584,12538370
0,60,24,2844,960,384,4977,12538370,12543347
0,61,24,2845,976,384,5101,12543347,12548448
0,62,24,2846,992,384,5249,12548448,12553697
0,63,24,2847,1008,384,5361,12553697,12559058
0,64,24,2848,1024,384,5289,12559058,12564347
0,65,24,2849,1040,384,5133,12564347,12569480
0,66,24,2850,1056,384,5215,12569480,12574695
0,67,24,2851,1072,384,5780,12574695,12580475
0,68,24,2852,1088,384,6431,12580475,12586906
0,69,24,2853,1104,384,6658,12586906,12593564
0,70,24,2854,1120,384,7044,12593564,12600608
0,71,24,2855,1136,384,7094,12600608,12607702
0,72,24,2856,1152,384,6406,12607702,12614108
0,73,24,2857,1168,384,5764,12614108,12619872
0,74,24,2858,1184,384,5354,12619872,12625226
0,75,24,2859,1200,384,5180,12625226,12630406
0,76,24,2860,1216,384,5023,12630406,12635429
0,77,24,2861,1232,384,4885,12635429,12640314
0,78,24,2862,1248,384,4834,12640314,12645148
0,79,24,2863,1264,384,4725,12645148,12649873
0,80,24,2864,1280,384,4533,12649873,12654406
0,81,24,2865,1296,384,4830,12654406,12659236
0,82,24,2866,1312,384,5411,12659236,12664647
0,83,24,2867,1328,384,5840,12664647,12670487
0,84,24,2868,1344,384,6219,12670487,12676706
0,85,24,2869,1360,384,5977,12676706,12682683
0,86,24,2870,1376,384,5322,12682683,12688005
0,87,24,2871,1392,384,5166,12688005,12693171
0,88,24,2872,1408,384,5441,12693171,12698612
0,89,24,2873,1424,384,5791,12698612,12704403
0,90,24,2874,1440,384,5571,12704403,12709974
0,91,24,2875,1456,384,5180,12709974,12715154
0,92,24,2876,1472,384,4697,12715154,12719851
0,93,24,2877,1488,384,4311,12719851,12724162
0,94,24,2878,1504,384,4115,12724162,12728277
0,95,24,2879,1520,384,3757,12728277,12732034
0,96,24,2880,1536,384,3561,12732034,12735595
0,97,24,2881,1552,384,3880,12735595,12739475
0,98,24,2882,1568,384,4230,12739475,12743705
0,99,24,2883,1584,384,4648,12743705,12748353
0,100,24,2884,1600,384,5181,12748353,12753534
0,101,24,2885,1616,384,5441,12753534,12758975
0,102,24,2886,1632,384,5520,12758975,12764495
0,103,24,2887,1648,384,5564,12764495,12770059
0,104,24,2888,1664,384,5240,12770059,12775299
0,105,24,2889,1680,384,4740,12775299,12780039
0,106,24,2890,1696,384,4470,12780039,12784509
0,107,24,2891,1712,384,4285,12784509,12788794
0,108,24,2892,1728,384,4042,12788794,12792836
0,109,24,2893,1744,384,3636,12792836,12796472
0,110,24,2894,1760,384,3159,12796472,12799631
0,111,24,2895,1776,384,2783,12799631,12802414
0,112,24,2896,1792,384,2475,12802414,12804889
0,113,24,2897,1808,384,2182,12804889,12807071
0,114,24,2898,1824,384,1951,12807071,12809022
0,115,24,2899,1840,384,1728,12809022,12810750
0,0,25,2900,0,400,1631,12810750,12812381
0,1,25,2901,16,400,1736,12812381,12814117
0,2,25,2902,32,400,1852,12814117,12815969
0,3,25,2903,48,400,2010,12815969,12817979
0,4,25,2904,64,400,2234,12817979,12820213
0,5,25,2905,80,400,2572,12820213,12822785
0,6,25,2906,96,400,2988,12822785,12825773
0,7,25,2907,112,400,3451,12825773,12829224
0,8,25,2908,128,400,3993,12829224,12833217
0,9,25,2909,144,400,4592,12833217,12837809
0,10,25,2910,160,400,5358,12837809,12843167
0,11,25,2911,176,400,5894,12843167,12849061
0,12,25,2912,192,400,6029,12849061,12855090
0,13,25,2913,208,400,5887,12855090,12860977
0,14,25,2914,224,400,5921,12860977,12866898
0,15,25,2915,240,400,5771,12866898,12872669
0,16,25,2916,256,400,5490,12872669,12878159
0,17,25,2917,272,400,5366,12878159,12883525
0,18,25,2918,288,400,5146,12883525,12888671
0,19,25,2919,304,400,5134,12888671,12893805
0,20,25,2920,320,400,5106,12893805,12898911
0,21,25,2921,336,400,5100,12898911,12904011
0,22,25,2922,352,400,5149,12904011,12909160
0,23,25,2923,368,400,5132,12909160,12914292
0,24,25,2924,384,400,5108,12914292,12919400
0,25,25,2925,400,400,5020,12919400,12924420
0,26,25,2926,416,400,4941,12924420,12929361
0,27,25,2927,432,400,4832,12929361,12934193
0,28,25,2928,448,400,4852,12934193,12939045
0,29,25,2929,464,400,5055,12939045,12944100
0,30,25,2930,480,400,5321,12944100,12949421
0,31,25,2931,496,400,5068,12949421,12954489
0,32,25,2932,512,400,4755,12954489,12959244
0,33,25,2933,528,400,4297,12959244,12963541
0,34,25,2934,544,400,3657,12963541,12967198
0,35,25,2935,560,400,3357,12967198,12970555
0,36,25,2936,576,400,3383,12970555,12973938
0,37,25,2937,592,400,3582,12973938,12977520
0,38,25,2938,608,400,4064,12977520,12981584
0,39,25,2939,624,400,3955,12981584,12985539
0,40,25,2940,640,400,3489,12985539,12989028
0,41,25,2941,656,400,3334,12989028,12992362
0,42,25,2942,672,400,3041,12992362,12995403
0,43,25,2943,688,400,2793,12995403,12998196
0,44,25,2944,704,400,2665,12998196,13000861
0,45,25,2945,720,400,2631,13000861,13003492
0,46,25,2946,736,400,2642,13003492,13006134
0,47,25,2947,752,400,2682,13006134,13008816
0,48,25,2948,768,400,2794,13008816,13011610
0,49,25,2949,784,400,3139,13011610,13014749
0,50,25,2950,800,400,3456,13014749,13018205
0,51,25,2951,816,400,3517,13018205,13021722
0,52,25,2952,832,400,3680,13021722,13025402
0,53,25,2953,848,400,3622,13025402,13029024
0,54,25,2954,864,400,3523,13029024,13032547
0,55,25,2955,880,400,3759,13032547,13036306
0,56,25,2956,896,400,3754,13036306,13040060
0,57,25,2957,912,400,3649,13040060,13043709
0,58,25,2958,928,400,3805,13043709,13047514
0,59,25,2959,944,400,3974,13047514,13051488
0,60,25,2960,960,400,4078,13051488,13055566
0,61,25,2961,976,400,4148,13055566,13059714
0,62,25,2962,992,400,4223,13059714,13063937
0,63,25,2963,1008,400,4282,13063937,13068219
0,64,25,2964,1024,400,4179,13068219,13072398
0,65,25,2965,1040,400,4068,13072398,13076466
0,66,25,2966,1056,400,4181,13076466,13080647
0,67,25,2967,1072,400,4836,13080647,13085483
0,68,25,2968,1088,400,5589,13085483,13091072
0,69,25,2969,1104,400,5984,13091072,13097056
0,70,25,2970,1120,400,6453,13097056,13103509
0,71,25,2971,1136,400,6583,13103509,13110092
0,72,25,2972,1152,400,6012,13110092,13116104
0,73,25,2973,1168,400,5401,13116104,13121505
0,74,25,2974,1184,400,4826,13121505,13126331
0,75,25,2975,1200,400,4472,13126331,13130803
0,76,25,2976,1216,400,4351,13130803,13135154
0,77,25,2977,1232,400,4630,13135154,13139784
0,78,25,2978,1248,400,4908,13139784,13144692
0,79,25,2979,1264,400,4730,13144692,13149422
0,80,25,2980,1280,400,4371,13149422,13153793
0,81,25,2981,1296,400,4692,13153793,13158485
0,82,25,2982,1312,400,5332,13158485,13163817
0,83,25,2983,1328,400,5688,13163817,13169505
0,84,25,2984,1344,400,6009,13169505,13175514
0,85,25,2985,1360,400,5728,13175514,13181242
0,86,25,2986,1376,400,5183,13181242,13186425
0,87,25,2987,1392,400,5059,13186425,13191484
0,88,25,2988,1408,400,5316,13191484,13196800
0,89,25,2989,1424,400,5740,13196800,13202540
0,90,25,2990,1440,400,5386,13202540,13207926
0,91,25,2991,1456,400,4897,13207926,13212823
0,92,25,2992,1472,400,4473,13212823,13217296
0,93,25,2993,1488,400,4140,13217296,13221436
0,94,25,2994,1504,400,3966,13221436,13225402
0,95,25,2995,1520,400,3752,13225402,13229154
0,96,25,2996,1536,400,3699,13229154,13232853
0,97,25,2997,1552,400,3955,13232853,13236808
0,98,25,2998,1568,400,4267,13236808,13241075
0,99,25,2999,1584,400,4642,13241075,13245717
0,100,25,3000,1600,400,5031,13245717,13250748
0,101,25,3001,1616,400,5224,13250748,13255972
0,102,25,3002,1632,400,5312,13255972,13261284
0,103,25,3003,1648,400,5330,13261284,13266614
0,104,25,3004,1664,400,5013,13266614,13271627
0,105,25,3005,1680,400,4541,13271627,13276168
0,106,25,3006,1696,400,4283,13276168,13280451
0,107,25,3007,1712,400,4067,13280451,13284518
0,108,25,3008,1728,400,3766,13284518,13288284
0,109,25,3009,1744,400,3420,13288284,13291704
0,110,25,3010,1760,400,3044,13291704,13294748
0,111,25,3011,1776,400,2690,13294748,13297438
0,112,25,3012,1792,400,2411,13297438,13299849
0,113,25,3013,1808,400,2128,13299849,13301977
0,114,25,3014,1824,400,1903,13301977,13303880
0,115,25,3015,1840,400,1705,13303880,13305585
0,0,26,3016,0,416,1604,13305585,13307189
0,1,26,3017,16,416,1711,13307189,13308900
0,2,26,3018,32,416,1828,13308900,13310728
0,3,26,3019,48,416,1967,13310728,13312695
0,4,26,3020,64,416,2149,13312695,13314844
0,5,26,3021,80,416,2453,13314844,13317297
0,6,26,3022,96,416,2853,13317297,13320150
0,7,26,3023,112,416,3352,13320150,13323502
0,8,26,3024,128,416,3956,13323502,13327458
0,9,26,3025,144,416,4656,13327458,13332114
0,10,26,3026,160,416,5584,13332114,13337698
0,11,26,3027,176,416,6284,13337698,13343982
0,12,26,3028,192,416,6468,13343982,13350450
0,13,26,3029,208,416,6299,13350450,13356749
0,14,26,3030,224,416,6292,13356749,13363041
0,15,26,3031,240,416,6078,13363041,13369119
0,16,26,3032,256,416,5655,13369119,13374774
0,17,26,3033,272,416,5433,13374774,13380207
0,18,26,3034,288,416,5340,13380207,13385547
0,19,26,3035,304,416,5343,13385547,13390890
0,20,26,3036,320,416,5421,13390890,13396311
0,21,26,3037,336,416,5417,13396311,13401728
0,22,26,3038,352,416,5351,13401728,13407079
0,23,26,3039,368,416,5261,13407079,13412340
0,24,26,3040,384,416,5256,13412340,13417596
0,25,26,3041,400,416,5173,13417596,13422769
0,26,26,3042,416,416,5153,13422769,13427922
0,27,26,3043,432,416,5020,13427922,13432942
0,28,26,3044,448,416,4942,13432942,13437884
0,29,26,3045,464,416,4963,13437884,13442847
0,30,26,3046,480,416,5192,13442847,13448039
0,31,26,3047,496,416,4833,13448039,13452872
0,32,26,3048,512,416,4436,13452872,13457308
0,33,26,3049,528,416,4028,13457308,13461336
0,34,26,3050,544,416,3388,13461336,13464724
0,35,26,3051,560,416,2988,13464724,13467712
0,36,26,3052,576,416,3009,13467712,13470721
0,37,26,3053,592,416,3282,13470721,13474003
0,38,26,3054,608,416,3825,13474003,13477828
0,39,26,3055,624,416,3819,13477828,13481647
0,40,26,3056,640,416,3323,13481647,13484970
0,41,26,3057,656,416,3144,13484970,13488114
0,42,26,3058,672,416,2808,13488114,13490922
0,43,26,3059,688,416,2480,13490922,13493402
0,44,26,3060,704,416,2303,13493402,13495705
0,45,26,3061,720,416,2265,13495705,13497970
0,46,26,3062,736,416,2254,13497970,13500224
0,47,26,3063,752,416,2268,13500224,13502492
0,48,26,3064,768,416,2384,13502492,13504876
0,49,26,3065,784,416,2696,13504876,13507572
0,50,26,3066,800,416,3036,13507572,13510608
0,51,26,3067,816,416,3062,13510608,13513670
0,52,26,3068,832,416,3160,13513670,13516830
0,53,26,3069,848,416,3069,13516830,13519899
0,54,26,3070,864,416,3046,13519899,13522945
0,55,26,3071,880,416,3263,13522945,13526208
0,56,26,3072,896,416,3235,13526208,13529443
0,57,26,3073,912,416,3051,13529443,13532494
0,58,26,3074,928,416,3189,13532494,13535683
0,59,26,3075,944,416,3361,13535683,13539044
0,60,26,3076,960,416,3444,13539044,13542488
0,61,26,3077,976,416,3508,13542488,13545996
0,62,26,3078,992,416,3508,13545996,13549504
0,63,26,3079,1008,416,3501,13549504,13553005
0,64,26,3080,1024,416,3337,13553005,13556342
0,65,26,3081,1040,416,3267,13556342,13559609
0,66,26,3082,1056,416,3518,13559609,13563127
0,67,26,3083,1072,416,4333,13563127,13567460
0,68,26,3084,1088,416,5116,13567460,13572576
0,69,26,3085,1104,416,5614,13572576,13578190
0,70,26,3086,1120,416,6022,13578190,13584212
0,71,26,3087,1136,416,6102,13584212,13590314
0,72,26,3088,1152,416,5469,13590314,13595783
0,73,26,3089,1168,416,4896,13595783,13600679
0,74,26,3090,1184,416,4381,13600679,13605060
0,75,26,3091,1200,416,4038,13605060,13609098
0,76,26,3092,1216,416,3982,13609098,13613080
0,77,26,3093,1232,416,4357,13613080,13617437
0,78,26,3094,1248,416,4628,13617437,13622065
0,79,26,3095,1264,416,4498,13622065,13626563
0,80,26,3096,1280,416,4263,13626563,13630826
0,81,26,3097,1296,416,4549,13630826,13635375
0,82,26,3098,1312,416,5031,13635375,13640406
0,83,26,3099,1328,416,5266,13640406,13645672
0,84,26,3100,1344,416,5437,13645672,13651109
0,85,26,3101,1360,416,5246,13651109,13656355
0,86,26,3102,1376,416,4906,13656355,13661261
0,87,26,3103,1392,416,4817,13661261,13666078
0,88,26,3104,1408,416,5007,13666078,13671085
0,89,26,3105,1424,416,5220,13671085,13676305
0,90,26,3106,1440,416,4918,13676305,13681223
0,91,26,3107,1456,416,4418,13681223,13685641
0,92,26,3108,1472,416,4115,13685641,13689756
0,93,26,3109,1488,416,3910,13689756,13693666
0,94,26,3110,1504,416,3797,13693666,13697463
0,95,26,3111,1520,416,3671,13697463,13701134
0,96,26,3112,1536,416,3670,13701134,13704804
0,97,26,3113,1552,416,3868,13704804,13708672
0,98,26,3114,1568,416,4083,13708672,13712755
0,99,26,3115,1584,416,4393,13712755,13717148
0,100,26,3116,1600,416,4720,13717148,13721868
0,101,26,3117,1616,416,4883,13721868,13726751
0,102,26,3118,1632,416,5032,13726751,13731783
0,103,26,3119,1648,416,5108,13731783,13736891
0,104,26,3120,1664,416,4880,13736891,13741771
0,105,26,3121,1680,416,4522,13741771,13746293
0,106,26,3122,1696,416,4283,13746293,13750576
0,107,26,3123,1712,416,4008,13750576,13754584
0,108,26,3124,1728,416,3599,13754584,13758183
0,109,26,3125,1744,416,3247,13758183,13761430
0,110,26,3126,1760,416,2892,13761430,13764322
0,111,26,3127,1776,416,2577,13764322,13766899
0,112,26,3128,1792,416,2337,13766899,13769236
0,113,26,3129,1808,416,2097,13769236,13771333
0,114,26,3130,1824,416,1885,13771333,13773218
0,115,26,3131,1840,416,1711,13773218,13774929
0,0,27,3132,0,432,1564,13774929,13776493
0,1,27,3133,16,432,1658,13776493,13778151
0,2,27,3134,32,432,1769,13778151,13779920
0,3,27,3135,48,432,1895,13779920,13781815
0,4,27,3136,64,432,2034,13781815,13783849
0,5,27,3137,80,432,2330,13783849,13786179
0,6,27,3138,96,432,2698,13786179,13788877
0,7,27,3139,112,432,3169,13788877,13792046
0,8,27,3140,128,432,3835,13792046,13795881
0,9,27,3141,144,432,4585,13795881,13800466
0,10,27,3142,160,432,5433,13800466,13805899
0,11,27,3143,176,432,6033,13805899,13811932
0,12,27,3144,192,432,6327,13811932,13818259
0,13,27,3145,208,432,6287,13818259,13824546
0,14,27,3146,224,432,6227,13824546,13830773
0,15,27,3147,240,432,6030,13830773,13836803
0,16,27,3148,256,432,5649,13836803,13842452
0,17,27,3149,272,432,5380,13842452,13847832
0,18,27,3150,288,432,5290,13847832,13853122
0,19,27,3151,304,432,5364,13853122,13858486
0,20,27,3152,320,432,5460,13858486,13863946
0,21,27,3153,336,432,5478,13863946,13869424
0,22,27,3154,352,432,5294,13869424,13874718
0,23,27,3155,368,432,5199,13874718,13879917
0,24,27,3156,384,432,5219,13879917,13885136
0,25,27,3157,400,432,5072,13885136,13890208
0,26,27,3158,416,432,5096,13890208,13895304
0,27,27,3159,432,432,4985,13895304,13900289
0,28,27,3160,448,432,4991,13900289,13905280
0,29,27,3161,464,432,4945,13905280,13910225
0,30,27,3162,480,432,5010,13910225,13915235
0,31,27,3163,496,432,4705,13915235,13919940
0,32,27,3164,512,432,4291,13919940,13924231
0,33,27,3165,528,432,3887,13924231,13928118
0,34,27,3166,544,432,3262,13928118,13931380
0,35,27,3167,560,432,2741,13931380,13934121
0,36,27,3168,576,432,2775,13934121,13936896
0,37,27,3169,592,432,3116,13936896,13940012
0,38,27,3170,608,432,3752,13940012,13943764
0,39,27,3171,624,432,3785,13943764,13947549
0,40,27,3172,640,432,3247,13947549,13950796
0,41,27,3173,656,432,3043,13950796,13953839
0,42,27,3174,672,432,2654,13953839,13956493
0,43,27,3175,688,432,2268,13956493,13958761
0,44,27,3176,704,432,2075,13958761,13960836
0,45,27,3177,720,432,2041,13960836,13962877
0,46,27,3178,736,432,2027,13962877,13964904
0,47,27,3179,752,432,2030,13964904,13966934
0,48,27,3180,768,432,2130,13966934,13969064
0,49,27,3181,784,432,2452,13969064,13971516
0,50,27,3182,800,432,2826,13971516,13974342
0,51,27,3183,816,432,2867,13974342,13977209
0,52,27,3184,832,432,2941,13977209,13980150
0,53,27,3185,848,432,2854,13980150,13983004
0,54,27,3186,864,432,2757,13983004,13985761
0,55,27,3187,880,432,2964,13985761,13988725
0,56,27,3188,896,432,3027,13988725,13991752
0,57,27,3189,912,432,2847,13991752,13994599
0,58,27,3190,928,432,3046,13994599,13997645
0,59,27,3191,944,432,3211,13997645,14000856
0,60,27,3192,960,432,3255,14000856,14004111
0,61,27,3193,976,432,3329,14004111,14007440
0,62,27,3194,992,432,3326,14007440,14010766
0,63,27,3195,1008,432,3264,14010766,14014030
0,64,27,3196,1024,432,3059,14014030,14017089
0,65,27,3197,1040,432,2980,14017089,14020069
0,66,27,3198,1056,432,3296,14020069,14023365
0,67,27,3199,1072,432,4147,14023365,14027512
0,68,27,3200,1088,432,5000,14027512,14032512
0,69,27,3201,1104,432,5477,14032512,14037989
0,70,27,3202,1120,432,5772,14037989,14043761
0,71,27,3203,1136,432,5760,14043761,14049521
0,72,27,3204,1152,432,5156,14049521,14054677
0,73,27,3205,1168,432,4559,14054677,14059236
0,74,27,3206,1184,432,4152,14059236,14063388
0,75,27,3207,1200,432,3873,14063388,14067261
0,76,27,3208,1216,432,3849,14067261,14071110
0,77,27,3209,1232,432,4026,14071110,14075136
0,78,27,3210,1248,432,4033,14075136,14079169
0,79,27,3211,1264,432,3978,14079169,14083147
0,80,27,3212,1280,432,3976,14083147,14087123
0,81,27,3213,1296,432,4177,14087123,14091300
0,82,27,3214,1312,432,4473,14091300,14095773
0,83,27,3215,1328,432,4624,14095773,14100397
0,84,27,3216,1344,432,4734,14100397,14105131
0,85,27,3217,1360,432,4712,14105131,14109843
0,86,27,3218,1376,432,4540,14109843,14114383
0,87,27,3219,1392,432,4497,14114383,14118880
0,88,27,3220,1408,432,4465,14118880,14123345
0,89,27,3221,1424,432,4352,14123345,14127697
0,90,27,3222,1440,432,4084,14127697,14131781
0,91,27,3223,1456,432,3838,14131781,14135619
0,92,27,3224,1472,432,3676,14135619,14139295
0,93,27,3225,1488,432,3618,14139295,14142913
0,94,27,3226,1504,432,3625,14142913,14146538
0,95,27,3227,1520,432,3547,14146538,14150085
0,96,27,3228,1536,432,3524,14150085,14153609
0,97,27,3229,1552,432,3657,14153609,14157266
0,98,27,3230,1568,432,3820,14157266,14161086
0,99,27,3231,1584,432,4041,14161086,14165127
0,100,27,3232,1600,432,4283,14165127,14169410
0,101,27,3233,1616,432,4502,14169410,14173912
0,102,27,3234,1632,432,4699,14173912,14178611
0,103,27,3235,1648,432,4795,14178611,14183406
0,104,27,3236,1664,432,4612,14183406,14188018
0,105,27,3237,1680,432,4357,14188018,14192375
0,106,27,3238,1696,432,4136,14192375,14196511
0,107,27,3239,1712,432,3814,14196511,14200325
0,108,27,3240,1728,432,3357,14200325,14203682
0,109,27,3241,1744,432,3043,14203682,14206725
0,110,27,3242,1760,432,2741,14206725,14209466
0,111,27,3243,1776,432,2485,14209466,14211951
0,112,27,3244,1792,432,2301,14211951,14214252
0,113,27,3245,1808,432,2103,14214252,14216355
0,114,27,3246,1824,432,1932,14216355,14218287
0,115,27,3247,1840,432,1778,14218287,14220065
0,0,28,3248,0,448,1534,14220065,14221599
0,1,28,3249,16,448,1621,14221599,14223220
0,2,28,3250,32,448,1735,14223220,14224955
0,3,28,3251,48,448,1864,14224955,14226819
0,4,28,3252,64,448,1993,14226819,14228812
0,5,28,3253,80,448,2258,14228812,14231070
0,6,28,3254,96,448,2551,14231070,14233621
0,7,28,3255,112,448,3003,14233621,14236624
0,8,28,3256,128,448,3670,14236624,14240294
0,9,28,3257,144,448,4345,14240294,14244639
0,10,28,3258,160,448,5118,14244639,14249757
0,11,28,3259,176,448,5673,14249757,14255430
0,12,28,3260,192,448,6078,14255430,14261508
0,13,28,3261,208,448,6157,14261508,14267665
0,14,28,3262,224,448,6095,14267665,14273760
0,15,28,3263,240,448,5779,14273760,14279539
0,16,28,3264,256,448,5446,14279539,14284985
0,17,28,3265,272,448,5213,14284985,14290198
0,18,28,3266,288,448,5239,14290198,14295437
0,19,28,3267,304,448,5325,14295437,14300762
0,20,28,3268,320,448,5329,14300762,14306091
0,21,28,3269,336,448,5424,14306091,14311515
0,22,28,3270,352,448,5270,14311515,14316785
0,23,28,3271,368,448,5149,14316785,14321934
0,24,28,3272,384,448,5158,14321934,14327092
0,25,28,3273,400,448,4952,14327092,14332044
0,26,28,3274,416,448,4908,14332044,14336952
0,27,28,3275,432,448,5007,14336952,14341959
0,28,28,3276,448,448,5128,14341959,14347087
0,29,28,3277,464,448,5063,14347087,14352150
0,30,28,3278,480,448,5044,14352150,14357194
0,31,28,3279,496,448,4824,14357194,14362018
0,32,28,3280,512,448,4439,14362018,14366457
0,33,28,3281,528,448,3952,14366457,14370409
0,34,28,3282,544,448,3192,14370409,14373601
0,35,28,3283,560,448,2583,14373601,14376184
0,36,28,3284,576,448,2620,14376184,14378804
0,37,28,3285,592,448,3026,14378804,14381830
0,38,28,3286,608,448,3753,14381830,14385583
0,39,28,3287,624,448,3814,14385583,14389397
0,40,28,3288,640,448,3265,14389397,14392662
0,41,28,3289,656,448,3061,14392662,14395723
0,42,28,3290,672,448,2653,14395723,14398376
0,43,28,3291,688,448,2216,14398376,14400592
0,44,28,3292,704,448,2034,14400592,14402626
0,45,28,3293,720,448,1999,14402626,14404625
0,46,28,3294,736,448,1982,14404625,14406607
0,47,28,3295,752,448,1990,14406607,14408597
0,48,28,3296,768,448,2077,14408597,14410674
0,49,28,3297,784,448,2375,14410674,14413049
0,50,28,3298,800,448,2782,14413049,14415831
0,51,28,3299,816,448,2842,14415831,14418673
0,52,28,3300,832,448,2938,14418673,14421611
0,53,28,3301,848,448,2899,14421611,14424510
0,54,28,3302,864,448,2685,14424510,14427195
0,55,28,3303,880,448,2835,14427195,14430030
0,56,28,3304,896,448,2939,14430030,14432969
0,57,28,3305,912,448,2794,14432969,14435763
0,58,28,3306,928,448,3009,14435763,14438772
0,59,28,3307,944,448,3190,14438772,14441962
0,60,28,3308,960,448,3294,14441962,14445256
0,61,28,3309,976,448,3345,14445256,14448601
0,62,28,3310,992,448,3345,14448601,14451946
0,63,28,3311,1008,448,3287,14451946,14455233
0,64,28,3312,1024,448,3026,14455233,14458259
0,65,28,3313,1040,448,2943,14458259,14461202
0,66,28,3314,1056,448,3243,14461202,14464445
0,67,28,3315,1072,448,4086,14464445,14468531
0,68,28,3316,1088,448,4867,14468531,14473398
0,69,28,3317,1104,448,5293,14473398,14478691
0,70,28,3318,1120,448,5522,14478691,14484213
0,71,28,3319,1136,448,5474,14484213,14489687
0,72,28,3320,1152,448,4863,14489687,14494550
0,73,28,3321,1168,448,4312,14494550,14498862
0,74,28,3322,1184,448,3958,14498862,14502820
0,75,28,3323,1200,448,3726,14502820,14506546
0,76,28,3324,1216,448,3619,14506546,14510165
0,77,28,3325,1232,448,3601,14510165,14513766
0,78,28,3326,1248,448,3516,14513766,14517282
0,79,28,3327,1264,448,3475,14517282,14520757
0,80,28,3328,1280,448,3580,14520757,14524337
0,81,28,3329,1296,448,3758,14524337,14528095
0,82,28,3330,1312,448,3917,14528095,14532012
0,83,28,3331,1328,448,4004,14532012,14536016
0,84,28,3332,1344,448,4134,14536016,14540150
0,85,28,3333,1360,448,4203,14540150,14544353
0,86,28,3334,1376,448,4141,14544353,14548494
0,87,28,3335,1392,448,4093,14548494,14552587
0,88,28,3336,1408,448,4018,14552587,14556605
0,89,28,3337,1424,448,3894,14556605,14560499
0,90,28,3338,1440,448,3662,14560499,14564161
0,91,28,3339,1456,448,3445,14564161,14567606
0,92,28,3340,1472,448,3347,14567606,14570953
0,93,28,3341,1488,448,3361,14570953,14574314
0,94,28,3342,1504,448,3426,14574314,14577740
0,95,28,3343,1520,448,3374,14577740,14581114
0,96,28,3344,1536,448,3360,14581114,14584474
0,97,28,3345,1552,448,3455,14584474,14587929
0,98,28,3346,1568,448,3548,14587929,14591477
0,99,28,3347,1584,448,3674,14591477,14595151
0,100,28,3348,1600,448,3827,14595151,14598978
0,101,28,3349,1616,448,4064,14598978,14603042
0,102,28,3350,1632,448,4328,14603042,14607370
0,103,28,3351,1648,448,4484,14607370,14611854
0,104,28,3352,1664,448,4406,14611854,14616260
0,105,28,3353,1680,448,4256,14616260,14620516
0,106,28,3354,1696,448,4075,14620516,14624591
0,107,28,3355,1712,448,3668,14624591,14628259
0,108,28,3356,1728,448,3161,14628259,14631420
0,109,28,3357,1744,448,2871,14631420,14634291
0,110,28,3358,1760,448,2649,14634291,14636940
0,111,28,3359,1776,448,2470,14636940,14639410
0,112,28,3360,1792,448,2330,14639410,14641740
0,113,28,3361,1808,448,2152,14641740,14643892
0,114,28,3362,1824,448,2012,14643892,14645904
0,115,28,3363,1840,448,1869,14645904,14647773
0,0,29,3364,0,464,1489,14647773,14649262
0,1,29,3365,16,464,1570,14649262,14650832
0,2,29,3366,32,464,1677,14650832,14652509
0,3,29,3367,48,464,1811,14652509,14654320
0,4,29,3368,64,464,1934,14654320,14656254
0,5,29,3369,80,464,2154,14656254,14658408
0,6,29,3370,96,464,2429,14658408,14660837
0,7,29,3371,112,464,2891,14660837,14663728
0,8,29,3372,128,464,3509,14663728,14667237
0,9,29,3373,144,464,4089,14667237,14671326
0,10,29,3374,160,464,4792,14671326,14676118
0,11,29,3375,176,464,5383,14676118,14681501
0,12,29,3376,192,464,5844,14681501,14687345
0,13,29,3377,208,464,5898,14687345,14693243
0,14,29,3378,224,464,5893,14693243,14699136
0,15,29,3379,240,464,5471,14699136,14704607
0,16,29,3380,256,464,5109,14704607,14709716
0,17,29,3381,272,464,4940,14709716,14714656
0,18,29,3382,288,464,4883,14714656,14719539
0,19,29,3383,304,464,4973,14719539,14724512
0,20,29,3384,320,464,5056,14724512,14729568
0,21,29,3385,336,464,5200,14729568,14734768
0,22,29,3386,352,464,5047,14734768,14739815
0,23,29,3387,368,464,4879,14739815,14744694
0,24,29,3388,384,464,4873,14744694,14749567
0,25,29,3389,400,464,4755,14749567,14754322
0,26,29,3390,416,464,4759,14754322,14759081
0,27,29,3391,432,464,4842,14759081,14763923
0,28,29,3392,448,464,4937,14763923,14768860
0,29,29,3393,464,464,4915,14768860,14773775
0,30,29,3394,480,464,5046,14773775,14778821
0,31,29,3395,496,464,5087,14778821,14783908
0,32,29,3396,512,464,4730,14783908,14788638
0,33,29,3397,528,464,4151,14788638,14792789
0,34,29,3398,544,464,3231,14792789,14796020
0,35,29,3399,560,464,2599,14796020,14798619
0,36,29,3400,576,464,2566,14798619,14801185
0,37,29,3401,592,464,2986,14801185,14804171
0,38,29,3402,608,464,3547,14804171,14807718
0,39,29,3403,624,464,3699,14807718,14811417
0,40,29,3404,640,464,3373,14811417,14814790
0,41,29,3405,656,464,3119,14814790,14817909
0,42,29,3406,672,464,2704,14817909,14820613
0,43,29,3407,688,464,2248,14820613,14822861
0,44,29,3408,704,464,2012,14822861,14824873
0,45,29,3409,720,464,1983,14824873,14826856
0,46,29,3410,736,464,1989,14826856,14828845
0,47,29,3411,752,464,2012,14828845,14830857
0,48,29,3412,768,464,2089,14830857,14832946
0,49,29,3413,784,464,2320,14832946,14835266
0,50,29,3414,800,464,2633,14835266,14837899
0,51,29,3415,816,464,2716,14837899,14840615
0,52,29,3416,832,464,2805,14840615,14843420
0,53,29,3417,848,464,2794,14843420,14846214
0,54,29,3418,864,464,2577,14846214,14848791
0,55,29,3419,880,464,2678,14848791,14851469
0,56,29,3420,896,464,2792,14851469,14854261
0,57,29,3421,912,464,2709,14854261,14856970
0,58,29,3422,928,464,2942,14856970,14859912
0,59,29,3423,944,464,3156,14859912,14863068
0,60,29,3424,960,464,3323,14863068,14866391
0,61,29,3425,976,464,3371,14866391,14869762
0,62,29,3426,992,464,3384,14869762,14873146
0,63,29,3427,1008,464,3330,14873146,14876476
0,64,29,3428,1024,464,3088,14876476,14879564
0,65,29,3429,1040,464,2981,14879564,14882545
0,66,29,3430,1056,464,3245,14882545,14885790
0,67,29,3431,1072,464,4114,14885790,14889904
0,68,29,3432,1088,464,4846,14889904,14894750
0,69,29,3433,1104,464,5186,14894750,14899936
0,70,29,3434,1120,464,5384,14899936,14905320
0,71,29,3435,1136,464,5171,14905320,14910491
0,72,29,3436,1152,464,4456,14910491,14914947
0,73,29,3437,1168,464,3926,14914947,14918873
0,74,29,3438,1184,464,3635,14918873,14922508
0,75,29,3439,1200,464,3474,14922508,14925982
0,76,29,3440,1216,464,3392,14925982,14929374
0,77,29,3441,1232,464,3368,14929374,14932742
0,78,29,3442,1248,464,3294,14932742,14936036
0,79,29,3443,1264,464,3264,14936036,14939300
0,80,29,3444,1280,464,3326,14939300,14942626
0,81,29,3445,1296,464,3418,14942626,14946044
0,82,29,3446,1312,464,3513,14946044,14949557
0,83,29,3447,1328,464,3547,14949557,14953104
0,84,29,3448,1344,464,3658,14953104,14956762
0,85,29,3449,1360,464,3759,14956762,14960521
0,86,29,3450,1376,464,3760,14960521,14964281
0,87,29,3451,1392,464,3766,14964281,14968047
0,88,29,3452,1408,464,3729,14968047,14971776
0,89,29,3453,1424,464,3631,14971776,14975407
0,90,29,3454,1440,464,3414,14975407,14978821
0,91,29,3455,1456,464,3220,14978821,14982041
0,92,29,3456,1472,464,3115,14982041,14985156
0,93,29,3457,1488,464,3118,14985156,14988274
0,94,29,3458,1504,464,3158,14988274,14991432
0,95,29,3459,1520,464,3134,14991432,14994566
0,96,29,3460,1536,464,3126,14994566,14997692
0,97,29,3461,1552,464,3183,14997692,15000875
0,98,29,3462,1568,464,3253,15000875,15004128
0,99,29,3463,1584,464,3322,15004128,15007450
0,100,29,3464,1600,464,3465,15007450,15010915
0,101,29,3465,1616,464,3738,15010915,15014653
0,102,29,3466,1632,464,4029,15014653,15018682
0,103,29,3467,1648,464,4191,15018682,15022873
0,104,29,3468,1664,464,4126,15022873,15026999
0,105,29,3469,1680,464,4063,15026999,15031062
0,106,29,3470,1696,464,3933,15031062,15034995
0,107,29,3471,1712,464,3483,15034995,15038478
0,108,29,3472,1728,464,2970,15038478,15041448
0,109,29,3473,1744,464,2715,15041448,15044163
0,110,29,3474,1760,464,2618,15044163,15046781
0,111,29,3475,1776,464,2611,15046781,15049392
0,112,29,3476,1792,464,2573,15049392,15051965
0,113,29,3477,1808,464,2417,15051965,15054382
0,114,29,3478,1824,464,2226,15054382,15056608
0,115,29,3479,1840,464,2030,15056608,15058638
0,0,30,3480,0,480,1442,15058638,15060080
0,1,30,3481,16,480,1515,15060080,15061595
0,2,30,3482,32,480,1625,15061595,15063220
0,3,30,3483,48,480,1751,15063220,15064971
0,4,30,3484,64,480,1864,15064971,15066835
0,5,30,3485,80,480,2044,15066835,15068879
0,6,30,3486,96,480,2265,15068879,15071144
0,7,30,3487,112,480,2721,15071144,15073865
0,8,30,3488,128,480,3318,15073865,15077183
0,9,30,3489,144,480,3906,15077183,15081089
0,10,30,3490,160,480,4516,15081089,15085605
0,11,30,3491,176,480,5039,15085605,15090644
0,12,30,3492,192,480,5419,15090644,15096063
0,13,30,3493,208,480,5460,15096063,15101523
0,14,30,3494,224,480,5430,15101523,15106953
0,15,30,3495,240,480,5050,15106953,15112003
0,16,30,3496,256,480,4725,15112003,15116728
0,17,30,3497,272,480,4575,15116728,15121303
0,18,30,3498,288,480,4502,15121303,15125805
0,19,30,3499,304,480,4597,15125805,15130402
0,20,30,3500,320,480,4715,15130402,15135117
0,21,30,3501,336,480,4880,15135117,15139997
0,22,30,3502,352,480,4749,15139997,15144746
0,23,30,3503,368,480,4672,15144746,15149418
0,24,30,3504,384,480,4612,15149418,15154030
0,25,30,3505,400,480,4441,15154030,15158471
0,26,30,3506,416,480,4423,15158471,15162894
0,27,30,3507,432,480,4415,15162894,15167309
0,28,30,3508,448,480,4437,15167309,15171746
0,29,30,3509,464,480,4436,15171746,15176182
0,30,30,3510,480,480,4660,15176182,15180842
0,31,30,3511,496,480,5207,15180842,15186049
0,32,30,3512,512,480,4956,15186049,15191005
0,33,30,3513,528,480,4370,15191005,15195375
0,34,30,3514,544,480,3452,15195375,15198827
0,35,30,3515,560,480,2624,15198827,15201451
0,36,30,3516,576,480,2604,15201451,15204055
0,37,30,3517,592,480,3098,15204055,15207153
0,38,30,3518,608,480,3678,15207153,15210831
0,39,30,3519,624,480,4068,15210831,15214899
0,40,30,3520,640,480,3707,15214899,15218606
0,41,30,3521,656,480,3411,15218606,15222017
0,42,30,3522,672,480,2926,15222017,15224943
0,43,30,3523,688,480,2308,15224943,15227251
0,44,30,3524,704,480,2070,15227251,15229321
0,45,30,3525,720,480,2045,15229321,15231366
0,46,30,3526,736,480,2049,15231366,15233415
0,47,30,3527,752,480,2085,15233415,15235500
0,48,30,3528,768,480,2182,15235500,15237682
0,49,30,3529,784,480,2359,15237682,15240041
0,50,30,3530,800,480,2570,15240041,15242611
0,51,30,3531,816,480,2649,15242611,15245260
0,52,30,3532,832,480,2717,15245260,15247977
0,53,30,3533,848,480,2737,15247977,15250714
0,54,30,3534,864,480,2532,15250714,15253246
0,55,30,3535,880,480,2571,15253246,15255817
0,56,30,3536,896,480,2595,15255817,15258412
0,57,30,3537,912,480,2560,15258412,15260972
0,58,30,3538,928,480,2762,15260972,15263734
0,59,30,3539,944,480,3148,15263734,15266882
0,60,30,3540,960,480,3430,15266882,15270312
0,61,30,3541,976,480,3514,15270312,15273826
0,62,30,3542,992,480,3569,15273826,15277395
0,63,30,3543,1008,480,3559,15277395,15280954
0,64,30,3544,1024,480,3344,15280954,15284298
0,65,30,3545,1040,480,3151,15284298,15287449
0,66,30,3546,1056,480,3425,15287449,15290874
0,67,30,3547,1072,480,4331,15290874,15295205
0,68,30,3548,1088,480,4920,15295205,15300125
0,69,30,3549,1104,480,5168,15300125,15305293
0,70,30,3550,1120,480,5256,15305293,15310549
0,71,30,3551,1136,480,4975,15310549,15315524
0,72,30,3552,1152,480,4194,15315524,15319718
0,73,30,3553,1168,480,3641,15319718,15323359
0,74,30,3554,1184,480,3362,15323359,15326721
0,75,30,3555,1200,480,3223,15326721,15329944
0,76,30,3556,1216,480,3169,15329944,15333113
0,77,30,3557,1232,480,3148,15333113,15336261
0,78,30,3558,1248,480,3087,15336261,15339348
0,79,30,3559,1264,480,3076,15339348,15342424
0,80,30,3560,1280,480,3121,15342424,15345545
0,81,30,3561,1296,480,3169,15345545,15348714
0,82,30,3562,1312,480,3255,15348714,15351969
0,83,30,3563,1328,480,3342,15351969,15355311
0,84,30,3564,1344,480,3526,15355311,15358837
0,85,30,3565,1360,480,3709,15358837,15362546
0,86,30,3566,1376,480,3746,15362546,15366292
0,87,30,3567,1392,480,3781,15366292,15370073
0,88,30,3568,1408,480,3701,15370073,15373774
0,89,30,3569,1424,480,3533,15373774,15377307
0,90,30,3570,1440,480,3238,15377307,15380545
0,91,30,3571,1456,480,2991,15380545,15383536
0,92,30,3572,1472,480,2888,15383536,15386424
0,93,30,3573,1488,480,2862,15386424,15389286
0,94,30,3574,1504,480,2868,15389286,15392154
0,95,30,3575,1520,480,2843,15392154,15394997
0,96,30,3576,1536,480,2839,15394997,15397836
0,97,30,3577,1552,480,2892,15397836,15400728
0,98,30,3578,1568,480,2955,15400728,15403683
0,99,30,3579,1584,480,3065,15403683,15406748
0,100,30,3580,1600,480,3246,15406748,15409994
0,101,30,3581,1616,480,3577,15409994,15413571
0,102,30,3582,1632,480,3894,15413571,15417465
0,103,30,3583,1648,480,3978,15417465,15421443
0,104,30,3584,1664,480,3911,15421443,15425354
0,105,30,3585,1680,480,3861,15425354,15429215
0,106,30,3586,1696,480,3737,15429215,15432952
0,107,30,3587,1712,480,3285,15432952,15436237
0,108,30,3588,1728,480,2786,15436237,15439023
0,109,30,3589,1744,480,2563,15439023,15441586
0,110,30,3590,1760,480,2495,15441586,15444081
0,111,30,3591,1776,480,2576,15444081,15446657
0,112,30,3592,1792,480,2700,15446657,15449357
0,113,30,3593,1808,480,2638,15449357,15451995
0,114,30,3594,1824,480,2488,15451995,15454483
0,115,30,3595,1840,480,2287,15454483,15456770
0,0,31,3596,0,496,1396,15456770,15458166
0,1,31,3597,16,496,1463,15458166,15459629
0,2,31,3598,32,496,1570,15459629,15461199
0,3,31,3599,48,496,1697,15461199,15462896
0,4,31,3600,64,496,1799,15462896,15464695
0,5,31,3601,80,496,1937,15464695,15466632
0,6,31,3602,96,496,2150,15466632,15468782
0,7,31,3603,112,496,2594,15468782,15471376
0,8,31,3604,128,496,3182,15471376,15474558
0,9,31,3605,144,496,3721,15474558,15478279
0,10,31,3606,160,496,4259,15478279,15482538
0,11,31,3607,176,496,4787,15482538,15487325
0,12,31,3608,192,496,5131,15487325,15492456
0,13,31,3609,208,496,5263,15492456,15497719
0,14,31,3610,224,496,5231,15497719,15502950
0,15,31,3611,240,496,4881,15502950,15507831
0,16,31,3612,256,496,4730,15507831,15512561
0,17,31,3613,272,496,4732,15512561,15517293
0,18,31,3614,288,496,4688,15517293,15521981
0,19,31,3615,304,496,4585,15521981,15526566
0,20,31,3616,320,496,4524,15526566,15531090
0,21,31,3617,336,496,4615,15531090,15535705
0,22,31,3618,352,496,4672,15535705,15540377
0,23,31,3619,368,496,4679,15540377,15545056
0,24,31,3620,384,496,4604,15545056,15549660
0,25,31,3621,400,496,4464,15549660,15554124
0,26,31,3622,416,496,4385,15554124,15558509
0,27,31,3623,432,496,4317,15558509,15562826
0,28,31,3624,448,496,4165,15562826,15566991
0,29,31,3625,464,496,4020,15566991,15571011
0,30,31,3626,480,496,4242,15571011,15575253
0,31,31,3627,496,496,5052,15575253,15580305
0,32,31,3628,512,496,4947,15580305,15585252
0,33,31,3629,528,496,4441,15585252,15589693
0,34,31,3630,544,496,3587,15589693,15593280
0,35,31,3631,560,496,2727,15593280,15596007
0,36,31,3632,576,496,2658,15596007,15598665
0,37,31,3633,592,496,3187,15598665,15601852
0,38,31,3634,608,496,3796,15601852,15605648
0,39,31,3635,624,496,4415,15605648,15610063
0,40,31,3636,640,496,4104,15610063,15614167
0,41,31,3637,656,496,3751,15614167,15617918
0,42,31,3638,672,496,3062,15617918,15620980
0,43,31,3639,688,496,2424,15620980,15623404
0,44,31,3640,704,496,2194,15623404,15625598
0,45,31,3641,720,496,2175,15625598,15627773
0,46,31,3642,736,496,2189,15627773,15629962
0,47,31,3643,752,496,2248,15629962,15632210
0,48,31,3644,768,496,2360,15632210,15634570
0,49,31,3645,784,496,2512,15634570,15637082
0,50,31,3646,800,496,2632,15637082,15639714
0,51,31,3647,816,496,2702,15639714,15642416
0,52,31,3648,832,496,2745,15642416,15645161
0,53,31,3649,848,496,2741,15645161,15647902
0,54,31,3650,864,496,2581,15647902,15650483
0,55,31,3651,880,496,2594,15650483,15653077
0,56,31,3652,896,496,2576,15653077,15655653
0,57,31,3653,912,496,2597,15655653,15658250
0,58,31,3654,928,496,2799,15658250,15661049
0,59,31,3655,944,496,3232,15661049,15664281
0,60,31,3656,960,496,3620,15664281,15667901
0,61,31,3657,976,496,3724,15667901,15671625
0,62,31,3658,992,496,3799,15671625,15675424
0,63,31,3659,1008,496,3775,15675424,15679199
0,64,31,3660,1024,496,3558,15679199,15682757
0,65,31,3661,1040,496,3328,15682757,15686085
0,66,31,3662,1056,496,3669,15686085,15689754
0,67,31,3663,1072,496,4492,15689754,15694246
0,68,31,3664,1088,496,4888,15694246,15699134
0,69,31,3665,1104,496,5020,15699134,15704154
0,70,31,3666,1120,496,5018,15704154,15709172
0,71,31,3667,1136,496,4719,15709172,15713891
0,72,31,3668,1152,496,3915,15713891,15717806
0,73,31,3669,1168,496,3323,15717806,15721129
0,74,31,3670,1184,496,3055,15721129,15724184
0,75,31,3671,1200,496,2923,15724184,15727107
0,76,31,3672,1216,496,2887,15727107,15729994
0,77,31,3673,1232,496,2871,15729994,15732865
0,78,31,3674,1248,496,2823,15732865,15735688
0,79,31,3675,1264,496,2808,15735688,15738496
0,80,31,3676,1280,496,2868,15738496,15741364
0,81,31,3677,1296,496,2925,15741364,15744289
0,82,31,3678,1312,496,3064,15744289,15747353
0,83,31,3679,1328,496,3270,15747353,15750623
0,84,31,3680,1344,496,3671,15750623,15754294
0,85,31,3681,1360,496,4063,15754294,15758357
0,86,31,3682,1376,496,4166,15758357,15762523
0,87,31,3683,1392,496,4176,15762523,15766699
0,88,31,3684,1408,496,3952,15766699,15770651
0,89,31,3685,1424,496,3601,15770651,15774252
0,90,31,3686,1440,496,3064,15774252,15777316
0,91,31,3687,1456,496,2696,15777316,15780012
0,92,31,3688,1472,496,2568,15780012,15782580
0,93,31,3689,1488,496,2526,15782580,15785106
0,94,31,3690,1504,496,2524,15785106,15787630
0,95,31,3691,1520,496,2513,15787630,15790143
0,96,31,3692,1536,496,2523,15790143,15792666
0,97,31,3693,1552,496,2590,15792666,15795256
0,98,31,3694,1568,496,2709,15795256,15797965
0,99,31,3695,1584,496,2893,15797965,15800858
0,100,31,3696,1600,496,3184,15800858,15804042
0,101,31,3697,1616,496,3547,15804042,15807589
0,102,31,3698,1632,496,3846,15807589,15811435
0,103,31,3699,1648,496,3887,15811435,15815322
0,104,31,3700,1664,496,3812,15815322,15819134
0,105,31,3701,1680,496,3773,15819134,15822907
0,106,31,3702,1696,496,3594,15822907,15826501
0,107,31,3703,1712,496,3087,15826501,15829588
0,108,31,3704,1728,496,2628,15829588,15832216
0,109,31,3705,1744,496,2414,15832216,15834630
0,110,31,3706,1760,496,2382,15834630,15837012
0,111,31,3707,1776,496,2477,15837012,15839489
0,112,31,3708,1792,496,2632,15839489,15842121
0,113,31,3709,1808,496,2654,15842121,15844775
0,114,31,3710,1824,496,2626,15844775,15847401
0,115,31,3711,1840,496,2508,15847401,15849909
0,0,32,3712,0,512,1357,15849909,15851266
0,1,32,3713,16,512,1420,15851266,15852686
0,2,32,3714,32,512,1520,15852686,15854206
0,3,32,3715,48,512,1647,15854206,15855853
0,4,32,3716,64,512,1740,15855853,15857593
0,5,32,3717,80,512,1867,15857593,15859460
0,6,32,3718,96,512,2051,15859460,15861511
0,7,32,3719,112,512,2450,15861511,15863961
0,8,32,3720,128,512,3022,15863961,15866983
0,9,32,3721,144,512,3514,15866983,15870497
0,10,32,3722,160,512,4012,15870497,15874509
0,11,32,3723,176,512,4595,15874509,15879104
0,12,32,3724,192,512,5063,15879104,15884167
0,13,32,3725,208,512,5342,15884167,15889509
0,14,32,3726,224,512,5413,15889509,15894922
0,15,32,3727,240,512,5016,15894922,15899938
0,16,32,3728,256,512,4947,15899938,15904885
0,17,32,3729,272,512,5072,15904885,15909957
0,18,32,3730,288,512,5016,15909957,15914973
0,19,32,3731,304,512,4850,15914973,15919823
0,20,32,3732,320,512,4892,15919823,15924715
0,21,32,3733,336,512,5009,15924715,15929724
0,22,32,3734,352,512,5169,15929724,15934893
0,23,32,3735,368,512,5157,15934893,15940050
0,24,32,3736,384,512,5006,15940050,15945056
0,25,32,3737,400,512,4813,15945056,15949869
0,26,32,3738,416,512,4699,15949869,15954568
0,27,32,3739,432,512,4612,15954568,15959180
0,28,32,3740,448,512,4384,15959180,15963564
0,29,32,3741,464,512,4144,15963564,15967708
0,30,32,3742,480,512,4325,15967708,15972033
0,31,32,3743,496,512,4993,15972033,15977026
0,32,32,3744,512,512,4920,15977026,15981946
0,33,32,3745,528,512,4478,15981946,15986424
0,34,32,3746,544,512,3705,15986424,15990129
0,35,32,3747,560,512,2809,15990129,15992938
0,36,32,3748,576,512,2682,15992938,15995620
0,37,32,3749,592,512,3143,15995620,15998763
0,38,32,3750,608,512,3758,15998763,16002521
0,39,32,3751,624,512,4540,16002521,16007061
0,40,32,3752,640,512,4399,16007061,16011460
0,41,32,3753,656,512,3975,16011460,16015435
0,42,32,3754,672,512,3241,16015435,16018676
0,43,32,3755,688,512,2662,16018676,16021338
0,44,32,3756,704,512,2453,16021338,16023791
0,45,32,3757,720,512,2448,16023791,16026239
0,46,32,3758,736,512,2501,16026239,16028740
0,47,32,3759,752,512,2577,16028740,16031317
0,48,32,3760,768,512,2681,16031317,16033998
0,49,32,3761,784,512,2784,16033998,16036782
0,50,32,3762,800,512,2803,16036782,16039585
0,51,32,3763,816,512,2841,16039585,16042426
0,52,32,3764,832,512,2882,16042426,16045308
0,53,32,3765,848,512,2869,16045308,16048177
0,54,32,3766,864,512,2862,16048177,16051039
0,55,32,3767,880,512,2839,16051039,16053878
0,56,32,3768,896,512,2778,16053878,16056656
0,57,32,3769,912,512,2804,16056656,16059460
0,58,32,3770,928,512,2968,16059460,16062428
0,59,32,3771,944,512,3397,16062428,16065825
0,60,32,3772,960,512,3884,16065825,16069709
0,61,32,3773,976,512,4031,16069709,16073740
0,62,32,3774,992,512,4108,16073740,16077848
0,63,32,3775,1008,512,4008,16077848,16081856
0,64,32,3776,1024,512,3741,16081856,16085597
0,65,32,3777,1040,512,3579,16085597,16089176
0,66,32,3778,1056,512,3886,16089176,16093062
0,67,32,3779,1072,512,4605,16093062,16097667
0,68,32,3780,1088,512,4816,16097667,16102483
0,69,32,3781,1104,512,4754,16102483,16107237
0,70,32,3782,1120,512,4642,16107237,16111879
0,71,32,3783,1136,512,4228,16111879,16116107
0,72,32,3784,1152,512,3501,16116107,16119608
0,73,32,3785,1168,512,3003,16119608,16122611
0,74,32,3786,1184,512,2718,16122611,16125329
0,75,32,3787,1200,512,2586,16125329,16127915
0,76,32,3788,1216,512,2560,16127915,16130475
0,77,32,3789,1232,512,2534,16130475,16133009
0,78,32,3790,1248,512,2497,16133009,16135506
0,79,32,3791,1264,512,2498,16135506,16138004
0,80,32,3792,1280,512,2556,16138004,16140560
0,81,32,3793,1296,512,2656,16140560,16143216
0,82,32,3794,1312,512,2868,16143216,16146084
0,83,32,3795,1328,512,3196,16146084,16149280
0,84,32,3796,1344,512,3727,16149280,16153007
0,85,32,3797,1360,512,4186,16153007,16157193
0,86,32,3798,1376,512,4410,16157193,16161603
0,87,32,3799,1392,512,4349,16161603,16165952
0,88,32,3800,1408,512,3966,16165952,16169918
0,89,32,3801,1424,512,3506,16169918,16173424
0,90,32,3802,1440,512,2848,16173424,16176272
0,91,32,3803,1456,512,2413,16176272,16178685
0,92,32,3804,1472,512,2244,16178685,16180929
0,93,32,3805,1488,512,2206,16180929,16183135
0,94,32,3806,1504,512,2201,16183135,16185336
0,95,32,3807,1520,512,2208,16185336,16187544
0,96,32,3808,1536,512,2232,16187544,16189776
0,97,32,3809,1552,512,2334,16189776,16192110
0,98,32,3810,1568,512,2486,16192110,16194596
0,99,32,3811,1584,512,2738,16194596,16197334
0,100,32,3812,1600,512,3087,16197334,16200421
0,101,32,3813,1616,512,3468,16200421,16203889
0,102,32,3814,1632,512,3686,16203889,16207575
0,103,32,3815,1648,512,3686,16207575,16211261
0,104,32,3816,1664,512,3632,16211261,16214893
0,105,32,3817,1680,512,3596,16214893,16218489
0,106,32,3818,1696,512,3367,16218489,16221856
0,107,32,3819,1712,512,2882,16221856,16224738
0,108,32,3820,1728,512,2509,16224738,16227247
0,109,32,3821,1744,512,2307,16227247,16229554
0,110,32,3822,1760,512,2280,16229554,16231834
0,111,32,3823,1776,512,2385,16231834,16234219
0,112,32,3824,1792,512,2531,16234219,16236750
0,113,32,3825,1808,512,2569,16236750,16239319
0,114,32,3826,1824,512,2576,16239319,16241895
0,115,32,3827,1840,512,2577,16241895,16244472
0,0,33,3828,0,528,1318,16244472,16245790
0,1,33,3829,16,528,1372,16245790,16247162
0,2,33,3830,32,528,1467,16247162,16248629
0,3,33,3831,48,528,1588,16248629,16250217
0,4,33,3832,64,528,1677,16250217,16251894
0,5,33,3833,80,528,1789,16251894,16253683
0,6,33,3834,96,528,1949,16253683,16255632
0,7,33,3835,112,528,2281,16255632,16257913
0,8,33,3836,128,528,2842,16257913,16260755
0,9,33,3837,144,528,3321,16260755,16264076
0,10,33,3838,160,528,3849,16264076,16267925
0,11,33,3839,176,528,4498,16267925,16272423
0,12,33,3840,192,528,5115,16272423,16277538
0,13,33,3841,208,528,5659,16277538,16283197
0,14,33,3842,224,528,5927,16283197,16289124
0,15,33,3843,240,528,5609,16289124,16294733
0,16,33,3844,256,528,5472,16294733,16300205
0,17,33,3845,272,528,5605,16300205,16305810
0,18,33,3846,288,528,5577,16305810,16311387
0,19,33,3847,304,528,5517,16311387,16316904
0,20,33,3848,320,528,5634,16316904,16322538
0,21,33,3849,336,528,5663,16322538,16328201
0,22,33,3850,352,528,5709,16328201,16333910
0,23,33,3851,368,528,5711,16333910,16339621
0,24,33,3852,384,528,5422,16339621,16345043
0,25,33,3853,400,528,5094,16345043,16350137
0,26,33,3854,416,528,5043,16350137,16355180
0,27,33,3855,432,528,4966,16355180,16360146
0,28,33,3856,448,528,4740,16360146,16364886
0,29,33,3857,464,528,4477,16364886,16369363
0,30,33,3858,480,528,4614,16369363,16373977
0,31,33,3859,496,528,5112,16373977,16379089
0,32,33,3860,512,528,4929,16379089,16384018
0,33,33,3861,528,528,4495,16384018,16388513
0,34,33,3862,544,528,3969,16388513,16392482
0,35,33,3863,560,528,2954,16392482,16395436
0,36,33,3864,576,528,2721,16395436,16398157
0,37,33,3865,592,528,3074,16398157,16401231
0,38,33,3866,608,528,3721,16401231,16404952
0,39,33,3867,624,528,4546,16404952,16409498
0,40,33,3868,640,528,4511,16409498,16414009
0,41,33,3869,656,528,4055,16414009,16418064
0,42,33,3870,672,528,3457,16418064,16421521
0,43,33,3871,688,528,2996,16421521,16424517
0,44,33,3872,704,528,2944,16424517,16427461
0,45,33,3873,720,528,2984,16427461,16430445
0,46,33,3874,736,528,3058,16430445,16433503
0,47,33,3875,752,528,3091,16433503,16436594
0,48,33,3876,768,528,3128,16436594,16439722
0,49,33,3877,784,528,3128,16439722,16442850
0,50,33,3878,800,528,3104,16442850,16445954
0,51,33,3879,816,528,3159,16445954,16449113
0,52,33,3880,832,528,3187,16449113,16452300
0,53,33,3881,848,528,3184,16452300,16455484
0,54,33,3882,864,528,3243,16455484,16458727
0,55,33,3883,880,528,3242,16458727,16461969
0,56,33,3884,896,528,3231,16461969,16465200
0,57,33,3885,912,528,3235,16465200,16468435
0,58,33,3886,928,528,3378,16468435,16471813
0,59,33,3887,944,528,3666,16471813,16475479
0,60,33,3888,960,528,4059,16475479,16479538
0,61,33,3889,976,528,4226,16479538,16483764
0,62,33,3890,992,528,4264,16483764,16488028
0,63,33,3891,1008,528,4094,16488028,16492122
0,64,33,3892,1024,528,3802,16492122,16495924
0,65,33,3893,1040,528,3653,16495924,16499577
0,66,33,3894,1056,528,4020,16499577,16503597
0,67,33,3895,1072,528,4660,16503597,16508257
0,68,33,3896,1088,528,4689,16508257,16512946
0,69,33,3897,1104,528,4509,16512946,16517455
0,70,33,3898,1120,528,4313,16517455,16521768
0,71,33,3899,1136,528,3850,16521768,16525618
0,72,33,3900,1152,528,3105,16525618,16528723
0,73,33,3901,1168,528,2615,16528723,16531338
0,74,33,3902,1184,528,2329,16531338,16533667
0,75,33,3903,1200,528,2181,16533667,16535848
0,76,33,3904,1216,528,2144,16535848,16537992
0,77,33,3905,1232,528,2112,16537992,16540104
0,78,33,3906,1248,528,2103,16540104,16542207
0,79,33,3907,1264,528,2109,16542207,16544316
0,80,33,3908,1280,528,2183,16544316,16546499
0,81,33,3909,1296,528,2330,16546499,16548829
0,82,33,3910,1312,528,2606,16548829,16551435
0,83,33,3911,1328,528,3061,16551435,16554496
0,84,33,3912,1344,528,3724,16554496,16558220
0,85,33,3913,1360,528,4182,16558220,16562402
0,86,33,3914,1376,528,4460,16562402,16566862
0,87,33,3915,1392,528,4278,16566862,16571140
0,88,33,3916,1408,528,3766,16571140,16574906
0,89,33,3917,1424,528,3310,16574906,16578216
0,90,33,3918,1440,528,2579,16578216,16580795
0,91,33,3919,1456,528,2122,16580795,16582917
0,92,33,3920,1472,528,1948,16582917,16584865
0,93,33,3921,1488,528,1892,16584865,16586757
0,94,33,3922,1504,528,1883,16586757,16588640
0,95,33,3923,1520,528,1901,16588640,16590541
0,96,33,3924,1536,528,1941,16590541,16592482
0,97,33,3925,1552,528,2061,16592482,16594543
0,98,33,3926,1568,528,2237,16594543,16596780
0,99,33,3927,1584,528,2553,16596780,16599333
0,100,33,3928,1600,528,2947,16599333,16602280
0,101,33,3929,1616,528,3323,16602280,16605603
0,102,33,3930,1632,528,3489,16605603,16609092
0,103,33,3931,1648,528,3502,16609092,16612594
0,104,33,3932,1664,528,3485,16612594,16616079
0,105,33,3933,1680,528,3442,16616079,16619521
0,106,33,3934,1696,528,3170,16619521,16622691
0,107,33,3935,1712,528,2722,16622691,16625413
0,108,33,3936,1728,528,2397,16625413,16627810
0,109,33,3937,1744,528,2216,16627810,16630026
0,110,33,3938,1760,528,2158,16630026,16632184
0,111,33,3939,1776,528,2224,16632184,16634408
0,112,33,3940,1792,528,2327,16634408,16636735
0,113,33,3941,1808,528,2373,16636735,16639108
0,114,33,3942,1824,528,2457,16639108,16641565
0,115,33,3943,1840,528,2521,16641565,16644086
0,0,34,3944,0,544,1287,16644086,16645373
0,1,34,3945,16,544,1337,16645373,16646710
0,2,34,3946,32,544,1432,16646710,16648142
0,3,34,3947,48,544,1551,16648142,16649693
0,4,34,3948,64,544,1642,16649693,16651335
0,5,34,3949,80,544,1749,16651335,16653084
0,6,34,3950,96,544,1899,16653084,16654983
0,7,34,3951,112,544,2214,16654983,16657197
0,8,34,3952,128,544,2731,16657197,16659928
0,9,34,3953,144,544,3212,16659928,16663140
0,10,34,3954,160,544,3756,16663140,16666896
0,11,34,3955,176,544,4419,16666896,16671315
0,12,34,3956,192,544,5119,16671315,16676434
0,13,34,3957,208,544,5707,16676434,16682141
0,14,34,3958,224,544,5988,16682141,16688129
0,15,34,3959,240,544,5877,16688129,16694006
0,16,34,3960,256,544,5782,16694006,16699788
0,17,34,3961,272,544,5884,16699788,16705672
0,18,34,3962,288,544,5848,16705672,16711520
0,19,34,3963,304,544,5857,16711520,16717377
0,20,34,3964,320,544,6057,16717377,16723434
0,21,34,3965,336,544,6060,16723434,16729494
0,22,34,3966,352,544,5981,16729494,16735475
0,23,34,3967,368,544,5973,16735475,16741448
0,24,34,3968,384,544,5657,16741448,16747105
0,25,34,3969,400,544,5287,16747105,16752392
0,26,34,3970,416,544,5242,16752392,16757634
0,27,34,3971,432,544,5111,16757634,16762745
0,28,34,3972,448,544,4908,16762745,16767653
0,29,34,3973,464,544,4674,16767653,16772327
0,30,34,3974,480,544,4914,16772327,16777241
0,31,34,3975,496,544,5455,16777241,16782696
0,32,34,3976,512,544,5368,16782696,16788064
0,33,34,3977,528,544,4791,16788064,16792855
0,34,34,3978,544,544,4274,16792855,16797129
0,35,34,3979,560,544,3213,16797129,16800342
0,36,34,3980,576,544,2786,16800342,16803128
0,37,34,3981,592,544,2984,16803128,16806112
0,38,34,3982,608,544,3611,16806112,16809723
0,39,34,3983,624,544,4468,16809723,16814191
0,40,34,3984,640,544,4672,16814191,16818863
0,41,34,3985,656,544,4179,16818863,16823042
0,42,34,3986,672,544,3709,16823042,16826751
0,43,34,3987,688,544,3375,16826751,16830126
0,44,34,3988,704,544,3403,16830126,16833529
0,45,34,3989,720,544,3500,16833529,16837029
0,46,34,3990,736,544,3589,16837029,16840618
0,47,34,3991,752,544,3561,16840618,16844179
0,48,34,3992,768,544,3542,16844179,16847721
0,49,34,3993,784,544,3466,16847721,16851187
0,50,34,3994,800,544,3409,16851187,16854596
0,51,34,3995,816,544,3454,16854596,16858050
0,52,34,3996,832,544,3487,16858050,16861537
0,53,34,3997,848,544,3500,16861537,16865037
0,54,34,3998,864,544,3533,16865037,16868570
0,55,34,3999,880,544,3535,16868570,16872105
0,56,34,4000,896,544,3552,16872105,16875657
0,57,34,4001,912,544,3591,16875657,16879248
0,58,34,4002,928,544,3720,16879248,16882968
0,59,34,4003,944,544,4059,16882968,16887027
0,60,34,4004,960,544,4400,16887027,16891427
0,61,34,4005,976,544,4643,16891427,16896070
0,62,34,4006,992,544,4661,16896070,16900731
0,63,34,4007,1008,544,4338,16900731,16905069
0,64,34,4008,1024,544,3946,16905069,16909015
0,65,34,4009,1040,544,3754,16909015,16912769
0,66,34,4010,1056,544,4138,16912769,16916907
0,67,34,4011,1072,544,4744,16916907,16921651
0,68,34,4012,1088,544,4608,16921651,16926259
0,69,34,4013,1104,544,4383,16926259,16930642
0,70,34,4014,1120,544,4121,16930642,16934763
0,71,34,4015,1136,544,3598,16934763,16938361
0,72,34,4016,1152,544,2774,16938361,16941135
0,73,34,4017,1168,544,2301,16941135,16943436
0,74,34,4018,1184,544,2035,16943436,16945471
0,75,34,4019,1200,544,1887,16945471,16947358
0,76,34,4020,1216,544,1843,16947358,16949201
0,77,34,4021,1232,544,1811,16949201,16951012
0,78,34,4022,1248,544,1815,16951012,16952827
0,79,34,4023,1264,544,1854,16952827,16954681
0,80,34,4024,1280,544,1936,16954681,16956617
0,81,34,4025,1296,544,2104,16956617,16958721
0,82,34,4026,1312,544,2436,16958721,16961157
0,83,34,4027,1328,544,3031,16961157,16964188
0,84,34,4028,1344,544,3766,16964188,16967954
0,85,34,4029,1360,544,4230,16967954,16972184
0,86,34,4030,1376,544,4544,16972184,16976728
0,87,34,4031,1392,544,4220,16976728,16980948
0,88,34,4032,1408,544,3645,16980948,16984593
0,89,34,4033,1424,544,3146,16984593,16987739
0,90,34,4034,1440,544,2378,16987739,16990117
0,91,34,4035,1456,544,1921,16990117,16992038
0,92,34,4036,1472,544,1747,16992038,16993785
0,93,34,4037,1488,544,1681,16993785,16995466
0,94,34,4038,1504,544,1673,16995466,16997139
0,95,34,4039,1520,544,1702,16997139,16998841
0,96,34,4040,1536,544,1761,16998841,17000602
0,97,34,4041,1552,544,1896,17000602,17002498
0,98,34,4042,1568,544,2107,17002498,17004605
0,99,34,4043,1584,544,2421,17004605,17007026
0,100,34,4044,1600,544,2826,17007026,17009852
0,101,34,4045,1616,544,3171,17009852,17013023
0,102,34,4046,1632,544,3277,17013023,17016300
0,103,34,4047,1648,544,3298,17016300,17019598
0,104,34,4048,1664,544,3294,17019598,17022892
0,105,34,4049,1680,544,3236,17022892,17026128
0,106,34,4050,1696,544,2974,17026128,17029102
0,107,34,4051,1712,544,2578,17029102,17031680
0,108,34,4052,1728,544,2304,17031680,17033984
0,109,34,4053,1744,544,2126,17033984,17036110
0,110,34,4054,1760,544,2023,17036110,17038133
0,111,34,4055,1776,544,2009,17038133,17040142
0,112,34,4056,1792,544,2063,17040142,17042205
0,113,34,4057,1808,544,2065,17042205,17044270
0,114,34,4058,1824,544,2133,17044270,17046403
0,115,34,4059,1840,544,2283,17046403,17048686
0,0,35,4060,0,560,1251,17048686,17049937
0,1,35,4061,16,560,1304,17049937,17051241
0,2,35,4062,32,560,1398,17051241,17052639
0,3,35,4063,48,560,1507,17052639,17054146
0,4,35,4064,64,560,1603,17054146,17055749
0,5,35,4065,80,560,1712,17055749,17057461
0,6,35,4066,96,560,1845,17057461,17059306
0,7,35,4067,112,560,2118,17059306,17061424
0,8,35,4068,128,560,2551,17061424,17063975
0,9,35,4069,144,560,3076,17063975,17067051
0,10,35,4070,160,560,3674,17067051,17070725
0,11,35,4071,176,560,4292,17070725,17075017
0,12,35,4072,192,560,4996,17075017,17080013
0,13,35,4073,208,560,5539,17080013,17085552
0,14,35,4074,224,560,5710,17085552,17091262
0,15,35,4075,240,560,5716,17091262,17096978
0,16,35,4076,256,560,5649,17096978,17102627
0,17,35,4077,272,560,5638,17102627,17108265
0,18,35,4078,288,560,5577,17108265,17113842
0,19,35,4079,304,560,5515,17113842,17119357
0,20,35,4080,320,560,5616,17119357,17124973
0,21,35,4081,336,560,5555,17124973,17130528
0,22,35,4082,352,560,5511,17130528,17136039
0,23,35,4083,368,560,5542,17136039,17141581
0,24,35,4084,384,560,5431,17141581,17147012
0,25,35,4085,400,560,5209,17147012,17152221
0,26,35,4086,416,560,5241,17152221,17157462
0,27,35,4087,432,560,5268,17157462,17162730
0,28,35,4088,448,560,5193,17162730,17167923
0,29,35,4089,464,560,5024,17167923,17172947
0,30,35,4090,480,560,5097,17172947,17178044
0,31,35,4091,496,560,5706,17178044,17183750
0,32,35,4092,512,560,5988,17183750,17189738
0,33,35,4093,528,560,5382,17189738,17195120
0,34,35,4094,544,560,4629,17195120,17199749
0,35,35,4095,560,560,3474,17199749,17203223
0,36,35,4096,576,560,2802,17203223,17206025
0,37,35,4097,592,560,2895,17206025,17208920
0,38,35,4098,608,560,3405,17208920,17212325
0,39,35,4099,624,560,4295,17212325,17216620
0,40,35,4100,640,560,4737,17216620,17221357
0,41,35,4101,656,560,4320,17221357,17225677
0,42,35,4102,672,560,3942,17225677,17229619
0,43,35,4103,688,560,3579,17229619,17233198
0,44,35,4104,704,560,3626,17233198,17236824
0,45,35,4105,720,560,3714,17236824,17240538
0,46,35,4106,736,560,3809,17240538,17244347
0,47,35,4107,752,560,3737,17244347,17248084
0,48,35,4108,768,560,3694,17248084,17251778
0,49,35,4109,784,560,3610,17251778,17255388
0,50,35,4110,800,560,3528,17255388,17258916
0,51,35,4111,816,560,3561,17258916,17262477
0,52,35,4112,832,560,3597,17262477,17266074
0,53,35,4113,848,560,3600,17266074,17269674
0,54,35,4114,864,560,3629,17269674,17273303
0,55,35,4115,880,560,3622,17273303,17276925
0,56,35,4116,896,560,3631,17276925,17280556
0,57,35,4117,912,560,3731,17280556,17284287
0,58,35,4118,928,560,3931,17284287,17288218
0,59,35,4119,944,560,4325,17288218,17292543
0,60,35,4120,960,560,4581,17292543,17297124
0,61,35,4121,976,560,4735,17297124,17301859
0,62,35,4122,992,560,4713,17301859,17306572
0,63,35,4123,1008,560,4410,17306572,17310982
0,64,35,4124,1024,560,4072,17310982,17315054
0,65,35,4125,1040,560,3835,17315054,17318889
0,66,35,4126,1056,560,4222,17318889,17323111
0,67,35,4127,1072,560,4779,17323111,17327890
0,68,35,4128,1088,560,4576,17327890,17332466
0,69,35,4129,1104,560,4322,17332466,17336788
0,70,35,4130,1120,560,4035,17336788,17340823
0,71,35,4131,1136,560,3423,17340823,17344246
0,72,35,4132,1152,560,2607,17344246,17346853
0,73,35,4133,1168,560,2146,17346853,17348999
0,74,35,4134,1184,560,1882,17348999,17350881
0,75,35,4135,1200,560,1712,17350881,17352593
0,76,35,4136,1216,560,1659,17352593,17354252
0,77,35,4137,1232,560,1621,17354252,17355873
0,78,35,4138,1248,560,1623,17355873,17357496
0,79,35,4139,1264,560,1689,17357496,17359185
0,80,35,4140,1280,560,1794,17359185,17360979
0,81,35,4141,1296,560,1962,17360979,17362941
0,82,35,4142,1312,560,2317,17362941,17365258
0,83,35,4143,1328,560,2993,17365258,17368251
0,84,35,4144,1344,560,3724,17368251,17371975
0,85,35,4145,1360,560,4150,17371975,17376125
0,86,35,4146,1376,560,4391,17376125,17380516
0,87,35,4147,1392,560,3999,17380516,17384515
0,88,35,4148,1408,560,3453,17384515,17387968
0,89,35,4149,1424,560,2866,17387968,17390834
0,90,35,4150,1440,560,2208,17390834,17393042
0,91,35,4151,1456,560,1790,17393042,17394832
0,92,35,4152,1472,560,1610,17394832,17396442
0,93,35,4153,1488,560,1549,17396442,17397991
0,94,35,4154,1504,560,1538,17397991,17399529
0,95,35,4155,1520,560,1568,17399529,17401097
0,96,35,4156,1536,560,1645,17401097,17402742
0,97,35,4157,1552,560,1791,17402742,17404533
0,98,35,4158,1568,560,2026,17404533,17406559
0,99,35,4159,1584,560,2376,17406559,17408935
0,100,35,4160,1600,560,2758,17408935,17411693
0,101,35,4161,1616,560,3036,17411693,17414729
0,102,35,4162,1632,560,3089,17414729,17417818
0,103,35,4163,1648,560,3116,17417818,17420934
0,104,35,4164,1664,560,3135,17420934,17424069
0,105,35,4165,1680,560,3061,17424069,17427130
0,106,35,4166,1696,560,2828,17427130,17429958
0,107,35,4167,1712,560,2492,17429958,17432450
0,108,35,4168,1728,560,2230,17432450,17434680
0,109,35,4169,1744,560,2051,17434680,17436731
0,110,35,4170,1760,560,1922,17436731,17438653
0,111,35,4171,1776,560,1861,17438653,17440514
0,112,35,4172,1792,560,1831,17440514,17442345
0,113,35,4173,1808,560,1793,17442345,17444138
0,114,35,4174,1824,560,1863,17444138,17446001
0,115,35,4175,1840,560,2011,17446001,17448012
0,0,36,4176,0,576,1216,17448012,17449228
0,1,36,4177,16,576,1261,17449228,17450489
0,2,36,4178,32,576,1354,17450489,17451843
0,3,36,4179,48,576,1458,17451843,17453301
0,4,36,4180,64,576,1547,17453301,17454848
0,5,36,4181,80,576,1657,17454848,17456505
0,6,36,4182,96,576,1785,17456505,17458290
0,7,36,4183,112,576,1995,17458290,17460285
0,8,36,4184,128,576,2390,17460285,17462675
0,9,36,4185,144,576,2866,17462675,17465541
0,10,36,4186,160,576,3442,17465541,17468983
0,11,36,4187,176,576,4107,17468983,17473090
0,12,36,4188,192,576,4789,17473090,17477879
0,13,36,4189,208,576,5263,17477879,17483142
0,14,36,4190,224,576,5521,17483142,17488663
0,15,36,4191,240,576,5543,17488663,17494206
0,16,36,4192,256,576,5491,17494206,17499697
0,17,36,4193,272,576,5398,17499697,17505095
0,18,36,4194,288,576,5427,17505095,17510522
0,19,36,4195,304,576,5313,17510522,17515835
0,20,36,4196,320,576,5237,17515835,17521072
0,21,36,4197,336,576,5145,17521072,17526217
0,22,36,4198,352,576,5153,17526217,17531370
0,23,36,4199,368,576,5335,17531370,17536705
0,24,36,4200,384,576,5482,17536705,17542187
0,25,36,4201,400,576,5405,17542187,17547592
0,26,36,4202,416,576,5578,17547592,17553170
0,27,36,4203,432,576,5774,17553170,17558944
0,28,36,4204,448,576,5690,17558944,17564634
0,29,36,4205,464,576,5549,17564634,17570183
0,30,36,4206,480,576,5563,17570183,17575746
0,31,36,4207,496,576,5980,17575746,17581726
0,32,36,4208,512,576,6235,17581726,17587961
0,33,36,4209,528,576,5624,17587961,17593585
0,34,36,4210,544,576,4755,17593585,17598340
0,35,36,4211,560,576,3539,17598340,17601879
0,36,36,4212,576,576,2759,17601879,17604638
0,37,36,4213,592,576,2767,17604638,17607405
0,38,36,4214,608,576,3162,17607405,17610567
0,39,36,4215,624,576,4127,17610567,17614694
0,40,36,4216,640,576,4730,17614694,17619424
0,41,36,4217,656,576,4398,17619424,17623822
0,42,36,4218,672,576,4052,17623822,17627874
0,43,36,4219,688,576,3621,17627874,17631495
0,44,36,4220,704,576,3622,17631495,17635117
0,45,36,4221,720,576,3693,17635117,17638810
0,46,36,4222,736,576,3820,17638810,17642630
0,47,36,4223,752,576,3779,17642630,17646409
0,48,36,4224,768,576,3636,17646409,17650045
0,49,36,4225,784,576,3541,17650045,17653586
0,50,36,4226,800,576,3434,17653586,17657020
0,51,36,4227,816,576,3457,17657020,17660477
0,52,36,4228,832,576,3502,17660477,17663979
0,53,36,4229,848,576,3517,17663979,17667496
0,54,36,4230,864,576,3563,17667496,17671059
0,55,36,4231,880,576,3615,17671059,17674674
0,56,36,4232,896,576,3644,17674674,17678318
0,57,36,4233,912,576,3694,17678318,17682012
0,58,36,4234,928,576,3910,17682012,17685922
0,59,36,4235,944,576,4304,17685922,17690226
0,60,36,4236,960,576,4540,17690226,17694766
0,61,36,4237,976,576,4515,17694766,17699281
0,62,36,4238,992,576,4469,17699281,17703750
0,63,36,4239,1008,576,4317,17703750,17708067
0,64,36,4240,1024,576,3986,17708067,17712053
0,65,36,4241,1040,576,3784,17712053,17715837
0,66,36,4242,1056,576,4228,17715837,17720065
0,67,36,4243,1072,576,4790,17720065,17724855
0,68,36,4244,1088,576,4579,17724855,17729434
0,69,36,4245,1104,576,4312,17729434,17733746
0,70,36,4246,1120,576,4009,17733746,17737755
0,71,36,4247,1136,576,3326,17737755,17741081
0,72,36,4248,1152,576,2465,17741081,17743546
0,73,36,4249,1168,576,2003,17743546,17745549
0,74,36,4250,1184,576,1750,17745549,17747299
0,75,36,4251,1200,576,1568,17747299,17748867
0,76,36,4252,1216,576,1507,17748867,17750374
0,77,36,4253,1232,576,1465,17750374,17751839
0,78,36,4254,1248,576,1472,17751839,17753311
0,79,36,4255,1264,576,1542,17753311,17754853
0,80,36,4256,1280,576,1655,17754853,17756508
0,81,36,4257,1296,576,1852,17756508,17758360
0,82,36,4258,1312,576,2216,17758360,17760576
0,83,36,4259,1328,576,2931,17760576,17763507
0,84,36,4260,1344,576,3621,17763507,17767128
0,85,36,4261,1360,576,3971,17767128,17771099
0,86,36,4262,1376,576,4112,17771099,17775211
0,87,36,4263,1392,576,3759,17775211,17778970
0,88,36,4264,1408,576,3176,17778970,17782146
0,89,36,4265,1424,576,2541,17782146,17784687
0,90,36,4266,1440,576,2038,17784687,17786725
0,91,36,4267,1456,576,1690,17786725,17788415
0,92,36,4268,1472,576,1517,17788415,17789932
0,93,36,4269,1488,576,1452,17789932,17791384
0,94,36,4270,1504,576,1445,17791384,17792829
0,95,36,4271,1520,576,1474,17792829,17794303
0,96,36,4272,1536,576,1561,17794303,17795864
0,97,36,4273,1552,576,1721,17795864,17797585
0,98,36,4274,1568,576,1989,17797585,17799574
0,99,36,4275,1584,576,2348,17799574,17801922
0,100,36,4276,1600,576,2732,17801922,17804654
0,101,36,4277,1616,576,2932,17804654,17807586
0,102,36,4278,1632,576,2964,17807586,17810550
0,103,36,4279,1648,576,3001,17810550,17813551
0,104,36,4280,1664,576,3022,17813551,17816573
0,105,36,4281,1680,576,2907,17816573,17819480
0,106,36,4282,1696,576,2667,17819480,17822147
0,107,36,4283,1712,576,2369,17822147,17824516
0,108,36,4284,1728,576,2126,17824516,17826642
0,109,36,4285,1744,576,1955,17826642,17828597
0,110,36,4286,1760,576,1840,17828597,17830437
0,111,36,4287,1776,576,1754,17830437,17832191
0,112,36,4288,1792,576,1696,17832191,17833887
0,113,36,4289,1808,576,1637,17833887,17835524
0,114,36,4290,1824,576,1666,17835524,17837190
0,115,36,4291,1840,576,1790,17837190,17838980
0,0,37,4292,0,592,1178,17838980,17840158
0,1,37,4293,16,592,1217,17840158,17841375
0,2,37,4294,32,592,1308,17841375,17842683
0,3,37,4295,48,592,1405,17842683,17844088
0,4,37,4296,64,592,1491,17844088,17845579
0,5,37,4297,80,592,1592,17845579,17847171
0,6,37,4298,96,592,1714,17847171,17848885
0,7,37,4299,112,592,1890,17848885,17850775
0,8,37,4300,128,592,2240,17850775,17853015
0,9,37,4301,144,592,2671,17853015,17855686
0,10,37,4302,160,592,3237,17855686,17858923
0,11,37,4303,176,592,3935,17858923,17862858
0,12,37,4304,192,592,4527,17862858,17867385
0,13,37,4305,208,592,5021,17867385,17872406
0,14,37,4306,224,592,5501,17872406,17877907
0,15,37,4307,240,592,5427,17877907,17883334
0,16,37,4308,256,592,5189,17883334,17888523
0,17,37,4309,272,592,5136,17888523,17893659
0,18,37,4310,288,592,5347,17893659,17899006
0,19,37,4311,304,592,5424,17899006,17904430
0,20,37,4312,320,592,5241,17904430,17909671
0,21,37,4313,336,592,5094,17909671,17914765
0,22,37,4314,352,592,5076,17914765,17919841
0,23,37,4315,368,592,5298,17919841,17925139
0,24,37,4316,384,592,5599,17925139,17930738
0,25,37,4317,400,592,5637,17930738,17936375
0,26,37,4318,416,592,5785,17936375,17942160
0,27,37,4319,432,592,6161,17942160,17948321
0,28,37,4320,448,592,6114,17948321,17954435
0,29,37,4321,464,592,6001,17954435,17960436
0,30,37,4322,480,592,6082,17960436,17966518
0,31,37,4323,496,592,6239,17966518,17972757
0,32,37,4324,512,592,6217,17972757,17978974
0,33,37,4325,528,592,5554,17978974,17984528
0,34,37,4326,544,592,4675,17984528,17989203
0,35,37,4327,560,592,3502,17989203,17992705
0,36,37,4328,576,592,2729,17992705,17995434
0,37,37,4329,592,592,2773,17995434,17998207
0,38,37,4330,608,592,3560,17998207,18001767
0,39,37,4331,624,592,4715,18001767,18006482
0,40,37,4332,640,592,5062,18006482,18011544
0,41,37,4333,656,592,4623,18011544,18016167
0,42,37,4334,672,592,4164,18016167,18020331
0,43,37,4335,688,592,3618,18020331,18023949
0,44,37,4336,704,592,3562,18023949,18027511
0,45,37,4337,720,592,3609,18027511,18031120
0,46,37,4338,736,592,3739,18031120,18034859
0,47,37,4339,752,592,3705,18034859,18038564
0,48,37,4340,768,592,3505,18038564,18042069
0,49,37,4341,784,592,3405,18042069,18045474
0,50,37,4342,800,592,3322,18045474,18048796
0,51,37,4343,816,592,3345,18048796,18052141
0,52,37,4344,832,592,3379,18052141,18055520
0,53,37,4345,848,592,3404,18055520,18058924
0,54,37,4346,864,592,3437,18058924,18062361
0,55,37,4347,880,592,3533,18062361,18065894
0,56,37,4348,896,592,3571,18065894,18069465
0,57,37,4349,912,592,3607,18069465,18073072
0,58,37,4350,928,592,3827,18073072,18076899
0,59,37,4351,944,592,4238,18076899,18081137
0,60,37,4352,960,592,4516,18081137,18085653
0,61,37,4353,976,592,4467,18085653,18090120
0,62,37,4354,992,592,4423,18090120,18094543
0,63,37,4355,1008,592,4300,18094543,18098843
0,64,37,4356,1024,592,3980,18098843,18102823
0,65,37,4357,1040,592,3773,18102823,18106596
0,66,37,4358,1056,592,4257,18106596,18110853
0,67,37,4359,1072,592,4858,18110853,18115711
0,68,37,4360,1088,592,4665,18115711,18120376
0,69,37,4361,1104,592,4398,18120376,18124774
0,70,37,4362,1120,592,4045,18124774,18128819
0,71,37,4363,1136,592,3242,18128819,18132061
0,72,37,4364,1152,592,2369,18132061,18134430
0,73,37,4365,1168,592,1920,18134430,18136350
0,74,37,4366,1184,592,1676,18136350,18138026
0,75,37,4367,1200,592,1501,18138026,18139527
0,76,37,4368,1216,592,1433,18139527,18140960
0,77,37,4369,1232,592,1397,18140960,18142357
0,78,37,4370,1248,592,1406,18142357,18143763
0,79,37,4371,1264,592,1476,18143763,18145239
0,80,37,4372,1280,592,1598,18145239,18146837
0,81,37,4373,1296,592,1794,18146837,18148631
0,82,37,4374,1312,592,2151,18148631,18150782
0,83,37,4375,1328,592,2792,18150782,18153574
0,84,37,4376,1344,592,3354,18153574,18156928
0,85,37,4377,1360,592,3561,18156928,18160489
0,86,37,4378,1376,592,3664,18160489,18164153
0,87,37,4379,1392,592,3394,18164153,18167547
0,88,37,4380,1408,592,2800,18167547,18170347
0,89,37,4381,1424,592,2226,18170347,18172573
0,90,37,4382,1440,592,1822,18172573,18174395
0,91,37,4383,1456,592,1596,18174395,18175991
0,92,37,4384,1472,592,1449,18175991,18177440
0,93,37,4385,1488,592,1389,18177440,18178829
0,94,37,4386,1504,592,1385,18178829,18180214
0,95,37,4387,1520,592,1422,18180214,18181636
0,96,37,4388,1536,592,1517,18181636,18183153
0,97,37,4389,1552,592,1695,18183153,18184848
0,98,37,4390,1568,592,1987,18184848,18186835
0,99,37,4391,1584,592,2356,18186835,18189191
0,100,37,4392,1600,592,2685,18189191,18191876
0,101,37,4393,1616,592,2836,18191876,18194712
0,102,37,4394,1632,592,2856,18194712,18197568
0,103,37,4395,1648,592,2896,18197568,18200464
0,104,37,4396,1664,592,2900,18200464,18203364
0,105,37,4397,1680,592,2749,18203364,18206113
0,106,37,4398,1696,592,2522,18206113,18208635
0,107,37,4399,1712,592,2223,18208635,18210858
0,108,37,4400,1728,592,1997,18210858,18212855
0,109,37,4401,1744,592,1854,18212855,18214709
0,110,37,4402,1760,592,1749,18214709,18216458
0,111,37,4403,1776,592,1628,18216458,18218086
0,112,37,4404,1792,592,1533,18218086,18219619
0,113,37,4405,1808,592,1468,18219619,18221087
0,114,37,4406,1824,592,1506,18221087,18222593
0,115,37,4407,1840,592,1598,18222593,18224191
0,0,38,4408,0,608,1124,18224191,18225315
0,1,38,4409,16,608,1168,18225315,18226483
0,2,38,4410,32,608,1260,18226483,18227743
0,3,38,4411,48,608,1351,18227743,18229094
0,4,38,4412,64,608,1439,18229094,18230533
0,5,38,4413,80,608,1539,18230533,18232072
0,6,38,4414,96,608,1658,18232072,18233730
0,7,38,4415,112,608,1817,18233730,18235547
0,8,38,4416,128,608,2103,18235547,18237650
0,9,38,4417,144,608,2468,18237650,18240118
0,10,38,4418,160,608,3021,18240118,18243139
0,11,38,4419,176,608,3669,18243139,18246808
0,12,38,4420,192,608,4234,18246808,18251042
0,13,38,4421,208,608,4718,18251042,18255760
0,14,38,4422,224,608,5170,18255760,18260930
0,15,38,4423,240,608,5073,18260930,18266003
0,16,38,4424,256,608,4891,18266003,18270894
0,17,38,4425,272,608,4913,18270894,18275807
0,18,38,4426,288,608,5175,18275807,18280982
0,19,38,4427,304,608,5258,18280982,18286240
0,20,38,4428,320,608,5111,18286240,18291351
0,21,38,4429,336,608,4972,18291351,18296323
0,22,38,4430,352,608,4802,18296323,18301125
0,23,38,4431,368,608,4940,18301125,18306065
0,24,38,4432,384,608,5162,18306065,18311227
0,25,38,4433,400,608,5263,18311227,18316490
0,26,38,4434,416,608,5406,18316490,18321896
0,27,38,4435,432,608,5748,18321896,18327644
0,28,38,4436,448,608,5797,18327644,18333441
0,29,38,4437,464,608,5778,18333441,18339219
0,30,38,4438,480,608,5813,18339219,18345032
0,31,38,4439,496,608,5718,18345032,18350750
0,32,38,4440,512,608,5676,18350750,18356426
0,33,38,4441,528,608,5148,18356426,18361574
0,34,38,4442,544,608,4465,18361574,18366039
0,35,38,4443,560,608,3510,18366039,18369549
0,36,38,4444,576,608,2860,18369549,18372409
0,37,38,4445,592,608,2929,18372409,18375338
0,38,38,4446,608,608,3980,18375338,18379318
0,39,38,4447,624,608,4876,18379318,18384194
0,40,38,4448,640,608,4998,18384194,18389192
0,41,38,4449,656,608,4629,18389192,18393821
0,42,38,4450,672,608,4031,18393821,18397852
0,43,38,4451,688,608,3383,18397852,18401235
0,44,38,4452,704,608,3268,18401235,18404503
0,45,38,4453,720,608,3282,18404503,18407785
0,46,38,4454,736,608,3331,18407785,18411116
0,47,38,4455,752,608,3258,18411116,18414374
0,48,38,4456,768,608,3203,18414374,18417577
0,49,38,4457,784,608,3137,18417577,18420714
0,50,38,4458,800,608,3082,18420714,18423796
0,51,38,4459,816,608,3109,18423796,18426905
0,52,38,4460,832,608,3133,18426905,18430038
0,53,38,4461,848,608,3156,18430038,18433194
0,54,38,4462,864,608,3201,18433194,18436395
0,55,38,4463,880,608,3226,18436395,18439621
0,56,38,4464,896,608,3260,18439621,18442881
0,57,38,4465,912,608,3376,18442881,18446257
0,58,38,4466,928,608,3614,18446257,18449871
0,59,38,4467,944,608,4047,18449871,18453918
0,60,38,4468,960,608,4333,18453918,18458251
0,61,38,4469,976,608,4369,18458251,18462620
0,62,38,4470,992,608,4390,18462620,18467010
0,63,38,4471,1008,608,4357,18467010,18471367
0,64,38,4472,1024,608,4044,18471367,18475411
0,65,38,4473,1040,608,3814,18475411,18479225
0,66,38,4474,1056,608,4360,18479225,18483585
0,67,38,4475,1072,608,5048,18483585,18488633
0,68,38,4476,1088,608,4844,18488633,18493477
0,69,38,4477,1104,608,4555,18493477,18498032
0,70,38,4478,1120,608,4169,18498032,18502201
0,71,38,4479,1136,608,3185,18502201,18505386
0,72,38,4480,1152,608,2285,18505386,18507671
0,73,38,4481,1168,608,1853,18507671,18509524
0,74,38,4482,1184,608,1615,18509524,18511139
0,75,38,4483,1200,608,1450,18511139,18512589
0,76,38,4484,1216,608,1388,18512589,18513977
0,77,38,4485,1232,608,1348,18513977,18515325
0,78,38,4486,1248,608,1350,18515325,18516675
0,79,38,4487,1264,608,1421,18516675,18518096
0,80,38,4488,1280,608,1527,18518096,18519623
0,81,38,4489,1296,608,1698,18519623,18521321
0,82,38,4490,1312,608,1998,18521321,18523319
0,83,38,4491,1328,608,2501,18523319,18525820
0,84,38,4492,1344,608,2893,18525820,18528713
0,85,38,4493,1360,608,3000,18528713,18531713
0,86,38,4494,1376,608,2999,18531713,18534712
0,87,38,4495,1392,608,2813,18534712,18537525
0,88,38,4496,1408,608,2357,18537525,18539882
0,89,38,4497,1424,608,1928,18539882,18541810
0,90,38,4498,1440,608,1673,18541810,18543483
0,91,38,4499,1456,608,1510,18543483,18544993
0,92,38,4500,1472,608,1405,18544993,18546398
0,93,38,4501,1488,608,1365,18546398,18547763
0,94,38,4502,1504,608,1370,18547763,18549133
0,95,38,4503,1520,608,1425,18549133,18550558
0,96,38,4504,1536,608,1532,18550558,18552090
0,97,38,4505,1552,608,1717,18552090,18553807
0,98,38,4506,1568,608,2022,18553807,18555829
0,99,38,4507,1584,608,2389,18555829,18558218
0,100,38,4508,1600,608,2696,18558218,18560914
0,101,38,4509,1616,608,2835,18560914,18563749
0,102,38,4510,1632,608,2842,18563749,18566591
0,103,38,4511,1648,608,2869,18566591,18569460
0,104,38,4512,1664,608,2797,18569460,18572257
0,105,38,4513,1680,608,2620,18572257,18574877
0,106,38,4514,1696,608,2413,18574877,18577290
0,107,38,4515,1712,608,2136,18577290,18579426
0,108,38,4516,1728,608,1926,18579426,18581352
0,109,38,4517,1744,608,1805,18581352,18583157
0,110,38,4518,1760,608,1696,18583157,18584853
0,111,38,4519,1776,608,1540,18584853,18586393
0,112,38,4520,1792,608,1445,18586393,18587838
0,113,38,4521,1808,608,1385,18587838,18589223
0,114,38,4522,1824,608,1403,18589223,18590626
0,115,38,4523,1840,608,1472,18590626,18592098
0,0,39,4524,0,624,1106,18592098,18593204
0,1,39,4525,16,624,1158,18593204,18594362
0,2,39,4526,32,624,1245,18594362,18595607
0,3,39,4527,48,624,1332,18595607,18596939
0,4,39,4528,64,624,1428,18596939,18598367
0,5,39,4529,80,624,1519,18598367,18599886
0,6,39,4530,96,624,1639,18599886,18601525
0,7,39,4531,112,624,1778,18601525,18603303
0,8,39,4532,128,624,2010,18603303,18605313
0,9,39,4533,144,624,2326,18605313,18607639
0,10,39,4534,160,624,2836,18607639,18610475
0,11,39,4535,176,624,3434,18610475,18613909
0,12,39,4536,192,624,3911,18613909,18617820
0,13,39,4537,208,624,4313,18617820,18622133
0,14,39,4538,224,624,4572,18622133,18626705
0,15,39,4539,240,624,4508,18626705,18631213
0,16,39,4540,256,624,4472,18631213,18635685
0,17,39,4541,272,624,4496,18635685,18640181
0,18,39,4542,288,624,4689,18640181,18644870
0,19,39,4543,304,624,4642,18644870,18649512
0,20,39,4544,320,624,4499,18649512,18654011
0,21,39,4545,336,624,4375,18654011,18658386
0,22,39,4546,352,624,4264,18658386,18662650
0,23,39,4547,368,624,4279,18662650,18666929
0,24,39,4548,384,624,4364,18666929,18671293
0,25,39,4549,400,624,4467,18671293,18675760
0,26,39,4550,416,624,4724,18675760,18680484
0,27,39,4551,432,624,4983,18680484,18685467
0,28,39,4552,448,624,5118,18685467,18690585
0,29,39,4553,464,624,5149,18690585,18695734
0,30,39,4554,480,624,5152,18695734,18700886
0,31,39,4555,496,624,5124,18700886,18706010
0,32,39,4556,512,624,5073,18706010,18711083
0,33,39,4557,528,624,4827,18711083,18715910
0,34,39,4558,544,624,4278,18715910,18720188
0,35,39,4559,560,624,3423,18720188,18723611
0,36,39,4560,576,624,2955,18723611,18726566
0,37,39,4561,592,624,3151,18726566,18729717
0,38,39,4562,608,624,4016,18729717,18733733
0,39,39,4563,624,624,4716,18733733,18738449
0,40,39,4564,640,624,5075,18738449,18743524
0,41,39,4565,656,624,4502,18743524,18748026
0,42,39,4566,672,624,3794,18748026,18751820
0,43,39,4567,688,624,2997,18751820,18754817
0,44,39,4568,704,624,2684,18754817,18757501
0,45,39,4569,720,624,2567,18757501,18760068
0,46,39,4570,736,624,2549,18760068,18762617
0,47,39,4571,752,624,2523,18762617,18765140
0,48,39,4572,768,624,2529,18765140,18767669
0,49,39,4573,784,624,2513,18767669,18770182
0,50,39,4574,800,624,2512,18770182,18772694
0,51,39,4575,816,624,2521,18772694,18775215
0,52,39,4576,832,624,2555,18775215,18777770
0,53,39,4577,848,624,2622,18777770,18780392
0,54,39,4578,864,624,2645,18780392,18783037
0,55,39,4579,880,624,2689,18783037,18785726
0,56,39,4580,896,624,2749,18785726,18788475
0,57,39,4581,912,624,2846,18788475,18791321
0,58,39,4582,928,624,3067,18791321,18794388
0,59,39,4583,944,624,3508,18794388,18797896
0,60,39,4584,960,624,3850,18797896,18801746
0,61,39,4585,976,624,4045,18801746,18805791
0,62,39,4586,992,624,4129,18805791,18809920
0,63,39,4587,1008,624,4205,18809920,18814125
0,64,39,4588,1024,624,4012,18814125,18818137
0,65,39,4589,1040,624,3872,18818137,18822009
0,66,39,4590,1056,624,4413,18822009,18826422
0,67,39,4591,1072,624,4983,18826422,18831405
0,68,39,4592,1088,624,4760,18831405,18836165
0,69,39,4593,1104,624,4483,18836165,18840648
0,70,39,4594,1120,624,4053,18840648,18844701
0,71,39,4595,1136,624,3011,18844701,18847712
0,72,39,4596,1152,624,2221,18847712,18849933
0,73,39,4597,1168,624,1797,18849933,18851730
0,74,39,4598,1184,624,1579,18851730,18853309
0,75,39,4599,1200,624,1429,18853309,18854738
0,76,39,4600,1216,624,1370,18854738,18856108
0,77,39,4601,1232,624,1328,18856108,18857436
0,78,39,4602,1248,624,1318,18857436,18858754
0,79,39,4603,1264,624,1386,18858754,18860140
0,80,39,4604,1280,624,1475,18860140,18861615
0,81,39,4605,1296,624,1620,18861615,18863235
0,82,39,4606,1312,624,1877,18863235,18865112
0,83,39,4607,1328,624,2203,18865112,18867315
0,84,39,4608,1344,624,2410,18867315,18869725
0,85,39,4609,1360,624,2435,18869725,18872160
0,86,39,4610,1376,624,2428,18872160,18874588
0,87,39,4611,1392,624,2272,18874588,18876860
0,88,39,4612,1408,624,1931,18876860,18878791
0,89,39,4613,1424,624,1675,18878791,18880466
0,90,39,4614,1440,624,1514,18880466,18881980
0,91,39,4615,1456,624,1419,18881980,18883399
0,92,39,4616,1472,624,1367,18883399,18884766
0,93,39,4617,1488,624,1350,18884766,18886116
0,94,39,4618,1504,624,1361,18886116,18887477
0,95,39,4619,1520,624,1424,18887477,18888901
0,96,39,4620,1536,624,1534,18888901,18890435
0,97,39,4621,1552,624,1741,18890435,18892176
0,98,39,4622,1568,624,2038,18892176,18894214
0,99,39,4623,1584,624,2412,18894214,18896626
0,100,39,4624,1600,624,2658,18896626,18899284
0,101,39,4625,1616,624,2764,18899284,18902048
0,102,39,4626,1632,624,2766,18902048,18904814
0,103,39,4627,1648,624,2783,18904814,18907597
0,104,39,4628,1664,624,2649,18907597,18910246
0,105,39,4629,1680,624,2431,18910246,18912677
0,106,39,4630,1696,624,2261,18912677,18914938
0,107,39,4631,1712,624,2022,18914938,18916960
0,108,39,4632,1728,624,1845,18916960,18918805
0,109,39,4633,1744,624,1739,18918805,18920544
0,110,39,4634,1760,624,1604,18920544,18922148
0,111,39,4635,1776,624,1446,18922148,18923594
0,112,39,4636,1792,624,1351,18923594,18924945
0,113,39,4637,1808,624,1300,18924945,18926245
0,114,39,4638,1824,624,1320,18926245,18927565
0,115,39,4639,1840,624,1392,18927565,18928957
0,0,40,4640,0,640,1103,18928957,18930060
0,1,40,4641,16,640,1164,18930060,18931224
0,2,40,4642,32,640,1256,18931224,18932480
0,3,40,4643,48,640,1362,18932480,18933842
0,4,40,4644,64,640,1462,18933842,18935304
0,5,40,4645,80,640,1557,18935304,18936861
0,6,40,4646,96,640,1669,18936861,18938530
0,7,40,4647,112,640,1785,18938530,18940315
0,8,40,4648,128,640,1981,18940315,18942296
0,9,40,4649,144,640,2225,18942296,18944521
0,10,40,4650,160,640,2657,18944521,18947178
0,11,40,4651,176,640,3140,18947178,18950318
0,12,40,4652,192,640,3509,18950318,18953827
0,13,40,4653,208,640,3850,18953827,18957677
0,14,40,4654,224,640,4052,18957677,18961729
0,15,40,4655,240,640,4057,18961729,18965786
0,16,40,4656,256,640,4056,18965786,18969842
0,17,40,4657,272,640,4055,18969842,18973897
0,18,40,4658,288,640,4150,18973897,18978047
0,19,40,4659,304,640,4132,18978047,18982179
0,20,40,4660,320,640,4082,18982179,18986261
0,21,40,4661,336,640,3976,18986261,18990237
0,22,40,4662,352,640,3856,18990237,18994093
0,23,40,4663,368,640,3825,18994093,18997918
0,24,40,4664,384,640,3902,18997918,19001820
0,25,40,4665,400,640,3998,19001820,19005818
0,26,40,4666,416,640,4172,19005818,19009990
0,27,40,4667,432,640,4425,19009990,19014415
0,28,40,4668,448,640,4561,19014415,19018976
0,29,40,4669,464,640,4613,19018976,19023589
0,30,40,4670,480,640,4609,19023589,19028198
0,31,40,4671,496,640,4530,19028198,19032728
0,32,40,4672,512,640,4359,19032728,19037087
0,33,40,4673,528,640,4191,19037087,19041278
0,34,40,4674,544,640,3813,19041278,19045091
0,35,40,4675,560,640,3190,19045091,19048281
0,36,40,4676,576,640,2917,19048281,19051198
0,37,40,4677,592,640,3196,19051198,19054394
0,38,40,4678,608,640,4187,19054394,19058581
0,39,40,4679,624,640,5162,19058581,19063743
0,40,40,4680,640,640,5251,19063743,19068994
0,41,40,4681,656,640,4452,19068994,19073446
0,42,40,4682,672,640,3585,19073446,19077031
0,43,40,4683,688,640,2722,19077031,19079753
0,44,40,4684,704,640,2260,19079753,19082013
0,45,40,4685,720,640,2020,19082013,19084033
0,46,40,4686,736,640,1935,19084033,19085968
0,47,40,4687,752,640,1903,19085968,19087871
0,48,40,4688,768,640,1908,19087871,19089779
0,49,40,4689,784,640,1914,19089779,19091693
0,50,40,4690,800,640,1918,19091693,19093611
0,51,40,4691,816,640,1951,19093611,19095562
0,52,40,4692,832,640,1985,19095562,19097547
0,53,40,4693,848,640,2060,19097547,19099607
0,54,40,4694,864,640,2132,19099607,19101739
0,55,40,4695,880,640,2254,19101739,19103993
0,56,40,4696,896,640,2355,19103993,19106348
0,57,40,4697,912,640,2503,19106348,19108851
0,58,40,4698,928,640,2769,19108851,19111620
0,59,40,4699,944,640,3249,19111620,19114869
0,60,40,4700,960,640,3633,19114869,19118502
0,61,40,4701,976,640,3750,19118502,19122252
0,62,40,4702,992,640,3867,19122252,19126119
0,63,40,4703,1008,640,4014,19126119,19130133
0,64,40,4704,1024,640,3891,19130133,19134024
0,65,40,4705,1040,640,3838,19134024,19137862
0,66,40,4706,1056,640,4466,19137862,19142328
0,67,40,4707,1072,640,4975,19142328,19147303
0,68,40,4708,1088,640,4781,19147303,19152084
0,69,40,4709,1104,640,4468,19152084,19156552
0,70,40,4710,1120,640,3998,19156552,19160550
0,71,40,4711,1136,640,2897,19160550,19163447
0,72,40,4712,1152,640,2135,19163447,19165582
0,73,40,4713,1168,640,1778,19165582,19167360
0,74,40,4714,1184,640,1586,19167360,19168946
0,75,40,4715,1200,640,1447,19168946,19170393
0,76,40,4716,1216,640,1386,19170393,19171779
0,77,40,4717,1232,640,1350,19171779,19173129
0,78,40,4718,1248,640,1338,19173129,19174467
0,79,40,4719,1264,640,1402,19174467,19175869
0,80,40,4720,1280,640,1480,19175869,19177349
0,81,40,4721,1296,640,1583,19177349,19178932
0,82,40,4722,1312,640,1804,19178932,19180736
0,83,40,4723,1328,640,2102,19180736,19182838
0,84,40,4724,1344,640,2222,19182838,19185060
0,85,40,4725,1360,640,2225,19185060,19187285
0,86,40,4726,1376,640,2204,19187285,19189489
0,87,40,4727,1392,640,2024,19189489,19191513
0,88,40,4728,1408,640,1746,19191513,19193259
0,89,40,4729,1424,640,1558,19193259,19194817
0,90,40,4730,1440,640,1442,19194817,19196259
0,91,40,4731,1456,640,1382,19196259,19197641
0,92,40,4732,1472,640,1355,19197641,19198996
0,93,40,4733,1488,640,1357,19198996,19200353
0,94,40,4734,1504,640,1377,19200353,19201730
0,95,40,4735,1520,640,1451,19201730,19203181
0,96,40,4736,1536,640,1566,19203181,19204747
0,97,40,4737,1552,640,1783,19204747,19206530
0,98,40,4738,1568,640,2083,19206530,19208613
0,99,40,4739,1584,640,2455,19208613,19211068
0,100,40,4740,1600,640,2670,19211068,19213738
0,101,40,4741,1616,640,2744,19213738,19216482
0,102,40,4742,1632,640,2745,19216482,19219227
0,103,40,4743,1648,640,2734,19219227,19221961
0,104,40,4744,1664,640,2522,19221961,19224483
0,105,40,4745,1680,640,2290,19224483,19226773
0,106,40,4746,1696,640,2119,19226773,19228892
0,107,40,4747,1712,640,1917,19228892,19230809
0,108,40,4748,1728,640,1767,19230809,19232576
0,109,40,4749,1744,640,1670,19232576,19234246
0,110,40,4750,1760,640,1511,19234246,19235757
0,111,40,4751,1776,640,1361,19235757,19237118
0,112,40,4752,1792,640,1280,19237118,19238398
0,113,40,4753,1808,640,1241,19238398,19239639
0,114,40,4754,1824,640,1274,19239639,19240913
0,115,40,4755,1840,640,1353,19240913,19242266
0,0,41,4756,0,656,1127,19242266,19243393
0,1,41,4757,16,656,1218,19243393,19244611
0,2,41,4758,32,656,1337,19244611,19245948
0,3,41,4759,48,656,1470,19245948,19247418
0,4,41,4760,64,656,1600,19247418,19249018
0,5,41,4761,80,656,1714,19249018,19250732
0,6,41,4762,96,656,1808,19250732,19252540
0,7,41,4763,112,656,1896,19252540,19254436
0,8,41,4764,128,656,2014,19254436,19256450
0,9,41,4765,144,656,2133,19256450,19258583
0,10,41,4766,160,656,2435,19258583,19261018
0,11,41,4767,176,656,2780,19261018,19263798
0,12,41,4768,192,656,3113,19263798,19266911
0,13,41,4769,208,656,3419,19266911,19270330
0,14,41,4770,224,656,3635,19270330,19273965
0,15,41,4771,240,656,3704,19273965,19277669
0,16,41,4772,256,656,3731,19277669,19281400
0,17,41,4773,272,656,3761,19281400,19285161
0,18,41,4774,288,656,3862,19285161,19289023
0,19,41,4775,304,656,3858,19289023,19292881
0,20,41,4776,320,656,3855,19292881,19296736
0,21,41,4777,336,656,3770,19296736,19300506
0,22,41,4778,352,656,3696,19300506,19304202
0,23,41,4779,368,656,3664,19304202,19307866
0,24,41,4780,384,656,3741,19307866,19311607
0,25,41,4781,400,656,3807,19311607,19315414
0,26,41,4782,416,656,3932,19315414,19319346
0,27,41,4783,432,656,4130,19319346,19323476
0,28,41,4784,448,656,4283,19323476,19327759
0,29,41,4785,464,656,4309,19327759,19332068
0,30,41,4786,480,656,4225,19332068,19336293
0,31,41,4787,496,656,4047,19336293,19340340
0,32,41,4788,512,656,3818,19340340,19344158
0,33,41,4789,528,656,3640,19344158,19347798
0,34,41,4790,544,656,3437,19347798,19351235
0,35,41,4791,560,656,3184,19351235,19354419
0,36,41,4792,576,656,3039,19354419,19357458
0,37,41,4793,592,656,3280,19357458,19360738
0,38,41,4794,608,656,4114,19360738,19364852
0,39,41,4795,624,656,4955,19364852,19369807
0,40,41,4796,640,656,4939,19369807,19374746
0,41,41,4797,656,656,4231,19374746,19378977
0,42,41,4798,672,656,3319,19378977,19382296
0,43,41,4799,688,656,2563,19382296,19384859
0,44,41,4800,704,656,2032,19384859,19386891
0,45,41,4801,720,656,1723,19386891,19388614
0,46,41,4802,736,656,1602,19388614,19390216
0,47,41,4803,752,656,1558,19390216,19391774
0,48,41,4804,768,656,1563,19391774,19393337
0,49,41,4805,784,656,1581,19393337,19394918
0,50,41,4806,800,656,1606,19394918,19396524
0,51,41,4807,816,656,1648,19396524,19398172
0,52,41,4808,832,656,1714,19398172,19399886
0,53,41,4809,848,656,1838,19399886,19401724
0,54,41,4810,864,656,1975,19401724,19403699
0,55,41,4811,880,656,2205,19403699,19405904
0,56,41,4812,896,656,2526,19405904,19408430
0,57,41,4813,912,656,2905,19408430,19411335
0,58,41,4814,928,656,3261,19411335,19414596
0,59,41,4815,944,656,3543,19414596,19418139
0,60,41,4816,960,656,3633,19418139,19421772
0,61,41,4817,976,656,3519,19421772,19425291
0,62,41,4818,992,656,3583,19425291,19428874
0,63,41,4819,1008,656,3721,19428874,19432595
0,64,41,4820,1024,656,3692,19432595,19436287
0,65,41,4821,1040,656,3780,19436287,19440067
0,66,41,4822,1056,656,4560,19440067,19444627
0,67,41,4823,1072,656,5002,19444627,19449629
0,68,41,4824,1088,656,4777,19449629,19454406
0,69,41,4825,1104,656,4421,19454406,19458827
0,70,41,4826,1120,656,3873,19458827,19462700
0,71,41,4827,1136,656,2812,19462700,19465512
0,72,41,4828,1152,656,2119,19465512,19467631
0,73,41,4829,1168,656,1784,19467631,19469415
0,74,41,4830,1184,656,1626,19469415,19471041
0,75,41,4831,1200,656,1512,19471041,19472553
0,76,41,4832,1216,656,1461,19472553,19474014
0,77,41,4833,1232,656,1435,19474014,19475449
0,78,41,4834,1248,656,1426,19475449,19476875
0,79,41,4835,1264,656,1483,19476875,19478358
0,80,41,4836,1280,656,1550,19478358,19479908
0,81,41,4837,1296,656,1663,19479908,19481571
0,82,41,4838,1312,656,1858,19481571,19483429
0,83,41,4839,1328,656,2106,19483429,19485535
0,84,41,4840,1344,656,2176,19485535,19487711
0,85,41,4841,1360,656,2166,19487711,19489877
0,86,41,4842,1376,656,2133,19489877,19492010
0,87,41,4843,1392,656,1926,19492010,19493936
0,88,41,4844,1408,656,1692,19493936,19495628
0,89,41,4845,1424,656,1543,19495628,19497171
0,90,41,4846,1440,656,1442,19497171,19498613
0,91,41,4847,1456,656,1398,19498613,19500011
0,92,41,4848,1472,656,1380,19500011,19501391
0,93,41,4849,1488,656,1385,19501391,19502776
0,94,41,4850,1504,656,1413,19502776,19504189
0,95,41,4851,1520,656,1501,19504189,19505690
0,96,41,4852,1536,656,1629,19505690,19507319
0,97,41,4853,1552,656,1865,19507319,19509184
0,98,41,4854,1568,656,2182,19509184,19511366
0,99,41,4855,1584,656,2610,19511366,19513976
0,100,41,4856,1600,656,2795,19513976,19516771
0,101,41,4857,1616,656,2816,19516771,19519587
0,102,41,4858,1632,656,2823,19519587,19522410
0,103,41,4859,1648,656,2726,19522410,19525136
0,104,41,4860,1664,656,2454,19525136,19527590
0,105,41,4861,1680,656,2235,19527590,19529825
0,106,41,4862,1696,656,2066,19529825,19531891
0,107,41,4863,1712,656,1883,19531891,19533774
0,108,41,4864,1728,656,1762,19533774,19535536
0,109,41,4865,1744,656,1655,19535536,19537191
0,110,41,4866,1760,656,1475,19537191,19538666
0,111,41,4867,1776,656,1315,19538666,19539981
0,112,41,4868,1792,656,1237,19539981,19541218
0,113,41,4869,1808,656,1213,19541218,19542431
0,114,41,4870,1824,656,1252,19542431,19543683
0,115,41,4871,1840,656,1352,19543683,19545035
0,0,42,4872,0,672,1226,19545035,19546261
0,1,42,4873,16,672,1372,19546261,19547633
0,2,42,4874,32,672,1534,19547633,19549167
0,3,42,4875,48,672,1730,19549167,19550897
0,4,42,4876,64,672,1899,19550897,19552796
0,5,42,4877,80,672,2057,19552796,19554853
0,6,42,4878,96,672,2150,19554853,19557003
0,7,42,4879,112,672,2141,19557003,19559144
0,8,42,4880,128,672,2148,19559144,19561292
0,9,42,4881,144,672,2202,19561292,19563494
0,10,42,4882,160,672,2337,19563494,19565831
0,11,42,4883,176,672,2574,19565831,19568405
0,12,42,4884,192,672,2821,19568405,19571226
0,13,42,4885,208,672,3095,19571226,19574321
0,14,42,4886,224,672,3322,19574321,19577643
0,15,42,4887,240,672,3463,19577643,19581106
0,16,42,4888,256,672,3515,19581106,19584621
0,17,42,4889,272,672,3561,19584621,19588182
0,18,42,4890,288,672,3625,19588182,19591807
0,19,42,4891,304,672,3615,19591807,19595422
0,20,42,4892,320,672,3636,19595422,19599058
0,21,42,4893,336,672,3606,19599058,19602664
0,22,42,4894,352,672,3580,19602664,19606244
0,23,42,4895,368,672,3574,19606244,19609818
0,24,42,4896,384,672,3646,19609818,19613464
0,25,42,4897,400,672,3658,19613464,19617122
0,26,42,4898,416,672,3692,19617122,19620814
0,27,42,4899,432,672,3794,19620814,19624608
0,28,42,4900,448,672,3901,19624608,19628509
0,29,42,4901,464,672,3976,19628509,19632485
0,30,42,4902,480,672,3931,19632485,19636416
0,31,42,4903,496,672,3843,19636416,19640259
0,32,42,4904,512,672,3675,19640259,19643934
0,33,42,4905,528,672,3520,19643934,19647454
0,34,42,4906,544,672,3420,19647454,19650874
0,35,42,4907,560,672,3359,19650874,19654233
0,36,42,4908,576,672,3320,19654233,19657553
0,37,42,4909,592,672,3514,19657553,19661067
0,38,42,4910,608,672,4237,19661067,19665304
0,39,42,4911,624,672,4972,19665304,19670276
0,40,42,4912,640,672,4924,19670276,19675200
0,41,42,4913,656,672,4302,19675200,19679502
0,42,42,4914,672,672,3390,19679502,19682892
0,43,42,4915,688,672,2593,19682892,19685485
0,44,42,4916,704,672,2008,19685485,19687493
0,45,42,4917,720,672,1692,19687493,19689185
0,46,42,4918,736,672,1548,19689185,19690733
0,47,42,4919,752,672,1466,19690733,19692199
0,48,42,4920,768,672,1444,19692199,19693643
0,49,42,4921,784,672,1480,19693643,19695123
0,50,42,4922,800,672,1517,19695123,19696640
0,51,42,4923,816,672,1562,19696640,19698202
0,52,42,4924,832,672,1700,19698202,19699902
0,53,42,4925,848,672,2037,19699902,19701939
0,54,42,4926,864,672,2316,19701939,19704255
0,55,42,4927,880,672,2720,19704255,19706975
0,56,42,4928,896,672,3059,19706975,19710034
0,57,42,4929,912,672,3255,19710034,19713289
0,58,42,4930,928,672,3595,19713289,19716884
0,59,42,4931,944,672,3825,19716884,19720709
0,60,42,4932,960,672,3775,19720709,19724484
0,61,42,4933,976,672,3488,19724484,19727972
0,62,42,4934,992,672,3446,19727972,19731418
0,63,42,4935,1008,672,3469,19731418,19734887
0,64,42,4936,1024,672,3443,19734887,19738330
0,65,42,4937,1040,672,3662,19738330,19741992
0,66,42,4938,1056,672,4639,19741992,19746631
0,67,42,4939,1072,672,4995,19746631,19751626
0,68,42,4940,1088,672,4770,19751626,19756396
0,69,42,4941,1104,672,4357,19756396,19760753
0,70,42,4942,1120,672,3710,19760753,19764463
0,71,42,4943,1136,672,2799,19764463,19767262
0,72,42,4944,1152,672,2155,19767262,19769417
0,73,42,4945,1168,672,1857,19769417,19771274
0,74,42,4946,1184,672,1728,19771274,19773002
0,75,42,4947,1200,672,1639,19773002,19774641
0,76,42,4948,1216,672,1594,19774641,19776235
0,77,42,4949,1232,672,1559,19776235,19777794
0,78,42,4950,1248,672,1543,19777794,19779337
0,79,42,4951,1264,672,1594,19779337,19780931
0,80,42,4952,1280,672,1653,19780931,19782584
0,81,42,4953,1296,672,1764,19782584,19784348
0,82,42,4954,1312,672,1947,19784348,19786295
0,83,42,4955,1328,672,2204,19786295,19788499
0,84,42,4956,1344,672,2214,19788499,19790713
0,85,42,4957,1360,672,2199,19790713,19792912
0,86,42,4958,1376,672,2144,19792912,19795056
0,87,42,4959,1392,672,1904,19795056,19796960
0,88,42,4960,1408,672,1667,19796960,19798627
0,89,42,4961,1424,672,1542,19798627,19800169
0,90,42,4962,1440,672,1472,19800169,19801641
0,91,42,4963,1456,672,1444,19801641,19803085
0,92,42,4964,1472,672,1426,19803085,19804511
0,93,42,4965,1488,672,1439,19804511,19805950
0,94,42,4966,1504,672,1461,19805950,19807411
0,95,42,4967,1520,672,1558,19807411,19808969
0,96,42,4968,1536,672,1686,19808969,19810655
0,97,42,4969,1552,672,1945,19810655,19812600
0,98,42,4970,1568,672,2290,19812600,19814890
0,99,42,4971,1584,672,2700,19814890,19817590
0,100,42,4972,1600,672,2840,19817590,19820430
0,101,42,4973,1616,672,2846,19820430,19823276
0,102,42,4974,1632,672,2832,19823276,19826108
0,103,42,4975,1648,672,2671,19826108,19828779
0,104,42,4976,1664,672,2352,19828779,19831131
0,105,42,4977,1680,672,2163,19831131,19833294
0,106,42,4978,1696,672,2016,19833294,19835310
0,107,42,4979,1712,672,1852,19835310,19837162
0,108,42,4980,1728,672,1739,19837162,19838901
0,109,42,4981,1744,672,1609,19838901,19840510
0,110,42,4982,1760,672,1418,19840510,19841928
0,111,42,4983,1776,672,1270,19841928,19843198
0,112,42,4984,1792,672,1212,19843198,19844410
0,113,42,4985,1808,672,1191,19844410,19845601
0,114,42,4986,1824,672,1253,19845601,19846854
0,115,42,4987,1840,672,1369,19846854,19848223
0,0,43,4988,0,688,1441,19848223,19849664
0,1,43,4989,16,688,1635,19849664,19851299
0,2,43,4990,32,688,1850,19851299,19853149
0,3,43,4991,48,688,2065,19853149,19855214
0,4,43,4992,64,688,2246,19855214,19857460
0,5,43,4993,80,688,2425,19857460,19859885
0,6,43,4994,96,688,2513,19859885,19862398
0,7,43,4995,112,688,2464,19862398,19864862
0,8,43,4996,128,688,2408,19864862,19867270
0,9,43,4997,144,688,2377,19867270,19869647
0,10,43,4998,160,688,2389,19869647,19872036
0,11,43,4999,176,688,2450,19872036,19874486
0,12,43,5000,192,688,2629,19874486,19877115
0,13,43,5001,208,688,2861,19877115,19879976
0,14,43,5002,224,688,3082,19879976,19883058
0,15,43,5003,240,688,3248,19883058,19886306
0,16,43,5004,256,688,3299,19886306,19889605
0,17,43,5005,272,688,3391,19889605,19892996
0,18,43,5006,288,688,3445,19892996,19896441
0,19,43,5007,304,688,3488,19896441,19899929
0,20,43,5008,320,688,3528,19899929,19903457
0,21,43,5009,336,688,3533,19903457,19906990
0,22,43,5010,352,688,3510,19906990,19910500
0,23,43,5011,368,688,3515,19910500,19914015
0,24,43,5012,384,688,3550,19914015,19917565
0,25,43,5013,400,688,3554,19917565,19921119
0,26,43,5014,416,688,3577,19921119,19924696
0,27,43,5015,432,688,3689,19924696,19928385
0,28,43,5016,448,688,3836,19928385,19932221
0,29,43,5017,464,688,4000,19932221,19936221
0,30,43,5018,480,688,4028,19936221,19940249
0,31,43,5019,496,688,4001,19940249,19944250
0,32,43,5020,512,688,3930,19944250,19948180
0,33,43,5021,528,688,3841,19948180,19952021
0,34,43,5022,544,688,3770,19952021,19955791
0,35,43,5023,560,688,3713,19955791,19959504
0,36,43,5024,576,688,3631,19959504,19963135
0,37,43,5025,592,688,3685,19963135,19966820
0,38,43,5026,608,688,4180,19966820,19971000
0,39,43,5027,624,688,4800,19971000,19975800
0,40,43,5028,640,688,4734,19975800,19980534
0,41,43,5029,656,688,4187,19980534,19984721
0,42,43,5030,672,688,3387,19984721,19988108
0,43,43,5031,688,688,2673,19988108,19990781
0,44,43,5032,704,688,2134,19990781,19992915
0,45,43,5033,720,688,1833,19992915,19994748
0,46,43,5034,736,688,1662,19994748,19996410
0,47,43,5035,752,688,1542,19996410,19997952
0,48,43,5036,768,688,1471,19997952,19999423
0,49,43,5037,784,688,1584,19999423,20001007
0,50,43,5038,800,688,1700,20001007,20002707
0,51,43,5039,816,688,1819,20002707,20004526
0,52,43,5040,832,688,2044,20004526,20006570
0,53,43,5041,848,688,2679,20006570,20009249
0,54,43,5042,864,688,2971,20009249,20012220
0,55,43,5043,880,688,3188,20012220,20015408
0,56,43,5044,896,688,3197,20015408,20018605
0,57,43,5045,912,688,3298,20018605,20021903
0,58,43,5046,928,688,3533,20021903,20025436
0,59,43,5047,944,688,3715,20025436,20029151
0,60,43,5048,960,688,3835,20029151,20032986
0,61,43,5049,976,688,3593,20032986,20036579
0,62,43,5050,992,688,3428,20036579,20040007
0,63,43,5051,1008,688,3244,20040007,20043251
0,64,43,5052,1024,688,3213,20043251,20046464
0,65,43,5053,1040,688,3511,20046464,20049975
0,66,43,5054,1056,688,4469,20049975,20054444
0,67,43,5055,1072,688,4826,20054444,20059270
0,68,43,5056,1088,688,4619,20059270,20063889
0,69,43,5057,1104,688,4237,20063889,20068126
0,70,43,5058,1120,688,3577,20068126,20071703
0,71,43,5059,1136,688,2754,20071703,20074457
0,72,43,5060,1152,688,2246,20074457,20076703
0,73,43,5061,1168,688,1997,20076703,20078700
0,74,43,5062,1184,688,1887,20078700,20080587
0,75,43,5063,1200,688,1799,20080587,20082386
0,76,43,5064,1216,688,1765,20082386,20084151
0,77,43,5065,1232,688,1729,20084151,20085880
0,78,43,5066,1248,688,1707,20085880,20087587
0,79,43,5067,1264,688,1755,20087587,20089342
0,80,43,5068,1280,688,1802,20089342,20091144
0,81,43,5069,1296,688,1899,20091144,20093043
0,82,43,5070,1312,688,2124,20093043,20095167
0,83,43,5071,1328,688,2347,20095167,20097514
0,84,43,5072,1344,688,2339,20097514,20099853
0,85,43,5073,1360,688,2322,20099853,20102175
0,86,43,5074,1376,688,2227,20102175,20104402
0,87,43,5075,1392,688,1917,20104402,20106319
0,88,43,5076,1408,688,1737,20106319,20108056
0,89,43,5077,1424,688,1638,20108056,20109694
0,90,43,5078,1440,688,1587,20109694,20111281
0,91,43,5079,1456,688,1571,20111281,20112852
0,92,43,5080,1472,688,1578,20112852,20114430
0,93,43,5081,1488,688,1590,20114430,20116020
0,94,43,5082,1504,688,1618,20116020,20117638
0,95,43,5083,1520,688,1710,20117638,20119348
0,96,43,5084,1536,688,1826,20119348,20121174
0,97,43,5085,1552,688,2101,20121174,20123275
0,98,43,5086,1568,688,2464,20123275,20125739
0,99,43,5087,1584,688,2813,20125739,20128552
0,100,43,5088,1600,688,2902,20128552,20131454
0,101,43,5089,1616,688,2883,20131454,20134337
0,102,43,5090,1632,688,2851,20134337,20137188
0,103,43,5091,1648,688,2600,20137188,20139788
0,104,43,5092,1664,688,2282,20139788,20142070
0,105,43,5093,1680,688,2117,20142070,20144187
0,106,43,5094,1696,688,1961,20144187,20146148
0,107,43,5095,1712,688,1808,20146148,20147956
0,108,43,5096,1728,688,1694,20147956,20149650
0,109,43,5097,1744,688,1541,20149650,20151191
0,110,43,5098,1760,688,1365,20151191,20152556
0,111,43,5099,1776,688,1224,20152556,20153780
0,112,43,5100,1792,688,1176,20153780,20154956
0,113,43,5101,1808,688,1166,20154956,20156122
0,114,43,5102,1824,688,1237,20156122,20157359
0,115,43,5103,1840,688,1385,20157359,20158744
0,0,44,5104,0,704,1695,20158744,20160439
0,1,44,5105,16,704,2019,20160439,20162458
0,2,44,5106,32,704,2272,20162458,20164730
0,3,44,5107,48,704,2486,20164730,20167216
0,4,44,5108,64,704,2678,20167216,20169894
0,5,44,5109,80,704,2835,20169894,20172729
0,6,44,5110,96,704,2832,20172729,20175561
0,7,44,5111,112,704,2768,20175561,20178329
0,8,44,5112,128,704,2782,20178329,20181111
0,9,44,5113,144,704,2701,20181111,20183812
0,10,44,5114,160,704,2619,20183812,20186431
0,11,44,5115,176,704,2563,20186431,20188994
0,12,44,5116,192,704,2645,20188994,20191639
0,13,44,5117,208,704,2761,20191639,20194400
0,14,44,5118,224,704,2875,20194400,20197275
0,15,44,5119,240,704,2972,20197275,20200247
0,16,44,5120,256,704,2981,20200247,20203228
0,17,44,5121,272,704,3071,20203228,20206299
0,18,44,5122,288,704,3146,20206299,20209445
0,19,44,5123,304,704,3244,20209445,20212689
0,20,44,5124,320,704,3391,20212689,20216080
0,21,44,5125,336,704,3460,20216080,20219540
0,22,44,5126,352,704,3513,20219540,20223053
0,23,44,5127,368,704,3546,20223053,20226599
0,24,44,5128,384,704,3623,20226599,20230222
0,25,44,5129,400,704,3662,20230222,20233884
0,26,44,5130,416,704,3686,20233884,20237570
0,27,44,5131,432,704,3799,20237570,20241369
0,28,44,5132,448,704,4139,20241369,20245508
0,29,44,5133,464,704,4449,20245508,20249957
0,30,44,5134,480,704,4477,20249957,20254434
0,31,44,5135,496,704,4504,20254434,20258938
0,32,44,5136,512,704,4527,20258938,20263465
0,33,44,5137,528,704,4496,20263465,20267961
0,34,44,5138,544,704,4362,20267961,20272323
0,35,44,5139,560,704,4202,20272323,20276525
0,36,44,5140,576,704,4057,20276525,20280582
0,37,44,5141,592,704,3973,20280582,20284555
0,38,44,5142,608,704,4113,20284555,20288668
0,39,44,5143,624,704,4320,20288668,20292988
0,40,44,5144,640,704,4151,20292988,20297139
0,41,44,5145,656,704,3859,20297139,20300998
0,42,44,5146,672,704,3344,20300998,20304342
0,43,44,5147,688,704,2807,20304342,20307149
0,44,44,5148,704,704,2344,20307149,20309493
0,45,44,5149,720,704,2078,20309493,20311571
0,46,44,5150,736,704,1882,20311571,20313453
0,47,44,5151,752,704,1723,20313453,20315176
0,48,44,5152,768,704,1623,20315176,20316799
0,49,44,5153,784,704,1819,20316799,20318618
0,50,44,5154,800,704,2168,20318618,20320786
0,51,44,5155,816,704,2456,20320786,20323242
0,52,44,5156,832,704,2896,20323242,20326138
0,53,44,5157,848,704,3486,20326138,20329624
0,54,44,5158,864,704,3510,20329624,20333134
0,55,44,5159,880,704,3437,20333134,20336571
0,56,44,5160,896,704,3172,20336571,20339743
0,57,44,5161,912,704,3093,20339743,20342836
0,58,44,5162,928,704,3177,20342836,20346013
0,59,44,5163,944,704,3312,20346013,20349325
0,60,44,5164,960,704,3550,20349325,20352875
0,61,44,5165,976,704,3588,20352875,20356463
0,62,44,5166,992,704,3452,20356463,20359915
0,63,44,5167,1008,704,3187,20359915,20363102
0,64,44,5168,1024,704,3060,20363102,20366162
0,65,44,5169,1040,704,3340,20366162,20369502
0,66,44,5170,1056,704,4152,20369502,20373654
0,67,44,5171,1072,704,4474,20373654,20378128
0,68,44,5172,1088,704,4336,20378128,20382464
0,69,44,5173,1104,704,4090,20382464,20386554
0,70,44,5174,1120,704,3516,20386554,20390070
0,71,44,5175,1136,704,2843,20390070,20392913
0,72,44,5176,1152,704,2445,20392913,20395358
0,73,44,5177,1168,704,2241,20395358,20397599
0,74,44,5178,1184,704,2150,20397599,20399749
0,75,44,5179,1200,704,2053,20399749,20401802
0,76,44,5180,1216,704,2026,20401802,20403828
0,77,44,5181,1232,704,1986,20403828,20405814
0,78,44,5182,1248,704,1965,20405814,20407779
0,79,44,5183,1264,704,2005,20407779,20409784
0,80,44,5184,1280,704,2047,20409784,20411831
0,81,44,5185,1296,704,2145,20411831,20413976
0,82,44,5186,1312,704,2375,20413976,20416351
0,83,44,5187,1328,704,2597,20416351,20418948
0,84,44,5188,1344,704,2571,20418948,20421519
0,85,44,5189,1360,704,2517,20421519,20424036
0,86,44,5190,1376,704,2329,20424036,20426365
0,87,44,5191,1392,704,1997,20426365,20428362
0,88,44,5192,1408,704,1819,20428362,20430181
0,89,44,5193,1424,704,1778,20430181,20431959
0,90,44,5194,1440,704,1735,20431959,20433694
0,91,44,5195,1456,704,1725,20433694,20435419
0,92,44,5196,1472,704,1752,20435419,20437171
0,93,44,5197,1488,704,1767,20437171,20438938
0,94,44,5198,1504,704,1794,20438938,20440732
0,95,44,5199,1520,704,1884,20440732,20442616
0,96,44,5200,1536,704,2000,20442616,20444616
0,97,44,5201,1552,704,2272,20444616,20446888
0,98,44,5202,1568,704,2675,20446888,20449563
0,99,44,5203,1584,704,2965,20449563,20452528
0,100,44,5204,1600,704,2992,20452528,20455520
0,101,44,5205,1616,704,2954,20455520,20458474
0,102,44,5206,1632,704,2863,20458474,20461337
0,103,44,5207,1648,704,2554,20461337,20463891
0,104,44,5208,1664,704,2245,20463891,20466136
0,105,44,5209,1680,704,2069,20466136,20468205
0,106,44,5210,1696,704,1907,20468205,20470112
0,107,44,5211,1712,704,1761,20470112,20471873
0,108,44,5212,1728,704,1644,20471873,20473517
0,109,44,5213,1744,704,1472,20473517,20474989
0,110,44,5214,1760,704,1289,20474989,20476278
0,111,44,5215,1776,704,1177,20476278,20477455
0,112,44,5216,1792,704,1148,20477455,20478603
0,113,44,5217,1808,704,1161,20478603,20479764
0,114,44,5218,1824,704,1239,20479764,20481003
0,115,44,5219,1840,704,1395,20481003,20482398
0,0,45,5220,0,720,1988,20482398,20484386
0,1,45,5221,16,720,2462,20484386,20486848
0,2,45,5222,32,720,2751,20486848,20489599
0,3,45,5223,48,720,2939,20489599,20492538
0,4,45,5224,64,720,3076,20492538,20495614
0,5,45,5225,80,720,3094,20495614,20498708
0,6,45,5226,96,720,3060,20498708,20501768
0,7,45,5227,112,720,3045,20501768,20504813
0,8,45,5228,128,720,3208,20504813,20508021
0,9,45,5229,144,720,3245,20508021,20511266
0,10,45,5230,160,720,3089,20511266,20514355
0,11,45,5231,176,720,2869,20514355,20517224
0,12,45,5232,192,720,2763,20517224,20519987
0,13,45,5233,208,720,2741,20519987,20522728
0,14,45,5234,224,720,2732,20522728,20525460
0,15,45,5235,240,720,2744,20525460,20528204
0,16,45,5236,256,720,2766,20528204,20530970
0,17,45,5237,272,720,2838,20530970,20533808
0,18,45,5238,288,720,2910,20533808,20536718
0,19,45,5239,304,720,3060,20536718,20539778
0,20,45,5240,320,720,3282,20539778,20543060
0,21,45,5241,336,720,3423,20543060,20546483
0,22,45,5242,352,720,3616,20546483,20550099
0,23,45,5243,368,720,3700,20550099,20553799
0,24,45,5244,384,720,3846,20553799,20557645
0,25,45,5245,400,720,3941,20557645,20561586
0,26,45,5246,416,720,4025,20561586,20565611
0,27,45,5247,432,720,4202,20565611,20569813
0,28,45,5248,448,720,4670,20569813,20574483
0,29,45,5249,464,720,5050,20574483,20579533
0,30,45,5250,480,720,5211,20579533,20584744
0,31,45,5251,496,720,5281,20584744,20590025
0,32,45,5252,512,720,5291,20590025,20595316
0,33,45,5253,528,720,5144,20595316,20600460
0,34,45,5254,544,720,4958,20600460,20605418
0,35,45,5255,560,720,4748,20605418,20610166
0,36,45,5256,576,720,4622,20610166,20614788
0,37,45,5257,592,720,4396,20614788,20619184
0,38,45,5258,608,720,4228,20619184,20623412
0,39,45,5259,624,720,4083,20623412,20627495
0,40,45,5260,640,720,3818,20627495,20631313
0,41,45,5261,656,720,3647,20631313,20634960
0,42,45,5262,672,720,3352,20634960,20638312
0,43,45,5263,688,720,2977,20638312,20641289
0,44,45,5264,704,720,2645,20641289,20643934
0,45,45,5265,720,720,2419,20643934,20646353
0,46,45,5266,736,720,2185,20646353,20648538
0,47,45,5267,752,720,2033,20648538,20650571
0,48,45,5268,768,720,1866,20650571,20652437
0,49,45,5269,784,720,2195,20652437,20654632
0,50,45,5270,800,720,3056,20654632,20657688
0,51,45,5271,816,720,3516,20657688,20661204
0,52,45,5272,832,720,3631,20661204,20664835
0,53,45,5273,848,720,3937,20664835,20668772
0,54,45,5274,864,720,3653,20668772,20672425
0,55,45,5275,880,720,3370,20672425,20675795
0,56,45,5276,896,720,3025,20675795,20678820
0,57,45,5277,912,720,2870,20678820,20681690
0,58,45,5278,928,720,2831,20681690,20684521
0,59,45,5279,944,720,2946,20684521,20687467
0,60,45,5280,960,720,3172,20687467,20690639
0,61,45,5281,976,720,3195,20690639,20693834
0,62,45,5282,992,720,3270,20693834,20697104
0,63,45,5283,1008,720,3167,20697104,20700271
0,64,45,5284,1024,720,3040,20700271,20703311
0,65,45,5285,1040,720,3246,20703311,20706557
0,66,45,5286,1056,720,3778,20706557,20710335
0,67,45,5287,1072,720,3994,20710335,20714329
0,68,45,5288,1088,720,3955,20714329,20718284
0,69,45,5289,1104,720,3840,20718284,20722124
0,70,45,5290,1120,720,3485,20722124,20725609
0,71,45,5291,1136,720,2961,20725609,20728570
0,72,45,5292,1152,720,2653,20728570,20731223
0,73,45,5293,1168,720,2486,20731223,20733709
0,74,45,5294,1184,720,2429,20733709,20736138
0,75,45,5295,1200,720,2344,20736138,20738482
0,76,45,5296,1216,720,2339,20738482,20740821
0,77,45,5297,1232,720,2293,20740821,20743114
0,78,45,5298,1248,720,2256,20743114,20745370
0,79,45,5299,1264,720,2282,20745370,20747652
0,80,45,5300,1280,720,2313,20747652,20749965
0,81,45,5301,1296,720,2388,20749965,20752353
0,82,45,5302,1312,720,2630,20752353,20754983
0,83,45,5303,1328,720,2851,20754983,20757834
0,84,45,5304,1344,720,2811,20757834,20760645
0,85,45,5305,1360,720,2708,20760645,20763353
0,86,45,5306,1376,720,2416,20763353,20765769
0,87,45,5307,1392,720,2080,20765769,20767849
0,88,45,5308,1408,720,1949,20767849,20769798
0,89,45,5309,1424,720,1936,20769798,20771734
0,90,45,5310,1440,720,1926,20771734,20773660
0,91,45,5311,1456,720,1901,20773660,20775561
0,92,45,5312,1472,720,1945,20775561,20777506
0,93,45,5313,1488,720,1982,20777506,20779488
0,94,45,5314,1504,720,2023,20779488,20781511
0,95,45,5315,1520,720,2123,20781511,20783634
0,96,45,5316,1536,720,2237,20783634,20785871
0,97,45,5317,1552,720,2511,20785871,20788382
0,98,45,5318,1568,720,2932,20788382,20791314
0,99,45,5319,1584,720,3172,20791314,20794486
0,100,45,5320,1600,720,3129,20794486,20797615
0,101,45,5321,1616,720,3034,20797615,20800649
0,102,45,5322,1632,720,2847,20800649,20803496
0,103,45,5323,1648,720,2535,20803496,20806031
0,104,45,5324,1664,720,2260,20806031,20808291
0,105,45,5325,1680,720,2091,20808291,20810382
0,106,45,5326,1696,720,1925,20810382,20812307
0,107,45,5327,1712,720,1789,20812307,20814096
0,108,45,5328,1728,720,1629,20814096,20815725
0,109,45,5329,1744,720,1434,20815725,20817159
0,110,45,5330,1760,720,1259,20817159,20818418
0,111,45,5331,1776,720,1140,20818418,20819558
0,112,45,5332,1792,720,1123,20819558,20820681
0,113,45,5333,1808,720,1144,20820681,20821825
0,114,45,5334,1824,720,1222,20821825,20823047
0,115,45,5335,1840,720,1381,20823047,20824428
0,0,46,5336,0,736,2288,20824428,20826716
0,1,46,5337,16,736,2831,20826716,20829547
0,2,46,5338,32,736,3115,20829547,20832662
0,3,46,5339,48,736,3254,20832662,20835916
0,4,46,5340,64,736,3319,20835916,20839235
0,5,46,5341,80,736,3322,20839235,20842557
0,6,46,5342,96,736,3264,20842557,20845821
0,7,46,5343,112,736,3230,20845821,20849051
0,8,46,5344,128,736,3432,20849051,20852483
0,9,46,5345,144,736,3646,20852483,20856129
0,10,46,5346,160,736,3635,20856129,20859764
0,11,46,5347,176,736,3264,20859764,20863028
0,12,46,5348,192,736,2922,20863028,20865950
0,13,46,5349,208,736,2702,20865950,20868652
0,14,46,5350,224,736,2563,20868652,20871215
0,15,46,5351,240,736,2546,20871215,20873761
0,16,46,5352,256,736,2617,20873761,20876378
0,17,46,5353,272,736,2724,20876378,20879102
0,18,46,5354,288,736,2806,20879102,20881908
0,19,46,5355,304,736,2959,20881908,20884867
0,20,46,5356,320,736,3214,20884867,20888081
0,21,46,5357,336,736,3417,20888081,20891498
0,22,46,5358,352,736,3681,20891498,20895179
0,23,46,5359,368,736,3886,20895179,20899065
0,24,46,5360,384,736,4122,20899065,20903187
0,25,46,5361,400,736,4295,20903187,20907482
0,26,46,5362,416,736,4385,20907482,20911867
0,27,46,5363,432,736,4601,20911867,20916468
0,28,46,5364,448,736,5057,20916468,20921525
0,29,46,5365,464,736,5449,20921525,20926974
0,30,46,5366,480,736,5637,20926974,20932611
0,31,46,5367,496,736,5768,20932611,20938379
0,32,46,5368,512,736,5740,20938379,20944119
0,33,46,5369,528,736,5499,20944119,20949618
0,34,46,5370,544,736,5252,20949618,20954870
0,35,46,5371,560,736,5075,20954870,20959945
0,36,46,5372,576,736,5025,20959945,20964970
0,37,46,5373,592,736,4657,20964970,20969627
0,38,46,5374,608,736,4299,20969627,20973926
0,39,46,5375,624,736,4001,20973926,20977927
0,40,46,5376,640,736,3743,20977927,20981670
0,41,46,5377,656,736,3590,20981670,20985260
0,42,46,5378,672,736,3417,20985260,20988677
0,43,46,5379,688,736,3220,20988677,20991897
0,44,46,5380,704,736,2985,20991897,20994882
0,45,46,5381,720,736,2797,20994882,20997679
0,46,46,5382,736,736,2596,20997679,21000275
0,47,46,5383,752,736,2438,21000275,21002713
0,48,46,5384,768,736,2246,21002713,21004959
0,49,46,5385,784,736,2526,21004959,21007485
0,50,46,5386,800,736,4015,21007485,21011500
0,51,46,5387,816,736,4712,21011500,21016212
0,52,46,5388,832,736,4507,21016212,21020719
0,53,46,5389,848,736,4160,21020719,21024879
0,54,46,5390,864,736,3686,21024879,21028565
0,55,46,5391,880,736,3373,21028565,21031938
0,56,46,5392,896,736,3217,21031938,21035155
0,57,46,5393,912,736,3108,21035155,21038263
0,58,46,5394,928,736,2889,21038263,21041152
0,59,46,5395,944,736,2818,21041152,21043970
0,60,46,5396,960,736,2902,21043970,21046872
0,61,46,5397,976,736,2902,21046872,21049774
0,62,46,5398,992,736,3073,21049774,21052847
0,63,46,5399,1008,736,3281,21052847,21056128
0,64,46,5400,1024,736,3193,21056128,21059321
0,65,46,5401,1040,736,3253,21059321,21062574
0,66,46,5402,1056,736,3507,21062574,21066081
0,67,46,5403,1072,736,3674,21066081,21069755
0,68,46,5404,1088,736,3710,21069755,21073465
0,69,46,5405,1104,736,3686,21073465,21077151
0,70,46,5406,1120,736,3529,21077151,21080680
0,71,46,5407,1136,736,3137,21080680,21083817
0,72,46,5408,1152,736,2907,21083817,21086724
0,73,46,5409,1168,736,2795,21086724,21089519
0,74,46,5410,1184,736,2739,21089519,21092258
0,75,46,5411,1200,736,2691,21092258,21094949
0,76,46,5412,1216,736,2683,21094949,21097632
0,77,46,5413,1232,736,2637,21097632,21100269
0,78,46,5414,1248,736,2565,21100269,21102834
0,79,46,5415,1264,736,2564,21102834,21105398
0,80,46,5416,1280,736,2546,21105398,21107944
0,81,46,5417,1296,736,2602,21107944,21110546
0,82,46,5418,1312,736,2848,21110546,21113394
0,83,46,5419,1328,736,3042,21113394,21116436
0,84,46,5420,1344,736,2992,21116436,21119428
0,85,46,5421,1360,736,2828,21119428,21122256
0,86,46,5422,1376,736,2469,21122256,21124725
0,87,46,5423,1392,736,2199,21124725,21126924
0,88,46,5424,1408,736,2092,21126924,21129016
0,89,46,5425,1424,736,2124,21129016,21131140
0,90,46,5426,1440,736,2143,21131140,21133283
0,91,46,5427,1456,736,2146,21133283,21135429
0,92,46,5428,1472,736,2188,21135429,21137617
0,93,46,5429,1488,736,2239,21137617,21139856
0,94,46,5430,1504,736,2300,21139856,21142156
0,95,46,5431,1520,736,2399,21142156,21144555
0,96,46,5432,1536,736,2522,21144555,21147077
0,97,46,5433,1552,736,2782,21147077,21149859
0,98,46,5434,1568,736,3159,21149859,21153018
0,99,46,5435,1584,736,3299,21153018,21156317
0,100,46,5436,1600,736,3244,21156317,21159561
0,101,46,5437,1616,736,3089,21159561,21162650
0,102,46,5438,1632,736,2891,21162650,21165541
0,103,46,5439,1648,736,2605,21165541,21168146
0,104,46,5440,1664,736,2393,21168146,21170539
0,105,46,5441,1680,736,2196,21170539,21172735
0,106,46,5442,1696,736,2028,21172735,21174763
0,107,46,5443,1712,736,1881,21174763,21176644
0,108,46,5444,1728,736,1656,21176644,21178300
0,109,46,5445,1744,736,1426,21178300,21179726
0,110,46,5446,1760,736,1237,21179726,21180963
0,111,46,5447,1776,736,1123,21180963,21182086
0,112,46,5448,1792,736,1113,21182086,21183199
0,113,46,5449,1808,736,1140,21183199,21184339
0,114,46,5450,1824,736,1223,21184339,21185562
0,115,46,5451,1840,736,1390,21185562,21186952
0,0,47,5452,0,752,2567,21186952,21189519
0,1,47,5453,16,752,3150,21189519,21192669
0,2,47,5454,32,752,3417,21192669,21196086
0,3,47,5455,48,752,3469,21196086,21199555
0,4,47,5456,64,752,3416,21199555,21202971
0,5,47,5457,80,752,3436,21202971,21206407
0,6,47,5458,96,752,3530,21206407,21209937
0,7,47,5459,112,752,3421,21209937,21213358
0,8,47,5460,128,752,3478,21213358,21216836
0,9,47,5461,144,752,3826,21216836,21220662
0,10,47,5462,160,752,3927,21220662,21224589
0,11,47,5463,176,752,3547,21224589,21228136
0,12,47,5464,192,752,3001,21228136,21231137
0,13,47,5465,208,752,2680,21231137,21233817
0,14,47,5466,224,752,2433,21233817,21236250
0,15,47,5467,240,752,2380,21236250,21238630
0,16,47,5468,256,752,2454,21238630,21241084
0,17,47,5469,272,752,2603,21241084,21243687
0,18,47,5470,288,752,2734,21243687,21246421
0,19,47,5471,304,752,2921,21246421,21249342
0,20,47,5472,320,752,3185,21249342,21252527
0,21,47,5473,336,752,3388,21252527,21255915
0,22,47,5474,352,752,3669,21255915,21259584
0,23,47,5475,368,752,3951,21259584,21263535
0,24,47,5476,384,752,4238,21263535,21267773
0,25,47,5477,400,752,4464,21267773,21272237
0,26,47,5478,416,752,4636,21272237,21276873
0,27,47,5479,432,752,4916,21276873,21281789
0,28,47,5480,448,752,5205,21281789,21286994
0,29,47,5481,464,752,5480,21286994,21292474
0,30,47,5482,480,752,5592,21292474,21298066
0,31,47,5483,496,752,5748,21298066,21303814
0,32,47,5484,512,752,5718,21303814,21309532
0,33,47,5485,528,752,5448,21309532,21314980
0,34,47,5486,544,752,5207,21314980,21320187
0,35,47,5487,560,752,5063,21320187,21325250
0,36,47,5488,576,752,4957,21325250,21330207
0,37,47,5489,592,752,4619,21330207,21334826
0,38,47,5490,608,752,4240,21334826,21339066
0,39,47,5491,624,752,3861,21339066,21342927
0,40,47,5492,640,752,3633,21342927,21346560
0,41,47,5493,656,752,3521,21346560,21350081
0,42,47,5494,672,752,3526,21350081,21353607
0,43,47,5495,688,752,3355,21353607,21356962
0,44,47,5496,704,752,3238,21356962,21360200
0,45,47,5497,720,752,3053,21360200,21363253
0,46,47,5498,736,752,2877,21363253,21366130
0,47,47,5499,752,752,2722,21366130,21368852
0,48,47,5500,768,752,2552,21368852,21371404
0,49,47,5501,784,752,2757,21371404,21374161
0,50,47,5502,800,752,3738,21374161,21377899
0,51,47,5503,816,752,4320,21377899,21382219
0,52,47,5504,832,752,4395,21382219,21386614
0,53,47,5505,848,752,4275,21386614,21390889
0,54,47,5506,864,752,3997,21390889,21394886
0,55,47,5507,880,752,3887,21394886,21398773
0,56,47,5508,896,752,3829,21398773,21402602
0,57,47,5509,912,752,3479,21402602,21406081
0,58,47,5510,928,752,3091,21406081,21409172
0,59,47,5511,944,752,2861,21409172,21412033
0,60,47,5512,960,752,2838,21412033,21414871
0,61,47,5513,976,752,2810,21414871,21417681
0,62,47,5514,992,752,2999,21417681,21420680
0,63,47,5515,1008,752,3447,21420680,21424127
0,64,47,5516,1024,752,3518,21424127,21427645
0,65,47,5517,1040,752,3425,21427645,21431070
0,66,47,5518,1056,752,3384,21431070,21434454
0,67,47,5519,1072,752,3457,21434454,21437911
0,68,47,5520,1088,752,3523,21437911,21441434
0,69,47,5521,1104,752,3571,21441434,21445005
0,70,47,5522,1120,752,3519,21445005,21448524
0,71,47,5523,1136,752,3246,21448524,21451770
0,72,47,5524,1152,752,3058,21451770,21454828
0,73,47,5525,1168,752,2985,21454828,21457813
0,74,47,5526,1184,752,2975,21457813,21460788
0,75,47,5527,1200,752,2951,21460788,21463739
0,76,47,5528,1216,752,2971,21463739,21466710
0,77,47,5529,1232,752,2911,21466710,21469621
0,78,47,5530,1248,752,2826,21469621,21472447
0,79,47,5531,1264,752,2813,21472447,21475260
0,80,47,5532,1280,752,2775,21475260,21478035
0,81,47,5533,1296,752,2794,21478035,21480829
0,82,47,5534,1312,752,2985,21480829,21483814
0,83,47,5535,1328,752,3163,21483814,21486977
0,84,47,5536,1344,752,3106,21486977,21490083
0,85,47,5537,1360,752,2906,21490083,21492989
0,86,47,5538,1376,752,2587,21492989,21495576
0,87,47,5539,1392,752,2390,21495576,21497966
0,88,47,5540,1408,752,2309,21497966,21500275
0,89,47,5541,1424,752,2348,21500275,21502623
0,90,47,5542,1440,752,2381,21502623,21505004
0,91,47,5543,1456,752,2421,21505004,21507425
0,92,47,5544,1472,752,2486,21507425,21509911
0,93,47,5545,1488,752,2545,21509911,21512456
0,94,47,5546,1504,752,2620,21512456,21515076
0,95,47,5547,1520,752,2702,21515076,21517778
0,96,47,5548,1536,752,2804,21517778,21520582
0,97,47,5549,1552,752,3041,21520582,21523623
0,98,47,5550,1568,752,3385,21523623,21527008
0,99,47,5551,1584,752,3501,21527008,21530509
0,100,47,5552,1600,752,3403,21530509,21533912
0,101,47,5553,1616,752,3232,21533912,21537144
0,102,47,5554,1632,752,3047,21537144,21540191
0,103,47,5555,1648,752,2821,21540191,21543012
0,104,47,5556,1664,752,2603,21543012,21545615
0,105,47,5557,1680,752,2383,21545615,21547998
0,106,47,5558,1696,752,2180,21547998,21550178
0,107,47,5559,1712,752,1989,21550178,21552167
0,108,47,5560,1728,752,1671,21552167,21553838
0,109,47,5561,1744,752,1428,21553838,21555266
0,110,47,5562,1760,752,1249,21555266,21556515
0,111,47,5563,1776,752,1133,21556515,21557648
0,112,47,5564,1792,752,1120,21557648,21558768
0,113,47,5565,1808,752,1149,21558768,21559917
0,114,47,5566,1824,752,1233,21559917,21561150
0,115,47,5567,1840,752,1397,21561150,21562547
0,0,48,5568,0,768,2763,21562547,21565310
0,1,48,5569,16,768,3379,21565310,21568689
0,2,48,5570,32,768,3839,21568689,21572528
0,3,48,5571,48,768,3951,21572528,21576479
0,4,48,5572,64,768,3861,21576479,21580340
0,5,48,5573,80,768,3710,21580340,21584050
0,6,48,5574,96,768,3689,21584050,21587739
0,7,48,5575,112,768,3465,21587739,21591204
0,8,48,5576,128,768,3396,21591204,21594600
0,9,48,5577,144,768,3780,21594600,21598380
0,10,48,5578,160,768,3997,21598380,21602377
0,11,48,5579,176,768,3673,21602377,21606050
0,12,48,5580,192,768,3186,21606050,21609236
0,13,48,5581,208,768,2803,21609236,21612039
0,14,48,5582,224,768,2474,21612039,21614513
0,15,48,5583,240,768,2403,21614513,21616916
0,16,48,5584,256,768,2487,21616916,21619403
0,17,48,5585,272,768,2624,21619403,21622027
0,18,48,5586,288,768,2760,21622027,21624787
0,19,48,5587,304,768,2957,21624787,21627744
0,20,48,5588,320,768,3193,21627744,21630937
0,21,48,5589,336,768,3412,21630937,21634349
0,22,48,5590,352,768,3694,21634349,21638043
0,23,48,5591,368,768,4038,21638043,21642081
0,24,48,5592,384,768,4361,21642081,21646442
0,25,48,5593,400,768,4586,21646442,21651028
0,26,48,5594,416,768,4732,21651028,21655760
0,27,48,5595,432,768,4879,21655760,21660639
0,28,48,5596,448,768,5036,21660639,21665675
0,29,48,5597,464,768,5195,21665675,21670870
0,30,48,5598,480,768,5259,21670870,21676129
0,31,48,5599,496,768,5424,21676129,21681553
0,32,48,5600,512,768,5403,21681553,21686956
0,33,48,5601,528,768,5148,21686956,21692104
0,34,48,5602,544,768,4934,21692104,21697038
0,35,48,5603,560,768,4880,21697038,21701918
0,36,48,5604,576,768,4687,21701918,21706605
0,37,48,5605,592,768,4378,21706605,21710983
0,38,48,5606,608,768,4001,21710983,21714984
0,39,48,5607,624,768,3760,21714984,21718744
0,40,48,5608,640,768,3568,21718744,21722312
0,41,48,5609,656,768,3475,21722312,21725787
0,42,48,5610,672,768,3556,21725787,21729343
0,43,48,5611,688,768,3444,21729343,21732787
0,44,48,5612,704,768,3407,21732787,21736194
0,45,48,5613,720,768,3331,21736194,21739525
0,46,48,5614,736,768,3267,21739525,21742792
0,47,48,5615,752,768,3116,21742792,21745908
0,48,48,5616,768,768,2933,21745908,21748841
0,49,48,5617,784,768,2815,21748841,21751656
0,50,48,5618,800,768,3240,21751656,21754896
0,51,48,5619,816,768,3658,21754896,21758554
0,52,48,5620,832,768,3983,21758554,21762537
0,53,48,5621,848,768,4086,21762537,21766623
0,54,48,5622,864,768,4052,21766623,21770675
0,55,48,5623,880,768,4067,21770675,21774742
0,56,48,5624,896,768,4036,21774742,21778778
0,57,48,5625,912,768,3736,21778778,21782514
0,58,48,5626,928,768,3428,21782514,21785942
0,59,48,5627,944,768,3284,21785942,21789226
0,60,48,5628,960,768,3174,21789226,21792400
0,61,48,5629,976,768,3130,21792400,21795530
0,62,48,5630,992,768,3305,21795530,21798835
0,63,48,5631,1008,768,3747,21798835,21802582
0,64,48,5632,1024,768,3824,21802582,21806406
0,65,48,5633,1040,768,3671,21806406,21810077
0,66,48,5634,1056,768,3327,21810077,21813404
0,67,48,5635,1072,768,3276,21813404,21816680
0,68,48,5636,1088,768,3386,21816680,21820066
0,69,48,5637,1104,768,3501,21820066,21823567
0,70,48,5638,1120,768,3500,21823567,21827067
0,71,48,5639,1136,768,3313,21827067,21830380
0,72,48,5640,1152,768,3242,21830380,21833622
0,73,48,5641,1168,768,3211,21833622,21836833
0,74,48,5642,1184,768,3180,21836833,21840013
0,75,48,5643,1200,768,3188,21840013,21843201
0,76,48,5644,1216,768,3247,21843201,21846448
0,77,48,5645,1232,768,3179,21846448,21849627
0,78,48,5646,1248,768,3102,21849627,21852729
0,79,48,5647,1264,768,3067,21852729,21855796
0,80,48,5648,1280,768,3033,21855796,21858829
0,81,48,5649,1296,768,3027,21858829,21861856
0,82,48,5650,1312,768,3092,21861856,21864948
0,83,48,5651,1328,768,3163,21864948,21868111
0,84,48,5652,1344,768,3106,21868111,21871217
0,85,48,5653,1360,768,2981,21871217,21874198
0,86,48,5654,1376,768,2747,21874198,21876945
0,87,48,5655,1392,768,2647,21876945,21879592
0,88,48,5656,1408,768,2612,21879592,21882204
0,89,48,5657,1424,768,2640,21882204,21884844
0,90,48,5658,1440,768,2689,21884844,21887533
0,91,48,5659,1456,768,2723,21887533,21890256
0,92,48,5660,1472,768,2789,21890256,21893045
0,93,48,5661,1488,768,2882,21893045,21895927
0,94,48,5662,1504,768,2931,21895927,21898858
0,95,48,5663,1520,768,3005,21898858,21901863
0,96,48,5664,1536,768,3110,21901863,21904973
0,97,48,5665,1552,768,3295,21904973,21908268
0,98,48,5666,1568,768,3551,21908268,21911819
0,99,48,5667,1584,768,3627,21911819,21915446
0,100,48,5668,1600,768,3496,21915446,21918942
0,101,48,5669,1616,768,3309,21918942,21922251
0,102,48,5670,1632,768,3212,21922251,21925463
0,103,48,5671,1648,768,3060,21925463,21928523
0,104,48,5672,1664,768,2880,21928523,21931403
0,105,48,5673,1680,768,2625,21931403,21934028
0,106,48,5674,1696,768,2375,21934028,21936403
0,107,48,5675,1712,768,2085,21936403,21938488
0,108,48,5676,1728,768,1710,21938488,21940198
0,109,48,5677,1744,768,1457,21940198,21941655
0,110,48,5678,1760,768,1277,21941655,21942932
0,111,48,5679,1776,768,1163,21942932,21944095
0,112,48,5680,1792,768,1145,21944095,21945240
0,113,48,5681,1808,768,1165,21945240,21946405
0,114,48,5682,1824,768,1243,21946405,21947648
0,115,48,5683,1840,768,1408,21947648,21949056
0,0,49,5684,0,784,2867,21949056,21951923
0,1,49,5685,16,784,3349,21951923,21955272
0,2,49,5686,32,784,4088,21955272,21959360
0,3,49,5687,48,784,4415,21959360,21963775
0,4,49,5688,64,784,4320,21963775,21968095
0,5,49,5689,80,784,4086,21968095,21972181
0,6,49,5690,96,784,3734,21972181,21975915
0,7,49,5691,112,784,3471,21975915,21979386
0,8,49,5692,128,784,3406,21979386,21982792
0,9,49,5693,144,784,3633,21982792,21986425
0,10,49,5694,160,784,3817,21986425,21990242
0,11,49,5695,176,784,3600,21990242,21993842
0,12,49,5696,192,784,3298,21993842,21997140
0,13,49,5697,208,784,2978,21997140,22000118
0,14,49,5698,224,784,2654,22000118,22002772
0,15,49,5699,240,784,2596,22002772,22005368
0,16,49,5700,256,784,2613,22005368,22007981
0,17,49,5701,272,784,2737,22007981,22010718
0,18,49,5702,288,784,2895,22010718,22013613
0,19,49,5703,304,784,3082,22013613,22016695
0,20,49,5704,320,784,3273,22016695,22019968
0,21,49,5705,336,784,3455,22019968,22023423
0,22,49,5706,352,784,3752,22023423,22027175
0,23,49,5707,368,784,4014,22027175,22031189
0,24,49,5708,384,784,4271,22031189,22035460
0,25,49,5709,400,784,4463,22035460,22039923
0,26,49,5710,416,784,4520,22039923,22044443
0,27,49,5711,432,784,4523,22044443,22048966
0,28,49,5712,448,784,4715,22048966,22053681
0,29,49,5713,464,784,4762,22053681,22058443
0,30,49,5714,480,784,4787,22058443,22063230
0,31,49,5715,496,784,4859,22063230,22068089
0,32,49,5716,512,784,4825,22068089,22072914
0,33,49,5717,528,784,4586,22072914,22077500
0,34,49,5718,544,784,4441,22077500,22081941
0,35,49,5719,560,784,4398,22081941,22086339
0,36,49,5720,576,784,4183,22086339,22090522
0,37,49,5721,592,784,3959,22090522,22094481
0,38,49,5722,608,784,3745,22094481,22098226
0,39,49,5723,624,784,3652,22098226,22101878
0,40,49,5724,640,784,3502,22101878,22105380
0,41,49,5725,656,784,3413,22105380,22108793
0,42,49,5726,672,784,3442,22108793,22112235
0,43,49,5727,688,784,3413,22112235,22115648
0,44,49,5728,704,784,3399,22115648,22119047
0,45,49,5729,720,784,3505,22119047,22122552
0,46,49,5730,736,784,4172,22122552,22126724
0,47,49,5731,752,784,4136,22126724,22130860
0,48,49,5732,768,784,3485,22130860,22134345
0,49,49,5733,784,784,2950,22134345,22137295
0,50,49,5734,800,784,2963,22137295,22140258
0,51,49,5735,816,784,3119,22140258,22143377
0,52,49,5736,832,784,3440,22143377,22146817
0,53,49,5737,848,784,3803,22146817,22150620
0,54,49,5738,864,784,3930,22150620,22154550
0,55,49,5739,880,784,3925,22154550,22158475
0,56,49,5740,896,784,3853,22158475,22162328
0,57,49,5741,912,784,3736,22162328,22166064
0,58,49,5742,928,784,3649,22166064,22169713
0,59,49,5743,944,784,3623,22169713,22173336
0,60,49,5744,960,784,3566,22173336,22176902
0,61,49,5745,976,784,3554,22176902,22180456
0,62,49,5746,992,784,3708,22180456,22184164
0,63,49,5747,1008,784,3951,22184164,22188115
0,64,49,5748,1024,784,3920,22188115,22192035
0,65,49,5749,1040,784,3870,22192035,22195905
0,66,49,5750,1056,784,3541,22195905,22199446
0,67,49,5751,1072,784,3500,22199446,22202946
0,68,49,5752,1088,784,3535,22202946,22206481
0,69,49,5753,1104,784,3562,22206481,22210043
0,70,49,5754,1120,784,3557,22210043,22213600
0,71,49,5755,1136,784,3436,22213600,22217036
0,72,49,5756,1152,784,3461,22217036,22220497
0,73,49,5757,1168,784,3370,22220497,22223867
0,74,49,5758,1184,784,3384,22223867,22227251
0,75,49,5759,1200,784,3438,22227251,22230689
0,76,49,5760,1216,784,3479,22230689,22234168
0,77,49,5761,1232,784,3416,22234168,22237584
0,78,49,5762,1248,784,3321,22237584,22240905
0,79,49,5763,1264,784,3243,22240905,22244148
0,80,49,5764,1280,784,3156,22244148,22247304
0,81,49,5765,1296,784,3098,22247304,22250402
0,82,49,5766,1312,784,3062,22250402,22253464
0,83,49,5767,1328,784,3013,22253464,22256477
0,84,49,5768,1344,784,2953,22256477,22259430
0,85,49,5769,1360,784,2922,22259430,22262352
0,86,49,5770,1376,784,2814,22262352,22265166
0,87,49,5771,1392,784,2786,22265166,22267952
0,88,49,5772,1408,784,2802,22267952,22270754
0,89,49,5773,1424,784,2814,22270754,22273568
0,90,49,5774,1440,784,2913,22273568,22276481
0,91,49,5775,1456,784,2961,22276481,22279442
0,92,49,5776,1472,784,3036,22279442,22282478
0,93,49,5777,1488,784,3104,22282478,22285582
0,94,49,5778,1504,784,3187,22285582,22288769
0,95,49,5779,1520,784,3310,22288769,22292079
0,96,49,5780,1536,784,3415,22292079,22295494
0,97,49,5781,1552,784,3526,22295494,22299020
0,98,49,5782,1568,784,3668,22299020,22302688
0,99,49,5783,1584,784,3751,22302688,22306439
0,100,49,5784,1600,784,3641,22306439,22310080
0,101,49,5785,1616,784,3479,22310080,22313559
0,102,49,5786,1632,784,3473,22313559,22317032
0,103,49,5787,1648,784,3439,22317032,22320471
0,104,49,5788,1664,784,3237,22320471,22323708
0,105,49,5789,1680,784,2921,22323708,22326629
0,106,49,5790,1696,784,2614,22326629,22329243
0,107,49,5791,1712,784,2205,22329243,22331448
0,108,49,5792,1728,784,1781,22331448,22333229
0,109,49,5793,1744,784,1501,22333229,22334730
0,110,49,5794,1760,784,1333,22334730,22336063
0,111,49,5795,1776,784,1206,22336063,22337269
0,112,49,5796,1792,784,1181,22337269,22338450
0,113,49,5797,1808,784,1196,22338450,22339646
0,114,49,5798,1824,784,1266,22339646,22340912
0,115,49,5799,1840,784,1426,22340912,22342338
0,0,50,5800,0,800,2798,22342338,22345136
0,1,50,5801,16,800,3114,22345136,22348250
0,2,50,5802,32,800,3783,22348250,22352033
0,3,50,5803,48,800,4282,22352033,22356315
0,4,50,5804,64,800,4282,22356315,22360597
0,5,50,5805,80,800,4028,22360597,22364625
0,6,50,5806,96,800,3685,22364625,22368310
0,7,50,5807,112,800,3447,22368310,22371757
0,8,50,5808,128,800,3455,22371757,22375212
0,9,50,5809,144,800,3444,22375212,22378656
0,10,50,5810,160,800,3529,22378656,22382185
0,11,50,5811,176,800,3437,22382185,22385622
0,12,50,5812,192,800,3254,22385622,22388876
0,13,50,5813,208,800,3113,22388876,22391989
0,14,50,5814,224,800,2915,22391989,22394904
0,15,50,5815,240,800,2809,22394904,22397713
0,16,50,5816,256,800,2777,22397713,22400490
0,17,50,5817,272,800,2863,22400490,22403353
0,18,50,5818,288,800,3053,22403353,22406406
0,19,50,5819,304,800,3262,22406406,22409668
0,20,50,5820,320,800,3405,22409668,22413073
0,21,50,5821,336,800,3474,22413073,22416547
0,22,50,5822,352,800,3640,22416547,22420187
0,23,50,5823,368,800,3816,22420187,22424003
0,24,50,5824,384,800,3955,22424003,22427958
0,25,50,5825,400,800,4021,22427958,22431979
0,26,50,5826,416,800,3976,22431979,22435955
0,27,50,5827,432,800,3845,22435955,22439800
0,28,50,5828,448,800,3987,22439800,22443787
0,29,50,5829,464,800,3990,22443787,22447777
0,30,50,5830,480,800,4009,22447777,22451786
0,31,50,5831,496,800,4008,22451786,22455794
0,32,50,5832,512,800,3959,22455794,22459753
0,33,50,5833,528,800,3769,22459753,22463522
0,34,50,5834,544,800,3687,22463522,22467209
0,35,50,5835,560,800,3660,22467209,22470869
0,36,50,5836,576,800,3553,22470869,22474422
0,37,50,5837,592,800,3454,22474422,22477876
0,38,50,5838,608,800,3401,22477876,22481277
0,39,50,5839,624,800,3379,22481277,22484656
0,40,50,5840,640,800,3347,22484656,22488003
0,41,50,5841,656,800,3360,22488003,22491363
0,42,50,5842,672,800,3295,22491363,22494658
0,43,50,5843,688,800,3271,22494658,22497929
0,44,50,5844,704,800,3325,22497929,22501254
0,45,50,5845,720,800,3801,22501254,22505055
0,46,50,5846,736,800,4707,22505055,22509762
0,47,50,5847,752,800,4745,22509762,22514507
0,48,50,5848,768,800,4037,22514507,22518544
0,49,50,5849,784,800,3506,22518544,22522050
0,50,50,5850,800,800,3193,22522050,22525243
0,51,50,5851,816,800,2828,22525243,22528071
0,52,50,5852,832,800,2902,22528071,22530973
0,53,50,5853,848,800,3186,22530973,22534159
0,54,50,5854,864,800,3465,22534159,22537624
0,55,50,5855,880,800,3613,22537624,22541237
0,56,50,5856,896,800,3729,22541237,22544966
0,57,50,5857,912,800,3736,22544966,22548702
0,58,50,5858,928,800,3654,22548702,22552356
0,59,50,5859,944,800,3668,22552356,22556024
0,60,50,5860,960,800,3780,22556024,22559804
0,61,50,5861,976,800,3887,22559804,22563691
0,62,50,5862,992,800,3913,22563691,22567604
0,63,50,5863,1008,800,3888,22567604,22571492
0,64,50,5864,1024,800,3766,22571492,22575258
0,65,50,5865,1040,800,3801,22575258,22579059
0,66,50,5866,1056,800,3715,22579059,22582774
0,67,50,5867,1072,800,3807,22582774,22586581
0,68,50,5868,1088,800,3730,22586581,22590311
0,69,50,5869,1104,800,3705,22590311,22594016
0,70,50,5870,1120,800,3673,22594016,22597689
0,71,50,5871,1136,800,3601,22597689,22601290
0,72,50,5872,1152,800,3644,22601290,22604934
0,73,50,5873,1168,800,3499,22604934,22608433
0,74,50,5874,1184,800,3548,22608433,22611981
0,75,50,5875,1200,800,3636,22611981,22615617
0,76,50,5876,1216,800,3657,22615617,22619274
0,77,50,5877,1232,800,3520,22619274,22622794
0,78,50,5878,1248,800,3407,22622794,22626201
0,79,50,5879,1264,800,3341,22626201,22629542
0,80,50,5880,1280,800,3193,22629542,22632735
0,81,50,5881,1296,800,3096,22632735,22635831
0,82,50,5882,1312,800,3048,22635831,22638879
0,83,50,5883,1328,800,3043,22638879,22641922
0,84,50,5884,1344,800,2977,22641922,22644899
0,85,50,5885,1360,800,2915,22644899,22647814
0,86,50,5886,1376,800,2850,22647814,22650664
0,87,50,5887,1392,800,2895,22650664,22653559
0,88,50,5888,1408,800,2953,22653559,22656512
0,89,50,5889,1424,800,2978,22656512,22659490
0,90,50,5890,1440,800,3122,22659490,22662612
0,91,50,5891,1456,800,3208,22662612,22665820
0,92,50,5892,1472,800,3271,22665820,22669091
0,93,50,5893,1488,800,3316,22669091,22672407
0,94,50,5894,1504,800,3388,22672407,22675795
0,95,50,5895,1520,800,3522,22675795,22679317
0,96,50,5896,1536,800,3619,22679317,22682936
0,97,50,5897,1552,800,3630,22682936,22686566
0,98,50,5898,1568,800,3713,22686566,22690279
0,99,50,5899,1584,800,3827,22690279,22694106
0,100,50,5900,1600,800,3828,22694106,22697934
0,101,50,5901,1616,800,3725,22697934,22701659
0,102,50,5902,1632,800,3757,22701659,22705416
0,103,50,5903,1648,800,3779,22705416,22709195
0,104,50,5904,1664,800,3649,22709195,22712844
0,105,50,5905,1680,800,3294,22712844,22716138
0,106,50,5906,1696,800,2893,22716138,22719031
0,107,50,5907,1712,800,2365,22719031,22721396
0,108,50,5908,1728,800,1925,22721396,22723321
0,109,50,5909,1744,800,1641,22723321,22724962
0,110,50,5910,1760,800,1433,22724962,22726395
0,111,50,5911,1776,800,1300,22726395,22727695
0,112,50,5912,1792,800,1234,22727695,22728929
0,113,50,5913,1808,800,1240,22728929,22730169
0,114,50,5914,1824,800,1295,22730169,22731464
0,115,50,5915,1840,800,1445,22731464,22732909
0,0,51,5916,0,816,2773,22732909,22735682
0,1,51,5917,16,816,2899,22735682,22738581
0,2,51,5918,32,816,3259,22738581,22741840
0,3,51,5919,48,816,3666,22741840,22745506
0,4,51,5920,64,816,3837,22745506,22749343
0,5,51,5921,80,816,3839,22749343,22753182
0,6,51,5922,96,816,3673,22753182,22756855
0,7,51,5923,112,816,3513,22756855,22760368
0,8,51,5924,128,816,3506,22760368,22763874
0,9,51,5925,144,816,3470,22763874,22767344
0,10,51,5926,160,816,3473,22767344,22770817
0,11,51,5927,176,816,3386,22770817,22774203
0,12,51,5928,192,816,3309,22774203,22777512
0,13,51,5929,208,816,3281,22777512,22780793
0,14,51,5930,224,816,3144,22780793,22783937
0,15,51,5931,240,816,3023,22783937,22786960
0,16,51,5932,256,816,2978,22786960,22789938
0,17,51,5933,272,816,3014,22789938,22792952
0,18,51,5934,288,816,3172,22792952,22796124
0,19,51,5935,304,816,3349,22796124,22799473
0,20,51,5936,320,816,3488,22799473,22802961
0,21,51,5937,336,816,3532,22802961,22806493
0,22,51,5938,352,816,3650,22806493,22810143
0,23,51,5939,368,816,3757,22810143,22813900
0,24,51,5940,384,816,3807,22813900,22817707
0,25,51,5941,400,816,3769,22817707,22821476
0,26,51,5942,416,816,3578,22821476,22825054
0,27,51,5943,432,816,3296,22825054,22828350
0,28,51,5944,448,816,3217,22828350,22831567
0,29,51,5945,464,816,3170,22831567,22834737
0,30,51,5946,480,816,3143,22834737,22837880
0,31,51,5947,496,816,3060,22837880,22840940
0,32,51,5948,512,816,3016,22840940,22843956
0,33,51,5949,528,816,2913,22843956,22846869
0,34,51,5950,544,816,2891,22846869,22849760
0,35,51,5951,560,816,2882,22849760,22852642
0,36,51,5952,576,816,2856,22852642,22855498
0,37,51,5953,592,816,2882,22855498,22858380
0,38,51,5954,608,816,2976,22858380,22861356
0,39,51,5955,624,816,3043,22861356,22864399
0,40,51,5956,640,816,3136,22864399,22867535
0,41,51,5957,656,816,3204,22867535,22870739
0,42,51,5958,672,816,3183,22870739,22873922
0,43,51,5959,688,816,3260,22873922,22877182
0,44,51,5960,704,816,3359,22877182,22880541
0,45,51,5961,720,816,4063,22880541,22884604
0,46,51,5962,736,816,4723,22884604,22889327
0,47,51,5963,752,816,4791,22889327,22894118
0,48,51,5964,768,816,4481,22894118,22898599
0,49,51,5965,784,816,4182,22898599,22902781
0,50,51,5966,800,816,3784,22902781,22906565
0,51,51,5967,816,816,2973,22906565,22909538
0,52,51,5968,832,816,2695,22909538,22912233
0,53,51,5969,848,816,2630,22912233,22914863
0,54,51,5970,864,816,2780,22914863,22917643
0,55,51,5971,880,816,3009,22917643,22920652
0,56,51,5972,896,816,3341,22920652,22923993
0,57,51,5973,912,816,3470,22923993,22927463
0,58,51,5974,928,816,3437,22927463,22930900
0,59,51,5975,944,816,3468,22930900,22934368
0,60,51,5976,960,816,3670,22934368,22938038
0,61,51,5977,976,816,3881,22938038,22941919
0,62,51,5978,992,816,3825,22941919,22945744
0,63,51,5979,1008,816,3707,22945744,22949451
0,64,51,5980,1024,816,3552,22949451,22953003
0,65,51,5981,1040,816,3722,22953003,22956725
0,66,51,5982,1056,816,3840,22956725,22960565
0,67,51,5983,1072,816,4104,22960565,22964669
0,68,51,5984,1088,816,3875,22964669,22968544
0,69,51,5985,1104,816,3766,22968544,22972310
0,70,51,5986,1120,816,3670,22972310,22975980
0,71,51,5987,1136,816,3710,22975980,22979690
0,72,51,5988,1152,816,3804,22979690,22983494
0,73,51,5989,1168,816,3602,22983494,22987096
0,74,51,5990,1184,816,3639,22987096,22990735
0,75,51,5991,1200,816,3718,22990735,22994453
0,76,51,5992,1216,816,3705,22994453,22998158
0,77,51,5993,1232,816,3557,22998158,23001715
0,78,51,5994,1248,816,3433,23001715,23005148
0,79,51,5995,1264,816,3397,23005148,23008545
0,80,51,5996,1280,816,3258,23008545,23011803
0,81,51,5997,1296,816,3164,23011803,23014967
0,82,51,5998,1312,816,3128,23014967,23018095
0,83,51,5999,1328,816,3143,23018095,23021238
0,84,51,6000,1344,816,3084,23021238,23024322
0,85,51,6001,1360,816,2990,23024322,23027312
0,86,51,6002,1376,816,2920,23027312,23030232
0,87,51,6003,1392,816,2975,23030232,23033207
0,88,51,6004,1408,816,3061,23033207,23036268
0,89,51,6005,1424,816,3120,23036268,23039388
0,90,51,6006,1440,816,3261,23039388,23042649
0,91,51,6007,1456,816,3411,23042649,23046060
0,92,51,6008,1472,816,3471,23046060,23049531
0,93,51,6009,1488,816,3504,23049531,23053035
0,94,51,6010,1504,816,3538,23053035,23056573
0,95,51,6011,1520,816,3645,23056573,23060218
0,96,51,6012,1536,816,3731,23060218,23063949
0,97,51,6013,1552,816,3738,23063949,23067687
0,98,51,6014,1568,816,3831,23067687,23071518
0,99,51,6015,1584,816,3898,23071518,23075416
0,100,51,6016,1600,816,3941,23075416,23079357
0,101,51,6017,1616,816,3928,23079357,23083285
0,102,51,6018,1632,816,3980,23083285,23087265
0,103,51,6019,1648,816,4039,23087265,23091304
0,104,51,6020,1664,816,3910,23091304,23095214
0,105,51,6021,1680,816,3672,23095214,23098886
0,106,51,6022,1696,816,3179,23098886,23102065
0,107,51,6023,1712,816,2628,23102065,23104693
0,108,51,6024,1728,816,2148,23104693,23106841
0,109,51,6025,1744,816,1822,23106841,23108663
0,110,51,6026,1760,816,1603,23108663,23110266
0,111,51,6027,1776,816,1407,23110266,23111673
0,112,51,6028,1792,816,1315,23111673,23112988
0,113,51,6029,1808,816,1287,23112988,23114275
0,114,51,6030,1824,816,1350,23114275,23115625
0,115,51,6031,1840,816,1487,23115625,23117112
0,0,52,6032,0,832,2806,23117112,23119918
0,1,52,6033,16,832,2804,23119918,23122722
0,2,52,6034,32,832,2919,23122722,23125641
0,3,52,6035,48,832,3097,23125641,23128738
0,4,52,6036,64,832,3325,23128738,23132063
0,5,52,6037,80,832,3512,23132063,23135575
0,6,52,6038,96,832,3545,23135575,23139120
0,7,52,6039,112,832,3416,23139120,23142536
0,8,52,6040,128,832,3493,23142536,23146029
0,9,52,6041,144,832,3421,23146029,23149450
0,10,52,6042,160,832,3330,23149450,23152780
0,11,52,6043,176,832,3293,23152780,23156073
0,12,52,6044,192,832,3290,23156073,23159363
0,13,52,6045,208,832,3305,23159363,23162668
0,14,52,6046,224,832,3221,23162668,23165889
0,15,52,6047,240,832,3072,23165889,23168961
0,16,52,6048,256,832,3030,23168961,23171991
0,17,52,6049,272,832,3039,23171991,23175030
0,18,52,6050,288,832,3194,23175030,23178224
0,19,52,6051,304,832,3335,23178224,23181559
0,20,52,6052,320,832,3490,23181559,23185049
0,21,52,6053,336,832,3537,23185049,23188586
0,22,52,6054,352,832,3662,23188586,23192248
0,23,52,6055,368,832,3661,23192248,23195909
0,24,52,6056,384,832,3562,23195909,23199471
0,25,52,6057,400,832,3366,23199471,23202837
0,26,52,6058,416,832,3063,23202837,23205900
0,27,52,6059,432,832,2755,23205900,23208655
0,28,52,6060,448,832,2623,23208655,23211278
0,29,52,6061,464,832,2576,23211278,23213854
0,30,52,6062,480,832,2535,23213854,23216389
0,31,52,6063,496,832,2450,23216389,23218839
0,32,52,6064,512,832,2408,23218839,23221247
0,33,52,6065,528,832,2366,23221247,23223613
0,34,52,6066,544,832,2344,23223613,23225957
0,35,52,6067,560,832,2326,23225957,23228283
0,36,52,6068,576,832,2322,23228283,23230605
0,37,52,6069,592,832,2402,23230605,23233007
0,38,52,6070,608,832,2481,23233007,23235488
0,39,52,6071,624,832,2639,23235488,23238127
0,40,52,6072,640,832,2838,23238127,23240965
0,41,52,6073,656,832,2960,23240965,23243925
0,42,52,6074,672,832,3045,23243925,23246970
0,43,52,6075,688,832,3246,23246970,23250216
0,44,52,6076,704,832,3396,23250216,23253612
0,45,52,6077,720,832,3909,23253612,23257521
0,46,52,6078,736,832,4319,23257521,23261840
0,47,52,6079,752,832,4615,23261840,23266455
0,48,52,6080,768,832,4697,23266455,23271152
0,49,52,6081,784,832,4595,23271152,23275747
0,50,52,6082,800,832,4058,23275747,23279805
0,51,52,6083,816,832,3198,23279805,23283003
0,52,52,6084,832,832,2593,23283003,23285596
0,53,52,6085,848,832,2365,23285596,23287961
0,54,52,6086,864,832,2435,23287961,23290396
0,55,52,6087,880,832,2589,23290396,23292985
0,56,52,6088,896,832,2832,23292985,23295817
0,57,52,6089,912,832,3013,23295817,23298830
0,58,52,6090,928,832,3074,23298830,23301904
0,59,52,6091,944,832,3116,23301904,23305020
0,60,52,6092,960,832,3257,23305020,23308277
0,61,52,6093,976,832,3469,23308277,23311746
0,62,52,6094,992,832,3635,23311746,23315381
0,63,52,6095,1008,832,3516,23315381,23318897
0,64,52,6096,1024,832,3306,23318897,23322203
0,65,52,6097,1040,832,3662,23322203,23325865
0,66,52,6098,1056,832,3852,23325865,23329717
0,67,52,6099,1072,832,4123,23329717,23333840
0,68,52,6100,1088,832,3844,23333840,23337684
0,69,52,6101,1104,832,3790,23337684,23341474
0,70,52,6102,1120,832,3587,23341474,23345061
0,71,52,6103,1136,832,3688,23345061,23348749
0,72,52,6104,1152,832,3778,23348749,23352527
0,73,52,6105,1168,832,3595,23352527,23356122
0,74,52,6106,1184,832,3588,23356122,23359710
0,75,52,6107,1200,832,3692,23359710,23363402
0,76,52,6108,1216,832,3677,23363402,23367079
0,77,52,6109,1232,832,3532,23367079,23370611
0,78,52,6110,1248,832,3387,23370611,23373998
0,79,52,6111,1264,832,3367,23373998,23377365
0,80,52,6112,1280,832,3264,23377365,23380629
0,81,52,6113,1296,832,3232,23380629,23383861
0,82,52,6114,1312,832,3168,23383861,23387029
0,83,52,6115,1328,832,3148,23387029,23390177
0,84,52,6116,1344,832,3098,23390177,23393275
0,85,52,6117,1360,832,3007,23393275,23396282
0,86,52,6118,1376,832,2956,23396282,23399238
0,87,52,6119,1392,832,3006,23399238,23402244
0,88,52,6120,1408,832,3082,23402244,23405326
0,89,52,6121,1424,832,3216,23405326,23408542
0,90,52,6122,1440,832,3302,23408542,23411844
0,91,52,6123,1456,832,3435,23411844,23415279
0,92,52,6124,1472,832,3483,23415279,23418762
0,93,52,6125,1488,832,3526,23418762,23422288
0,94,52,6126,1504,832,3561,23422288,23425849
0,95,52,6127,1520,832,3607,23425849,23429456
0,96,52,6128,1536,832,3779,23429456,23433235
0,97,52,6129,1552,832,3820,23433235,23437055
0,98,52,6130,1568,832,3864,23437055,23440919
0,99,52,6131,1584,832,3939,23440919,23444858
0,100,52,6132,1600,832,3983,23444858,23448841
0,101,52,6133,1616,832,4055,23448841,23452896
0,102,52,6134,1632,832,4162,23452896,23457058
0,103,52,6135,1648,832,4174,23457058,23461232
0,104,52,6136,1664,832,4029,23461232,23465261
0,105,52,6137,1680,832,3753,23465261,23469014
0,106,52,6138,1696,832,3378,23469014,23472392
0,107,52,6139,1712,832,2855,23472392,23475247
0,108,52,6140,1728,832,2415,23475247,23477662
0,109,52,6141,1744,832,2069,23477662,23479731
0,110,52,6142,1760,832,1782,23479731,23481513
0,111,52,6143,1776,832,1551,23481513,23483064
0,112,52,6144,1792,832,1405,23483064,23484469
0,113,52,6145,1808,832,1352,23484469,23485821
0,114,52,6146,1824,832,1390,23485821,23487211
0,115,52,6147,1840,832,1499,23487211,23488710
0,0,53,6148,0,848,2817,23488710,23491527
0,1,53,6149,16,848,2768,23491527,23494295
0,2,53,6150,32,848,2730,23494295,23497025
0,3,53,6151,48,848,2861,23497025,23499886
0,4,53,6152,64,848,2964,23499886,23502850
0,5,53,6153,80,848,3110,23502850,23505960
0,6,53,6154,96,848,3229,23505960,23509189
0,7,53,6155,112,848,3235,23509189,23512424
0,8,53,6156,128,848,3347,23512424,23515771
0,9,53,6157,144,848,3287,23515771,23519058
0,10,53,6158,160,848,3245,23519058,23522303
0,11,53,6159,176,848,3245,23522303,23525548
0,12,53,6160,192,848,3267,23525548,23528815
0,13,53,6161,208,848,3257,23528815,23532072
0,14,53,6162,224,848,3223,23532072,23535295
0,15,53,6163,240,848,3109,23535295,23538404
0,16,53,6164,256,848,3093,23538404,23541497
0,17,53,6165,272,848,3105,23541497,23544602
0,18,53,6166,288,848,3209,23544602,23547811
0,19,53,6167,304,848,3315,23547811,23551126
0,20,53,6168,320,848,3488,23551126,23554614
0,21,53,6169,336,848,3553,23554614,23558167
0,22,53,6170,352,848,3561,23558167,23561728
0,23,53,6171,368,848,3363,23561728,23565091
0,24,53,6172,384,848,3155,23565091,23568246
0,25,53,6173,400,848,2875,23568246,23571121
0,26,53,6174,416,848,2620,23571121,23573741
0,27,53,6175,432,848,2322,23573741,23576063
0,28,53,6176,448,848,2195,23576063,23578258
0,29,53,6177,464,848,2146,23578258,23580404
0,30,53,6178,480,848,2140,23580404,23582544
0,31,53,6179,496,848,2081,23582544,23584625
0,32,53,6180,512,848,2043,23584625,23586668
0,33,53,6181,528,848,2003,23586668,23588671
0,34,53,6182,544,848,1976,23588671,23590647
0,35,53,6183,560,848,1964,23590647,23592611
0,36,53,6184,576,848,1983,23592611,23594594
0,37,53,6185,592,848,2037,23594594,23596631
0,38,53,6186,608,848,2131,23596631,23598762
0,39,53,6187,624,848,2324,23598762,23601086
0,40,53,6188,640,848,2551,23601086,23603637
0,41,53,6189,656,848,2700,23603637,23606337
0,42,53,6190,672,848,2874,23606337,23609211
0,43,53,6191,688,848,3140,23609211,23612351
0,44,53,6192,704,848,3332,23612351,23615683
0,45,53,6193,720,848,3750,23615683,23619433
0,46,53,6194,736,848,4048,23619433,23623481
0,47,53,6195,752,848,4350,23623481,23627831
0,48,53,6196,768,848,4420,23627831,23632251
0,49,53,6197,784,848,4236,23632251,23636487
0,50,53,6198,800,848,3748,23636487,23640235
0,51,53,6199,816,848,3127,23640235,23643362
0,52,53,6200,832,848,2582,23643362,23645944
0,53,53,6201,848,848,2296,23645944,23648240
0,54,53,6202,864,848,2345,23648240,23650585
0,55,53,6203,880,848,2387,23650585,23652972
0,56,53,6204,896,848,2483,23652972,23655455
0,57,53,6205,912,848,2612,23655455,23658067
0,58,53,6206,928,848,2969,23658067,23661036
0,59,53,6207,944,848,3289,23661036,23664325
0,60,53,6208,960,848,3383,23664325,23667708
0,61,53,6209,976,848,3221,23667708,23670929
0,62,53,6210,992,848,3266,23670929,23674195
0,63,53,6211,1008,848,3281,23674195,23677476
0,64,53,6212,1024,848,3193,23677476,23680669
0,65,53,6213,1040,848,3593,23680669,23684262
0,66,53,6214,1056,848,3755,23684262,23688017
0,67,53,6215,1072,848,3917,23688017,23691934
0,68,53,6216,1088,848,3637,23691934,23695571
0,69,53,6217,1104,848,3499,23695571,23699070
0,70,53,6218,1120,848,3285,23699070,23702355
0,71,53,6219,1136,848,3389,23702355,23705744
0,72,53,6220,1152,848,3535,23705744,23709279
0,73,53,6221,1168,848,3454,23709279,23712733
0,74,53,6222,1184,848,3399,23712733,23716132
0,75,53,6223,1200,848,3593,23716132,23719725
0,76,53,6224,1216,848,3650,23719725,23723375
0,77,53,6225,1232,848,3551,23723375,23726926
0,78,53,6226,1248,848,3423,23726926,23730349
0,79,53,6227,1264,848,3391,23730349,23733740
0,80,53,6228,1280,848,3270,23733740,23737010
0,81,53,6229,1296,848,3182,23737010,23740192
0,82,53,6230,1312,848,3032,23740192,23743224
0,83,53,6231,1328,848,2980,23743224,23746204
0,84,53,6232,1344,848,2961,23746204,23749165
0,85,53,6233,1360,848,2927,23749165,23752092
0,86,53,6234,1376,848,2951,23752092,23755043
0,87,53,6235,1392,848,2930,23755043,23757973
0,88,53,6236,1408,848,3027,23757973,23761000
0,89,53,6237,1424,848,3149,23761000,23764149
0,90,53,6238,1440,848,3256,23764149,23767405
0,91,53,6239,1456,848,3345,23767405,23770750
0,92,53,6240,1472,848,3370,23770750,23774120
0,93,53,6241,1488,848,3380,23774120,23777500
0,94,53,6242,1504,848,3484,23777500,23780984
0,95,53,6243,1520,848,3545,23780984,23784529
0,96,53,6244,1536,848,3709,23784529,23788238
0,97,53,6245,1552,848,3844,23788238,23792082
0,98,53,6246,1568,848,3934,23792082,23796016
0,99,53,6247,1584,848,4018,23796016,23800034
0,100,53,6248,1600,848,4052,23800034,23804086
0,101,53,6249,1616,848,4136,23804086,23808222
0,102,53,6250,1632,848,4210,23808222,23812432
0,103,53,6251,1648,848,4223,23812432,23816655
0,104,53,6252,1664,848,4106,23816655,23820761
0,105,53,6253,1680,848,3854,23820761,23824615
0,106,53,6254,1696,848,3496,23824615,23828111
0,107,53,6255,1712,848,3137,23828111,23831248
0,108,53,6256,1728,848,2709,23831248,23833957
0,109,53,6257,1744,848,2314,23833957,23836271
0,110,53,6258,1760,848,1984,23836271,23838255
0,111,53,6259,1776,848,1694,23838255,23839949
0,112,53,6260,1792,848,1513,23839949,23841462
0,113,53,6261,1808,848,1430,23841462,23842892
0,114,53,6262,1824,848,1426,23842892,23844318
0,115,53,6263,1840,848,1503,23844318,23845821
0,0,54,6264,0,864,2844,23845821,23848665
0,1,54,6265,16,864,2789,23848665,23851454
0,2,54,6266,32,864,2725,23851454,23854179
0,3,54,6267,48,864,2776,23854179,23856955
0,4,54,6268,64,864,2887,23856955,23859842
0,5,54,6269,80,864,2955,23859842,23862797
0,6,54,6270,96,864,2963,23862797,23865760
0,7,54,6271,112,864,2928,23865760,23868688
0,8,54,6272,128,864,3072,23868688,23871760
0,9,54,6273,144,864,3087,23871760,23874847
0,10,54,6274,160,864,3137,23874847,23877984
0,11,54,6275,176,864,3187,23877984,23881171
0,12,54,6276,192,864,3176,23881171,23884347
0,13,54,6277,208,864,3096,23884347,23887443
0,14,54,6278,224,864,3083,23887443,23890526
0,15,54,6279,240,864,3026,23890526,23893552
0,16,54,6280,256,864,3031,23893552,23896583
0,17,54,6281,272,864,3118,23896583,23899701
0,18,54,6282,288,864,3155,23899701,23902856
0,19,54,6283,304,864,3244,23902856,23906100
0,20,54,6284,320,864,3395,23906100,23909495
0,21,54,6285,336,864,3322,23909495,23912817
0,22,54,6286,352,864,3208,23912817,23916025
0,23,54,6287,368,864,2993,23916025,23919018
0,24,54,6288,384,864,2767,23919018,23921785
0,25,54,6289,400,864,2480,23921785,23924265
0,26,54,6290,416,864,2236,23924265,23926501
0,27,54,6291,432,864,1996,23926501,23928497
0,28,54,6292,448,864,1867,23928497,23930364
0,29,54,6293,464,864,1820,23930364,23932184
0,30,54,6294,480,864,1810,23932184,23933994
0,31,54,6295,496,864,1799,23933994,23935793
0,32,54,6296,512,864,1912,23935793,23937705
0,33,54,6297,528,864,1930,23937705,23939635
0,34,54,6298,544,864,1820,23939635,23941455
0,35,54,6299,560,864,1740,23941455,23943195
0,36,54,6300,576,864,1711,23943195,23944906
0,37,54,6301,592,864,1755,23944906,23946661
0,38,54,6302,608,864,1866,23946661,23948527
0,39,54,6303,624,864,2069,23948527,23950596
0,40,54,6304,640,864,2324,23950596,23952920
0,41,54,6305,656,864,2487,23952920,23955407
0,42,54,6306,672,864,2680,23955407,23958087
0,43,54,6307,688,864,2953,23958087,23961040
0,44,54,6308,704,864,3242,23961040,23964282
0,45,54,6309,720,864,3671,23964282,23967953
0,46,54,6310,736,864,3878,23967953,23971831
0,47,54,6311,752,864,4072,23971831,23975903
0,48,54,6312,768,864,4043,23975903,23979946
0,49,54,6313,784,864,3826,23979946,23983772
0,50,54,6314,800,864,3268,23983772,23987040
0,51,54,6315,816,864,2738,23987040,23989778
0,52,54,6316,832,864,2365,23989778,23992143
0,53,54,6317,848,864,2257,23992143,23994400
0,54,54,6318,864,864,2262,23994400,23996662
0,55,54,6319,880,864,2262,23996662,23998924
0,56,54,6320,896,864,2262,23998924,24001186
0,57,54,6321,912,864,2342,24001186,24003528
0,58,54,6322,928,864,2827,24003528,24006355
0,59,54,6323,944,864,3456,24006355,24009811
0,60,54,6324,960,864,3637,24009811,24013448
0,61,54,6325,976,864,3156,24013448,24016604
0,62,54,6326,992,864,2917,24016604,24019521
0,63,54,6327,1008,864,3169,24019521,24022690
0,64,54,6328,1024,864,3376,24022690,24026066
0,65,54,6329,1040,864,3695,24026066,24029761
0,66,54,6330,1056,864,3613,24029761,24033374
0,67,54,6331,1072,864,3538,24033374,24036912
0,68,54,6332,1088,864,3217,24036912,24040129
0,69,54,6333,1104,864,2983,24040129,24043112
0,70,54,6334,1120,864,2897,24043112,24046009
0,71,54,6335,1136,864,3019,24046009,24049028
0,72,54,6336,1152,864,3179,24049028,24052207
0,73,54,6337,1168,864,3172,24052207,24055379
0,74,54,6338,1184,864,3122,24055379,24058501
0,75,54,6339,1200,864,3331,24058501,24061832
0,76,54,6340,1216,864,3519,24061832,24065351
0,77,54,6341,1232,864,3618,24065351,24068969
0,78,54,6342,1248,864,3526,24068969,24072495
0,79,54,6343,1264,864,3453,24072495,24075948
0,80,54,6344,1280,864,3260,24075948,24079208
0,81,54,6345,1296,864,3070,24079208,24082278
0,82,54,6346,1312,864,2995,24082278,24085273
0,83,54,6347,1328,864,3002,24085273,24088275
0,84,54,6348,1344,864,2987,24088275,24091262
0,85,54,6349,1360,864,2939,24091262,24094201
0,86,54,6350,1376,864,2938,24094201,24097139
0,87,54,6351,1392,864,2871,24097139,24100010
0,88,54,6352,1408,864,2979,24100010,24102989
0,89,54,6353,1424,864,3077,24102989,24106066
0,90,54,6354,1440,864,3171,24106066,24109237
0,91,54,6355,1456,864,3238,24109237,24112475
0,92,54,6356,1472,864,3231,24112475,24115706
0,93,54,6357,1488,864,3249,24115706,24118955
0,94,54,6358,1504,864,3365,24118955,24122320
0,95,54,6359,1520,864,3478,24122320,24125798
0,96,54,6360,1536,864,3596,24125798,24129394
0,97,54,6361,1552,864,3752,24129394,24133146
0,98,54,6362,1568,864,3982,24133146,24137128
0,99,54,6363,1584,864,4135,24137128,24141263
0,100,54,6364,1600,864,4181,24141263,24145444
0,101,54,6365,1616,864,4185,24145444,24149629
0,102,54,6366,1632,864,4152,24149629,24153781
0,103,54,6367,1648,864,4161,24153781,24157942
0,104,54,6368,1664,864,4108,24157942,24162050
0,105,54,6369,1680,864,3918,24162050,24165968
0,106,54,6370,1696,864,3642,24165968,24169610
0,107,54,6371,1712,864,3346,24169610,24172956
0,108,54,6372,1728,864,3023,24172956,24175979
0,109,54,6373,1744,864,2585,24175979,24178564
0,110,54,6374,1760,864,2226,24178564,24180790
0,111,54,6375,1776,864,1876,24180790,24182666
0,112,54,6376,1792,864,1638,24182666,24184304
0,113,54,6377,1808,864,1540,24184304,24185844
0,114,54,6378,1824,864,1519,24185844,24187363
0,115,54,6379,1840,864,1564,24187363,24188927
0,0,55,6380,0,880,2863,24188927,24191790
0,1,55,6381,16,880,2876,24191790,24194666
0,2,55,6382,32,880,2830,24194666,24197496
0,3,55,6383,48,880,2863,24197496,24200359
0,4,55,6384,64,880,2920,24200359,24203279
0,5,55,6385,80,880,2937,24203279,24206216
0,6,55,6386,96,880,2821,24206216,24209037
0,7,55,6387,112,880,2703,24209037,24211740
0,8,55,6388,128,880,2839,24211740,24214579
0,9,55,6389,144,880,2912,24214579,24217491
0,10,55,6390,160,880,3012,24217491,24220503
0,11,55,6391,176,880,3052,24220503,24223555
0,12,55,6392,192,880,3068,24223555,24226623
0,13,55,6393,208,880,3022,24226623,24229645
0,14,55,6394,224,880,3029,24229645,24232674
0,15,55,6395,240,880,2981,24232674,24235655
0,16,55,6396,256,880,2968,24235655,24238623
0,17,55,6397,272,880,3032,24238623,24241655
0,18,55,6398,288,880,3059,24241655,24244714
0,19,55,6399,304,880,3095,24244714,24247809
0,20,55,6400,320,880,3061,24247809,24250870
0,21,55,6401,336,880,2929,24250870,24253799
0,22,55,6402,352,880,2747,24253799,24256546
0,23,55,6403,368,880,2538,24256546,24259084
0,24,55,6404,384,880,2334,24259084,24261418
0,25,55,6405,400,880,2140,24261418,24263558
0,26,55,6406,416,880,1953,24263558,24265511
0,27,55,6407,432,880,1784,24265511,24267295
0,28,55,6408,448,880,1671,24267295,24268966
0,29,55,6409,464,880,1612,24268966,24270578
0,30,55,6410,480,880,1612,24270578,24272190
0,31,55,6411,496,880,1610,24272190,24273800
0,32,55,6412,512,880,1821,24273800,24275621
0,33,55,6413,528,880,2079,24275621,24277700
0,34,55,6414,544,880,1797,24277700,24279497
0,35,55,6415,560,880,1592,24279497,24281089
0,36,55,6416,576,880,1545,24281089,24282634
0,37,55,6417,592,880,1603,24282634,24284237
0,38,55,6418,608,880,1725,24284237,24285962
0,39,55,6419,624,880,1920,24285962,24287882
0,40,55,6420,640,880,2172,24287882,24290054
0,41,55,6421,656,880,2357,24290054,24292411
0,42,55,6422,672,880,2542,24292411,24294953
0,43,55,6423,688,880,2805,24294953,24297758
0,44,55,6424,704,880,3108,24297758,24300866
0,45,55,6425,720,880,3506,24300866,24304372
0,46,55,6426,736,880,3658,24304372,24308030
0,47,55,6427,752,880,3775,24308030,24311805
0,48,55,6428,768,880,3585,24311805,24315390
0,49,55,6429,784,880,3308,24315390,24318698
0,50,55,6430,800,880,2968,24318698,24321666
0,51,55,6431,816,880,2534,24321666,24324200
0,52,55,6432,832,880,2258,24324200,24326458
0,53,55,6433,848,880,2144,24326458,24328602
0,54,55,6434,864,880,2118,24328602,24330720
0,55,55,6435,880,880,2108,24330720,24332828
0,56,55,6436,896,880,2065,24332828,24334893
0,57,55,6437,912,880,2146,24334893,24337039
0,58,55,6438,928,880,2540,24337039,24339579
0,59,55,6439,944,880,3043,24339579,24342622
0,60,55,6440,960,880,3352,24342622,24345974
0,61,55,6441,976,880,3062,24345974,24349036
0,62,55,6442,992,880,3145,24349036,24352181
0,63,55,6443,1008,880,3871,24352181,24356052
0,64,55,6444,1024,880,4389,24356052,24360441
0,65,55,6445,1040,880,4316,24360441,24364757
0,66,55,6446,1056,880,3909,24364757,24368666
0,67,55,6447,1072,880,3373,24368666,24372039
0,68,55,6448,1088,880,2985,24372039,24375024
0,69,55,6449,1104,880,2688,24375024,24377712
0,70,55,6450,1120,880,2609,24377712,24380321
0,71,55,6451,1136,880,2662,24380321,24382983
0,72,55,6452,1152,880,2786,24382983,24385769
0,73,55,6453,1168,880,2856,24385769,24388625
0,74,55,6454,1184,880,2898,24388625,24391523
0,75,55,6455,1200,880,3113,24391523,24394636
0,76,55,6456,1216,880,3387,24394636,24398023
0,77,55,6457,1232,880,3610,24398023,24401633
0,78,55,6458,1248,880,3600,24401633,24405233
0,79,55,6459,1264,880,3499,24405233,24408732
0,80,55,6460,1280,880,3269,24408732,24412001
0,81,55,6461,1296,880,3010,24412001,24415011
0,82,55,6462,1312,880,2921,24415011,24417932
0,83,55,6463,1328,880,2996,24417932,24420928
0,84,55,6464,1344,880,3035,24420928,24423963
0,85,55,6465,1360,880,2995,24423963,24426958
0,86,55,6466,1376,880,2936,24426958,24429894
0,87,55,6467,1392,880,2872,24429894,24432766
0,88,55,6468,1408,880,2962,24432766,24435728
0,89,55,6469,1424,880,3067,24435728,24438795
0,90,55,6470,1440,880,3105,24438795,24441900
0,91,55,6471,1456,880,3097,24441900,24444997
0,92,55,6472,1472,880,3037,24444997,24448034
0,93,55,6473,1488,880,3021,24448034,24451055
0,94,55,6474,1504,880,3115,24451055,24454170
0,95,55,6475,1520,880,3241,24454170,24457411
0,96,55,6476,1536,880,3367,24457411,24460778
0,97,55,6477,1552,880,3514,24460778,24464292
0,98,55,6478,1568,880,3804,24464292,24468096
0,99,55,6479,1584,880,4064,24468096,24472160
0,100,55,6480,1600,880,4145,24472160,24476305
0,101,55,6481,1616,880,4133,24476305,24480438
0,102,55,6482,1632,880,4030,24480438,24484468
0,103,55,6483,1648,880,4018,24484468,24488486
0,104,55,6484,1664,880,4065,24488486,24492551
0,105,55,6485,1680,880,3974,24492551,24496525
0,106,55,6486,1696,880,3781,24496525,24500306
0,107,55,6487,1712,880,3527,24500306,24503833
0,108,55,6488,1728,880,3232,24503833,24507065
0,109,55,6489,1744,880,2883,24507065,24509948
0,110,55,6490,1760,880,2472,24509948,24512420
0,111,55,6491,1776,880,2078,24512420,24514498
0,112,55,6492,1792,880,1810,24514498,24516308
0,113,55,6493,1808,880,1677,24516308,24517985
0,114,55,6494,1824,880,1616,24517985,24519601
0,115,55,6495,1840,880,1660,24519601,24521261
0,0,56,6496,0,896,3023,24521261,24524284
0,1,56,6497,16,896,3056,24524284,24527340
0,2,56,6498,32,896,3023,24527340,24530363
0,3,56,6499,48,896,3037,24530363,24533400
0,4,56,6500,64,896,3045,24533400,24536445
0,5,56,6501,80,896,2932,24536445,24539377
0,6,56,6502,96,896,2748,24539377,24542125
0,7,56,6503,112,896,2598,24542125,24544723
0,8,56,6504,128,896,2742,24544723,24547465
0,9,56,6505,144,896,2824,24547465,24550289
0,10,56,6506,160,896,2922,24550289,24553211
0,11,56,6507,176,896,2968,24553211,24556179
0,12,56,6508,192,896,2971,24556179,24559150
0,13,56,6509,208,896,2950,24559150,24562100
0,14,56,6510,224,896,2961,24562100,24565061
0,15,56,6511,240,896,2931,24565061,24567992
0,16,56,6512,256,896,2902,24567992,24570894
0,17,56,6513,272,896,2967,24570894,24573861
0,18,56,6514,288,896,2973,24573861,24576834
0,19,56,6515,304,896,2920,24576834,24579754
0,20,56,6516,320,896,2801,24579754,24582555
0,21,56,6517,336,896,2639,24582555,24585194
0,22,56,6518,352,896,2434,24585194,24587628
0,23,56,6519,368,896,2220,24587628,24589848
0,24,56,6520,384,896,2035,24589848,24591883
0,25,56,6521,400,896,1867,24591883,24593750
0,26,56,6522,416,896,1758,24593750,24595508
0,27,56,6523,432,896,1616,24595508,24597124
0,28,56,6524,448,896,1531,24597124,24598655
0,29,56,6525,464,896,1480,24598655,24600135
0,30,56,6526,480,896,1478,24600135,24601613
0,31,56,6527,496,896,1479,24601613,24603092
0,32,56,6528,512,896,1650,24603092,24604742
0,33,56,6529,528,896,1938,24604742,24606680
0,34,56,6530,544,896,1737,24606680,24608417
0,35,56,6531,560,896,1486,24608417,24609903
0,36,56,6532,576,896,1448,24609903,24611351
0,37,56,6533,592,896,1500,24611351,24612851
0,38,56,6534,608,896,1633,24612851,24614484
0,39,56,6535,624,896,1822,24614484,24616306
0,40,56,6536,640,896,2065,24616306,24618371
0,41,56,6537,656,896,2269,24618371,24620640
0,42,56,6538,672,896,2458,24620640,24623098
0,43,56,6539,688,896,2674,24623098,24625772
0,44,56,6540,704,896,2917,24625772,24628689
0,45,56,6541,720,896,3200,24628689,24631889
0,46,56,6542,736,896,3307,24631889,24635196
0,47,56,6543,752,896,3394,24635196,24638590
0,48,56,6544,768,896,3249,24638590,24641839
0,49,56,6545,784,896,2943,24641839,24644782
0,50,56,6546,800,896,2684,24644782,24647466
0,51,56,6547,816,896,2392,24647466,24649858
0,52,56,6548,832,896,2195,24649858,24652053
0,53,56,6549,848,896,2099,24652053,24654152
0,54,56,6550,864,896,2031,24654152,24656183
0,55,56,6551,880,896,2012,24656183,24658195
0,56,56,6552,896,896,1938,24658195,24660133
0,57,56,6553,912,896,1964,24660133,24662097
0,58,56,6554,928,896,2163,24662097,24664260
0,59,56,6555,944,896,2433,24664260,24666693
0,60,56,6556,960,896,2651,24666693,24669344
0,61,56,6557,976,896,2739,24669344,24672083
0,62,56,6558,992,896,3597,24672083,24675680
0,63,56,6559,1008,896,4838,24675680,24680518
0,64,56,6560,1024,896,5667,24680518,24686185
0,65,56,6561,1040,896,5388,24686185,24691573
0,66,56,6562,1056,896,4355,24691573,24695928
0,67,56,6563,1072,896,3226,24695928,24699154
0,68,56,6564,1088,896,2726,24699154,24701880
0,69,56,6565,1104,896,2490,24701880,24704370
0,70,56,6566,1120,896,2388,24704370,24706758
0,71,56,6567,1136,896,2355,24706758,24709113
0,72,56,6568,1152,896,2412,24709113,24711525
0,73,56,6569,1168,896,2492,24711525,24714017
0,74,56,6570,1184,896,2605,24714017,24716622
0,75,56,6571,1200,896,2832,24716622,24719454
0,76,56,6572,1216,896,3161,24719454,24722615
0,77,56,6573,1232,896,3477,24722615,24726092
0,78,56,6574,1248,896,3553,24726092,24729645
0,79,56,6575,1264,896,3505,24729645,24733150
0,80,56,6576,1280,896,3296,24733150,24736446
0,81,56,6577,1296,896,2964,24736446,24739410
0,82,56,6578,1312,896,2820,24739410,24742230
0,83,56,6579,1328,896,2900,24742230,24745130
0,84,56,6580,1344,896,3029,24745130,24748159
0,85,56,6581,1360,896,3032,24748159,24751191
0,86,56,6582,1376,896,2922,24751191,24754113
0,87,56,6583,1392,896,2822,24754113,24756935
0,88,56,6584,1408,896,2882,24756935,24759817
0,89,56,6585,1424,896,3011,24759817,24762828
0,90,56,6586,1440,896,3061,24762828,24765889
0,91,56,6587,1456,896,3041,24765889,24768930
0,92,56,6588,1472,896,2983,24768930,24771913
0,93,56,6589,1488,896,2939,24771913,24774852
0,94,56,6590,1504,896,2959,24774852,24777811
0,95,56,6591,1520,896,3046,24777811,24780857
0,96,56,6592,1536,896,3176,24780857,24784033
0,97,56,6593,1552,896,3351,24784033,24787384
0,98,56,6594,1568,896,3640,24787384,24791024
0,99,56,6595,1584,896,3926,24791024,24794950
0,100,56,6596,1600,896,4051,24794950,24799001
0,101,56,6597,1616,896,4039,24799001,24803040
0,102,56,6598,1632,896,3965,24803040,24807005
0,103,56,6599,1648,896,3914,24807005,24810919
0,104,56,6600,1664,896,3967,24810919,24814886
0,105,56,6601,1680,896,3998,24814886,24818884
0,106,56,6602,1696,896,3891,24818884,24822775
0,107,56,6603,1712,896,3731,24822775,24826506
0,108,56,6604,1728,896,3452,24826506,24829958
0,109,56,6605,1744,896,3110,24829958,24833068
0,110,56,6606,1760,896,2770,24833068,24835838
0,111,56,6607,1776,896,2343,24835838,24838181
0,112,56,6608,1792,896,2048,24838181,24840229
0,113,56,6609,1808,896,1885,24840229,24842114
0,114,56,6610,1824,896,1777,24842114,24843891
0,115,56,6611,1840,896,1805,24843891,24845696
0,0,57,6612,0,912,3196,24845696,24848892
0,1,57,6613,16,912,3252,24848892,24852144
0,2,57,6614,32,912,3199,24852144,24855343
0,3,57,6615,48,912,3098,24855343,24858441
0,4,57,6616,64,912,2962,24858441,24861403
0,5,57,6617,80,912,2777,24861403,24864180
0,6,57,6618,96,912,2622,24864180,24866802
0,7,57,6619,112,912,2533,24866802,24869335
0,8,57,6620,128,912,2685,24869335,24872020
0,9,57,6621,144,912,2733,24872020,24874753
0,10,57,6622,160,912,2801,24874753,24877554
0,11,57,6623,176,912,2833,24877554,24880387
0,12,57,6624,192,912,2875,24880387,24883262
0,13,57,6625,208,912,2878,24883262,24886140
0,14,57,6626,224,912,2877,24886140,24889017
0,15,57,6627,240,912,2835,24889017,24891852
0,16,57,6628,256,912,2755,24891852,24894607
0,17,57,6629,272,912,2789,24894607,24897396
0,18,57,6630,288,912,2765,24897396,24900161
0,19,57,6631,304,912,2676,24900161,24902837
0,20,57,6632,320,912,2545,24902837,24905382
0,21,57,6633,336,912,2372,24905382,24907754
0,22,57,6634,352,912,2168,24907754,24909922
0,23,57,6635,368,912,1969,24909922,24911891
0,24,57,6636,384,912,1817,24911891,24913708
0,25,57,6637,400,912,1686,24913708,24915394
0,26,57,6638,416,912,1604,24915394,24916998
0,27,57,6639,432,912,1488,24916998,24918486
0,28,57,6640,448,912,1431,24918486,24919917
0,29,57,6641,464,912,1394,24919917,24921311
0,30,57,6642,480,912,1392,24921311,24922703
0,31,57,6643,496,912,1397,24922703,24924100
0,32,57,6644,512,912,1486,24924100,24925586
0,33,57,6645,528,912,1557,24925586,24927143
0,34,57,6646,544,912,1524,24927143,24928667
0,35,57,6647,560,912,1410,24928667,24930077
0,36,57,6648,576,912,1397,24930077,24931474
0,37,57,6649,592,912,1491,24931474,24932965
0,38,57,6650,608,912,1631,24932965,24934596
0,39,57,6651,624,912,1808,24934596,24936404
0,40,57,6652,640,912,2057,24936404,24938461
0,41,57,6653,656,912,2289,24938461,24940750
0,42,57,6654,672,912,2485,24940750,24943235
0,43,57,6655,688,912,2663,24943235,24945898
0,44,57,6656,704,912,2859,24945898,24948757
0,45,57,6657,720,912,3077,24948757,24951834
0,46,57,6658,736,912,3166,24951834,24955000
0,47,57,6659,752,912,3135,24955000,24958135
0,48,57,6660,768,912,2969,24958135,24961104
0,49,57,6661,784,912,2752,24961104,24963856
0,50,57,6662,800,912,2511,24963856,24966367
0,51,57,6663,816,912,2225,24966367,24968592
0,52,57,6664,832,912,2089,24968592,24970681
0,53,57,6665,848,912,2024,24970681,24972705
0,54,57,6666,864,912,1957,24972705,24974662
0,55,57,6667,880,912,1917,24974662,24976579
0,56,57,6668,896,912,1831,24976579,24978410
0,57,57,6669,912,912,1818,24978410,24980228
0,58,57,6670,928,912,1913,24980228,24982141
0,59,57,6671,944,912,2077,24982141,24984218
0,60,57,6672,960,912,2249,24984218,24986467
0,61,57,6673,976,912,2512,24986467,24988979
0,62,57,6674,992,912,3514,24988979,24992493
0,63,57,6675,1008,912,4649,24992493,24997142
0,64,57,6676,1024,912,5432,24997142,25002574
0,65,57,6677,1040,912,5205,25002574,25007779
0,66,57,6678,1056,912,4222,25007779,25012001
0,67,57,6679,1072,912,3112,25012001,25015113
0,68,57,6680,1088,912,2594,25015113,25017707
0,69,57,6681,1104,912,2349,25017707,25020056
0,70,57,6682,1120,912,2187,25020056,25022243
0,71,57,6683,1136,912,2137,25022243,25024380
0,72,57,6684,1152,912,2134,25024380,25026514
0,73,57,6685,1168,912,2200,25026514,25028714
0,74,57,6686,1184,912,2291,25028714,25031005
0,75,57,6687,1200,912,2535,25031005,25033540
0,76,57,6688,1216,912,2897,25033540,25036437
0,77,57,6689,1232,912,3293,25036437,25039730
0,78,57,6690,1248,912,3462,25039730,25043192
0,79,57,6691,1264,912,3453,25043192,25046645
0,80,57,6692,1280,912,3333,25046645,25049978
0,81,57,6693,1296,912,3002,25049978,25052980
0,82,57,6694,1312,912,2773,25052980,25055753
0,83,57,6695,1328,912,2723,25055753,25058476
0,84,57,6696,1344,912,2911,25058476,25061387
0,85,57,6697,1360,912,2920,25061387,25064307
0,86,57,6698,1376,912,2927,25064307,25067234
0,87,57,6699,1392,912,2825,25067234,25070059
0,88,57,6700,1408,912,2867,25070059,25072926
0,89,57,6701,1424,912,2928,25072926,25075854
0,90,57,6702,1440,912,3008,25075854,25078862
0,91,57,6703,1456,912,2986,25078862,25081848
0,92,57,6704,1472,912,2951,25081848,25084799
0,93,57,6705,1488,912,2886,25084799,25087685
0,94,57,6706,1504,912,2846,25087685,25090531
0,95,57,6707,1520,912,2828,25090531,25093359
0,96,57,6708,1536,912,2938,25093359,25096297
0,97,57,6709,1552,912,3127,25096297,25099424
0,98,57,6710,1568,912,3461,25099424,25102885
0,99,57,6711,1584,912,3775,25102885,25106660
0,100,57,6712,1600,912,3971,25106660,25110631
0,101,57,6713,1616,912,4069,25110631,25114700
0,102,57,6714,1632,912,4003,25114700,25118703
0,103,57,6715,1648,912,3927,25118703,25122630
0,104,57,6716,1664,912,3970,25122630,25126600
0,105,57,6717,1680,912,3975,25126600,25130575
0,106,57,6718,1696,912,3956,25130575,25134531
0,107,57,6719,1712,912,3880,25134531,25138411
0,108,57,6720,1728,912,3626,25138411,25142037
0,109,57,6721,1744,912,3277,25142037,25145314
0,110,57,6722,1760,912,2964,25145314,25148278
0,111,57,6723,1776,912,2661,25148278,25150939
0,112,57,6724,1792,912,2338,25150939,25153277
0,113,57,6725,1808,912,2177,25153277,25155454
0,114,57,6726,1824,912,2013,25155454,25157467
0,115,57,6727,1840,912,1989,25157467,25159456
0,0,58,6728,0,928,3228,25159456,25162684
0,1,58,6729,16,928,3297,25162684,25165981
0,2,58,6730,32,928,3208,25165981,25169189
0,3,58,6731,48,928,2976,25169189,25172165
0,4,58,6732,64,928,2762,25172165,25174927
0,5,58,6733,80,928,2563,25174927,25177490
0,6,58,6734,96,928,2444,25177490,25179934
0,7,58,6735,112,928,2406,25179934,25182340
0,8,58,6736,128,928,2483,25182340,25184823
0,9,58,6737,144,928,2541,25184823,25187364
0,10,58,6738,160,928,2599,25187364,25189963
0,11,58,6739,176,928,2651,25189963,25192614
0,12,58,6740,192,928,2712,25192614,25195326
0,13,58,6741,208,928,2768,25195326,25198094
0,14,58,6742,224,928,2752,25198094,25200846
0,15,58,6743,240,928,2670,25200846,25203516
0,16,58,6744,256,928,2568,25203516,25206084
0,17,58,6745,272,928,2591,25206084,25208675
0,18,58,6746,288,928,2531,25208675,25211206
0,19,58,6747,304,928,2430,25211206,25213636
0,20,58,6748,320,928,2316,25213636,25215952
0,21,58,6749,336,928,2152,25215952,25218104
0,22,58,6750,352,928,1953,25218104,25220057
0,23,58,6751,368,928,1770,25220057,25221827
0,24,58,6752,384,928,1635,25221827,25223462
0,25,58,6753,400,928,1534,25223462,25224996
0,26,58,6754,416,928,1476,25224996,25226472
0,27,58,6755,432,928,1381,25226472,25227853
0,28,58,6756,448,928,1334,25227853,25229187
0,29,58,6757,464,928,1314,25229187,25230501
0,30,58,6758,480,928,1315,25230501,25231816
0,31,58,6759,496,928,1311,25231816,25233127
0,32,58,6760,512,928,1315,25233127,25234442
0,33,58,6761,528,928,1321,25234442,25235763
0,34,58,6762,544,928,1321,25235763,25237084
0,35,58,6763,560,928,1337,25237084,25238421
0,36,58,6764,576,928,1379,25238421,25239800
0,37,58,6765,592,928,1511,25239800,25241311
0,38,58,6766,608,928,1733,25241311,25243044
0,39,58,6767,624,928,1969,25243044,25245013
0,40,58,6768,640,928,2296,25245013,25247309
0,41,58,6769,656,928,2558,25247309,25249867
0,42,58,6770,672,928,2746,25249867,25252613
0,43,58,6771,688,928,2856,25252613,25255469
0,44,58,6772,704,928,2944,25255469,25258413
0,45,58,6773,720,928,3094,25258413,25261507
0,46,58,6774,736,928,3110,25261507,25264617
0,47,58,6775,752,928,2983,25264617,25267600
0,48,58,6776,768,928,2799,25267600,25270399
0,49,58,6777,784,928,2584,25270399,25272983
0,50,58,6778,800,928,2344,25272983,25275327
0,51,58,6779,816,928,2072,25275327,25277399
0,52,58,6780,832,928,1951,25277399,25279350
0,53,58,6781,848,928,1902,25279350,25281252
0,54,58,6782,864,928,1855,25281252,25283107
0,55,58,6783,880,928,1822,25283107,25284929
0,56,58,6784,896,928,1741,25284929,25286670
0,57,58,6785,912,928,1725,25286670,25288395
0,58,58,6786,928,928,1823,25288395,25290218
0,59,58,6787,944,928,1989,25290218,25292207
0,60,58,6788,960,928,2176,25292207,25294383
0,61,58,6789,976,928,2454,25294383,25296837
0,62,58,6790,992,928,3056,25296837,25299893
0,63,58,6791,1008,928,3736,25299893,25303629
0,64,58,6792,1024,928,4340,25303629,25307969
0,65,58,6793,1040,928,4254,25307969,25312223
0,66,58,6794,1056,928,3646,25312223,25315869
0,67,58,6795,1072,928,2948,25315869,25318817
0,68,58,6796,1088,928,2524,25318817,25321341
0,69,58,6797,1104,928,2269,25321341,25323610
0,70,58,6798,1120,928,2062,25323610,25325672
0,71,58,6799,1136,928,1969,25325672,25327641
0,72,58,6800,1152,928,1939,25327641,25329580
0,73,58,6801,1168,928,1982,25329580,25331562
0,74,58,6802,1184,928,2090,25331562,25333652
0,75,58,6803,1200,928,2351,25333652,25336003
0,76,58,6804,1216,928,2688,25336003,25338691
0,77,58,6805,1232,928,3089,25338691,25341780
0,78,58,6806,1248,928,3335,25341780,25345115
0,79,58,6807,1264,928,3351,25345115,25348466
0,80,58,6808,1280,928,3299,25348466,25351765
0,81,58,6809,1296,928,3040,25351765,25354805
0,82,58,6810,1312,928,2738,25354805,25357543
0,83,58,6811,1328,928,2590,25357543,25360133
0,84,58,6812,1344,928,2763,25360133,25362896
0,85,58,6813,1360,928,2849,25362896,25365745
0,86,58,6814,1376,928,2911,25365745,25368656
0,87,58,6815,1392,928,2869,25368656,25371525
0,88,58,6816,1408,928,2863,25371525,25374388
0,89,58,6817,1424,928,2884,25374388,25377272
0,90,58,6818,1440,928,2930,25377272,25380202
0,91,58,6819,1456,928,2954,25380202,25383156
0,92,58,6820,1472,928,2947,25383156,25386103
0,93,58,6821,1488,928,2874,25386103,25388977
0,94,58,6822,1504,928,2756,25388977,25391733
0,95,58,6823,1520,928,2687,25391733,25394420
0,96,58,6824,1536,928,2753,25394420,25397173
0,97,58,6825,1552,928,2920,25397173,25400093
0,98,58,6826,1568,928,3216,25400093,25403309
0,99,58,6827,1584,928,3522,25403309,25406831
0,100,58,6828,1600,928,3777,25406831,25410608
0,101,58,6829,1616,928,3984,25410608,25414592
0,102,58,6830,1632,928,4051,25414592,25418643
0,103,58,6831,1648,928,3979,25418643,25422622
0,104,58,6832,1664,928,3980,25422622,25426602
0,105,58,6833,1680,928,3954,25426602,25430556
0,106,58,6834,1696,928,3907,25430556,25434463
0,107,58,6835,1712,928,3919,25434463,25438382
0,108,58,6836,1728,928,3742,25438382,25442124
0,109,58,6837,1744,928,3452,25442124,25445576
0,110,58,6838,1760,928,3143,25445576,25448719
0,111,58,6839,1776,928,2888,25448719,25451607
0,112,58,6840,1792,928,2676,25451607,25454283
0,113,58,6841,1808,928,2436,25454283,25456719
0,114,58,6842,1824,928,2260,25456719,25458979
0,115,58,6843,1840,928,2166,25458979,25461145
0,0,59,6844,0,944,3065,25461145,25464210
0,1,59,6845,16,944,3149,25464210,25467359
0,2,59,6846,32,944,3039,25467359,25470398
0,3,59,6847,48,944,2732,25470398,25473130
0,4,59,6848,64,944,2521,25473130,25475651
0,5,59,6849,80,944,2348,25475651,25477999
0,6,59,6850,96,944,2290,25477999,25480289
0,7,59,6851,112,944,2270,25480289,25482559
0,8,59,6852,128,944,2309,25482559,25484868
0,9,59,6853,144,944,2359,25484868,25487227
0,10,59,6854,160,944,2429,25487227,25489656
0,11,59,6855,176,944,2474,25489656,25492130
0,12,59,6856,192,944,2515,25492130,25494645
0,13,59,6857,208,944,2548,25494645,25497193
0,14,59,6858,224,944,2546,25497193,25499739
0,15,59,6859,240,944,2507,25499739,25502246
0,16,59,6860,256,944,2438,25502246,25504684
0,17,59,6861,272,944,2440,25504684,25507124
0,18,59,6862,288,944,2344,25507124,25509468
0,19,59,6863,304,944,2241,25509468,25511709
0,20,59,6864,320,944,2139,25511709,25513848
0,21,59,6865,336,944,1984,25513848,25515832
0,22,59,6866,352,944,1804,25515832,25517636
0,23,59,6867,368,944,1632,25517636,25519268
0,24,59,6868,384,944,1519,25519268,25520787
0,25,59,6869,400,944,1429,25520787,25522216
0,26,59,6870,416,944,1391,25522216,25523607
0,27,59,6871,432,944,1318,25523607,25524925
0,28,59,6872,448,944,1271,25524925,25526196
0,29,59,6873,464,944,1250,25526196,25527446
0,30,59,6874,480,944,1239,25527446,25528685
0,31,59,6875,496,944,1214,25528685,25529899
0,32,59,6876,512,944,1206,25529899,25531105
0,33,59,6877,528,944,1219,25531105,25532324
0,34,59,6878,544,944,1233,25532324,25533557
0,35,59,6879,560,944,1271,25533557,25534828
0,36,59,6880,576,944,1352,25534828,25536180
0,37,59,6881,592,944,1559,25536180,25537739
0,38,59,6882,608,944,1878,25537739,25539617
0,39,59,6883,624,944,2248,25539617,25541865
0,40,59,6884,640,944,2700,25541865,25544565
0,41,59,6885,656,944,3185,25544565,25547750
0,42,59,6886,672,944,3404,25547750,25551154
0,43,59,6887,688,944,3441,25551154,25554595
0,44,59,6888,704,944,3384,25554595,25557979
0,45,59,6889,720,944,3362,25557979,25561341
0,46,59,6890,736,944,3286,25561341,25564627
0,47,59,6891,752,944,3063,25564627,25567690
0,48,59,6892,768,944,2721,25567690,25570411
0,49,59,6893,784,944,2438,25570411,25572849
0,50,59,6894,800,944,2177,25572849,25575026
0,51,59,6895,816,944,1922,25575026,25576948
0,52,59,6896,832,944,1784,25576948,25578732
0,53,59,6897,848,944,1731,25578732,25580463
0,54,59,6898,864,944,1681,25580463,25582144
0,55,59,6899,880,944,1661,25582144,25583805
0,56,59,6900,896,944,1612,25583805,25585417
0,57,59,6901,912,944,1617,25585417,25587034
0,58,59,6902,928,944,1724,25587034,25588758
0,59,59,6903,944,944,1881,25588758,25590639
0,60,59,6904,960,944,2068,25590639,25592707
0,61,59,6905,976,944,2339,25592707,25595046
0,62,59,6906,992,944,2665,25595046,25597711
0,63,59,6907,1008,944,2907,25597711,25600618
0,64,59,6908,1024,944,3263,25600618,25603881
0,65,59,6909,1040,944,3393,25603881,25607274
0,66,59,6910,1056,944,3187,25607274,25610461
0,67,59,6911,1072,944,2852,25610461,25613313
0,68,59,6912,1088,944,2540,25613313,25615853
0,69,59,6913,1104,944,2279,25615853,25618132
0,70,59,6914,1120,944,1985,25618132,25620117
0,71,59,6915,1136,944,1812,25620117,25621929
0,72,59,6916,1152,944,1761,25621929,25623690
0,73,59,6917,1168,944,1783,25623690,25625473
0,74,59,6918,1184,944,1915,25625473,25627388
0,75,59,6919,1200,944,2156,25627388,25629544
0,76,59,6920,1216,944,2466,25629544,25632010
0,77,59,6921,1232,944,2856,25632010,25634866
0,78,59,6922,1248,944,3203,25634866,25638069
0,79,59,6923,1264,944,3274,25638069,25641343
0,80,59,6924,1280,944,3275,25641343,25644618
0,81,59,6925,1296,944,3126,25644618,25647744
0,82,59,6926,1312,944,2763,25647744,25650507
0,83,59,6927,1328,944,2488,25650507,25652995
0,84,59,6928,1344,944,2584,25652995,25655579
0,85,59,6929,1360,944,2734,25655579,25658313
0,86,59,6930,1376,944,2821,25658313,25661134
0,87,59,6931,1392,944,2861,25661134,25663995
0,88,59,6932,1408,944,2861,25663995,25666856
0,89,59,6933,1424,944,2833,25666856,25669689
0,90,59,6934,1440,944,2851,25669689,25672540
0,91,59,6935,1456,944,2908,25672540,25675448
0,92,59,6936,1472,944,2928,25675448,25678376
0,93,59,6937,1488,944,2874,25678376,25681250
0,94,59,6938,1504,944,2751,25681250,25684001
0,95,59,6939,1520,944,2644,25684001,25686645
0,96,59,6940,1536,944,2650,25686645,25689295
0,97,59,6941,1552,944,2776,25689295,25692071
0,98,59,6942,1568,944,3021,25692071,25695092
0,99,59,6943,1584,944,3279,25695092,25698371
0,100,59,6944,1600,944,3532,25698371,25701903
0,101,59,6945,1616,944,3774,25701903,25705677
0,102,59,6946,1632,944,3982,25705677,25709659
0,103,59,6947,1648,944,3998,25709659,25713657
0,104,59,6948,1664,944,3951,25713657,25717608
0,105,59,6949,1680,944,3904,25717608,25721512
0,106,59,6950,1696,944,3830,25721512,25725342
0,107,59,6951,1712,944,3902,25725342,25729244
0,108,59,6952,1728,944,3897,25729244,25733141
0,109,59,6953,1744,944,3687,25733141,25736828
0,110,59,6954,1760,944,3421,25736828,25740249
0,111,59,6955,1776,944,3158,25740249,25743407
0,112,59,6956,1792,944,2961,25743407,25746368
0,113,59,6957,1808,944,2799,25746368,25749167
0,114,59,6958,1824,944,2532,25749167,25751699
0,115,59,6959,1840,944,2367,25751699,25754066
0,0,60,6960,0,960,2832,25754066,25756898
0,1,60,6961,16,960,2841,25756898,25759739
0,2,60,6962,32,960,2739,25759739,25762478
0,3,60,6963,48,960,2456,25762478,25764934
0,4,60,6964,64,960,2262,25764934,25767196
0,5,60,6965,80,960,2153,25767196,25769349
0,6,60,6966,96,960,2140,25769349,25771489
0,7,60,6967,112,960,2119,25771489,25773608
0,8,60,6968,128,960,2120,25773608,25775728
0,9,60,6969,144,960,2162,25775728,25777890
0,10,60,6970,160,960,2241,25777890,25780131
0,11,60,6971,176,960,2253,25780131,25782384
0,12,60,6972,192,960,2260,25782384,25784644
0,13,60,6973,208,960,2276,25784644,25786920
0,14,60,6974,224,960,2294,25786920,25789214
0,15,60,6975,240,960,2306,25789214,25791520
0,16,60,6976,256,960,2277,25791520,25793797
0,17,60,6977,272,960,2259,25793797,25796056
0,18,60,6978,288,960,2188,25796056,25798244
0,19,60,6979,304,960,2090,25798244,25800334
0,20,60,6980,320,960,1998,25800334,25802332
0,21,60,6981,336,960,1876,25802332,25804208
0,22,60,6982,352,960,1712,25804208,25805920
0,23,60,6983,368,960,1556,25805920,25807476
0,24,60,6984,384,960,1460,25807476,25808936
0,25,60,6985,400,960,1376,25808936,25810312
0,26,60,6986,416,960,1349,25810312,25811661
0,27,60,6987,432,960,1297,25811661,25812958
0,28,60,6988,448,960,1262,25812958,25814220
0,29,60,6989,464,960,1239,25814220,25815459
0,30,60,6990,480,960,1215,25815459,25816674
0,31,60,6991,496,960,1195,25816674,25817869
0,32,60,6992,512,960,1197,25817869,25819066
0,33,60,6993,528,960,1211,25819066,25820277
0,34,60,6994,544,960,1230,25820277,25821507
0,35,60,6995,560,960,1278,25821507,25822785
0,36,60,6996,576,960,1402,25822785,25824187
0,37,60,6997,592,960,1642,25824187,25825829
0,38,60,6998,608,960,2027,25825829,25827856
0,39,60,6999,624,960,2505,25827856,25830361
0,40,60,7000,640,960,3021,25830361,25833382
0,41,60,7001,656,960,3673,25833382,25837055
0,42,60,7002,672,960,4277,25837055,25841332
0,43,60,7003,688,960,4465,25841332,25845797
0,44,60,7004,704,960,4106,25845797,25849903
0,45,60,7005,720,960,3761,25849903,25853664
0,46,60,7006,736,960,3522,25853664,25857186
0,47,60,7007,752,960,3159,25857186,25860345
0,48,60,7008,768,960,2686,25860345,25863031
0,49,60,7009,784,960,2331,25863031,25865362
0,50,60,7010,800,960,2073,25865362,25867435
0,51,60,7011,816,960,1856,25867435,25869291
0,52,60,7012,832,960,1683,25869291,25870974
0,53,60,7013,848,960,1614,25870974,25872588
0,54,60,7014,864,960,1569,25872588,25874157
0,55,60,7015,880,960,1562,25874157,25875719
0,56,60,7016,896,960,1554,25875719,25877273
0,57,60,7017,912,960,1589,25877273,25878862
0,58,60,7018,928,960,1693,25878862,25880555
0,59,60,7019,944,960,1851,25880555,25882406
0,60,60,7020,960,960,2038,25882406,25884444
0,61,60,7021,976,960,2281,25884444,25886725
0,62,60,7022,992,960,2480,25886725,25889205
0,63,60,7023,1008,960,2546,25889205,25891751
0,64,60,7024,1024,960,2762,25891751,25894513
0,65,60,7025,1040,960,2991,25894513,25897504
0,66,60,7026,1056,960,3013,25897504,25900517
0,67,60,7027,1072,960,2850,25900517,25903367
0,68,60,7028,1088,960,2634,25903367,25906001
0,69,60,7029,1104,960,2343,25906001,25908344
0,70,60,7030,1120,960,1963,25908344,25910307
0,71,60,7031,1136,960,1717,25910307,25912024
0,72,60,7032,1152,960,1638,25912024,25913662
0,73,60,7033,1168,960,1656,25913662,25915318
0,74,60,7034,1184,960,1769,25915318,25917087
0,75,60,7035,1200,960,1965,25917087,25919052
0,76,60,7036,1216,960,2221,25919052,25921273
0,77,60,7037,1232,960,2570,25921273,25923843
0,78,60,7038,1248,960,2963,25923843,25926806
0,79,60,7039,1264,960,3122,25926806,25929928
0,80,60,7040,1280,960,3168,25929928,25933096
0,81,60,7041,1296,960,3114,25933096,25936210
0,82,60,7042,1312,960,2837,25936210,25939047
0,83,60,7043,1328,960,2484,25939047,25941531
0,84,60,7044,1344,960,2490,25941531,25944021
0,85,60,7045,1360,960,2636,25944021,25946657
0,86,60,7046,1376,960,2772,25946657,25949429
0,87,60,7047,1392,960,2825,25949429,25952254
0,88,60,7048,1408,960,2866,25952254,25955120
0,89,60,7049,1424,960,2801,25955120,25957921
0,90,60,7050,1440,960,2749,25957921,25960670
0,91,60,7051,1456,960,2784,25960670,25963454
0,92,60,7052,1472,960,2822,25963454,25966276
0,93,60,7053,1488,960,2803,25966276,25969079
0,94,60,7054,1504,960,2727,25969079,25971806
0,95,60,7055,1520,960,2613,25971806,25974419
0,96,60,7056,1536,960,2576,25974419,25976995
0,97,60,7057,1552,960,2629,25976995,25979624
0,98,60,7058,1568,960,2799,25979624,25982423
0,99,60,7059,1584,960,2958,25982423,25985381
0,100,60,7060,1600,960,3228,25985381,25988609
0,101,60,7061,1616,960,3490,25988609,25992099
0,102,60,7062,1632,960,3737,25992099,25995836
0,103,60,7063,1648,960,3856,25995836,25999692
0,104,60,7064,1664,960,3830,25999692,26003522
0,105,60,7065,1680,960,3779,26003522,26007301
0,106,60,7066,1696,960,3710,26007301,26011011
0,107,60,7067,1712,960,3770,26011011,26014781
0,108,60,7068,1728,960,3882,26014781,26018663
0,109,60,7069,1744,960,3879,26018663,26022542
0,110,60,7070,1760,960,3692,26022542,26026234
0,111,60,7071,1776,960,3459,26026234,26029693
0,112,60,7072,1792,960,3226,26029693,26032919
0,113,60,7073,1808,960,3051,26032919,26035970
0,114,60,7074,1824,960,2838,26035970,26038808
0,115,60,7075,1840,960,2568,26038808,26041376
0,0,61,7076,0,976,2719,26041376,26044095
0,1,61,7077,16,976,2677,26044095,26046772
0,2,61,7078,32,976,2597,26046772,26049369
0,3,61,7079,48,976,2348,26049369,26051717
0,4,61,7080,64,976,2190,26051717,26053907
0,5,61,7081,80,976,2110,26053907,26056017
0,6,61,7082,96,976,2118,26056017,26058135
0,7,61,7083,112,976,2073,26058135,26060208
0,8,61,7084,128,976,2021,26060208,26062229
0,9,61,7085,144,976,2003,26062229,26064232
0,10,61,7086,160,976,2026,26064232,26066258
0,11,61,7087,176,976,2004,26066258,26068262
0,12,61,7088,192,976,2027,26068262,26070289
0,13,61,7089,208,976,2036,26070289,26072325
0,14,61,7090,224,976,2082,26072325,26074407
0,15,61,7091,240,976,2166,26074407,26076573
0,16,61,7092,256,976,2183,26076573,26078756
0,17,61,7093,272,976,2174,26078756,26080930
0,18,61,7094,288,976,2076,26080930,26083006
0,19,61,7095,304,976,1987,26083006,26084993
0,20,61,7096,320,976,1889,26084993,26086882
0,21,61,7097,336,976,1788,26086882,26088670
0,22,61,7098,352,976,1666,26088670,26090336
0,23,61,7099,368,976,1529,26090336,26091865
0,24,61,7100,384,976,1438,26091865,26093303
0,25,61,7101,400,976,1358,26093303,26094661
0,26,61,7102,416,976,1330,26094661,26095991
0,27,61,7103,432,976,1283,26095991,26097274
0,28,61,7104,448,976,1253,26097274,26098527
0,29,61,7105,464,976,1242,26098527,26099769
0,30,61,7106,480,976,1211,26099769,26100980
0,31,61,7107,496,976,1200,26100980,26102180
0,32,61,7108,512,976,1199,26102180,26103379
0,33,61,7109,528,976,1218,26103379,26104597
0,34,61,7110,544,976,1244,26104597,26105841
0,35,61,7111,560,976,1296,26105841,26107137
0,36,61,7112,576,976,1468,26107137,26108605
0,37,61,7113,592,976,1782,26108605,26110387
0,38,61,7114,608,976,2278,26110387,26112665
0,39,61,7115,624,976,2843,26112665,26115508
0,40,61,7116,640,976,3366,26115508,26118874
0,41,61,7117,656,976,4010,26118874,26122884
0,42,61,7118,672,976,4628,26122884,26127512
0,43,61,7119,688,976,4873,26127512,26132385
0,44,61,7120,704,976,4448,26132385,26136833
0,45,61,7121,720,976,3993,26136833,26140826
0,46,61,7122,736,976,3652,26140826,26144478
0,47,61,7123,752,976,3180,26144478,26147658
0,48,61,7124,768,976,2599,26147658,26150257
0,49,61,7125,784,976,2207,26150257,26152464
0,50,61,7126,800,976,1960,26152464,26154424
0,51,61,7127,816,976,1757,26154424,26156181
0,52,61,7128,832,976,1596,26156181,26157777
0,53,61,7129,848,976,1539,26157777,26159316
0,54,61,7130,864,976,1508,26159316,26160824
0,55,61,7131,880,976,1507,26160824,26162331
0,56,61,7132,896,976,1529,26162331,26163860
0,57,61,7133,912,976,1557,26163860,26165417
0,58,61,7134,928,976,1671,26165417,26167088
0,59,61,7135,944,976,1829,26167088,26168917
0,60,61,7136,960,976,1995,26168917,26170912
0,61,61,7137,976,976,2179,26170912,26173091
0,62,61,7138,992,976,2323,26173091,26175414
0,63,61,7139,1008,976,2325,26175414,26177739
0,64,61,7140,1024,976,2455,26177739,26180194
0,65,61,7141,1040,976,2747,26180194,26182941
0,66,61,7142,1056,976,2935,26182941,26185876
0,67,61,7143,1072,976,2856,26185876,26188732
0,68,61,7144,1088,976,2690,26188732,26191422
0,69,61,7145,1104,976,2442,26191422,26193864
0,70,61,7146,1120,976,1979,26193864,26195843
0,71,61,7147,1136,976,1692,26195843,26197535
0,72,61,7148,1152,976,1581,26197535,26199116
0,73,61,7149,1168,976,1589,26199116,26200705
0,74,61,7150,1184,976,1644,26200705,26202349
0,75,61,7151,1200,976,1805,26202349,26204154
0,76,61,7152,1216,976,1998,26204154,26206152
0,77,61,7153,1232,976,2307,26206152,26208459
0,78,61,7154,1248,976,2706,26208459,26211165
0,79,61,7155,1264,976,2929,26211165,26214094
0,80,61,7156,1280,976,3029,26214094,26217123
0,81,61,7157,1296,976,3037,26217123,26220160
0,82,61,7158,1312,976,2891,26220160,26223051
0,83,61,7159,1328,976,2537,26223051,26225588
0,84,61,7160,1344,976,2443,26225588,26228031
0,85,61,7161,1360,976,2526,26228031,26230557
0,86,61,7162,1376,976,2682,26230557,26233239
0,87,61,7163,1392,976,2733,26233239,26235972
0,88,61,7164,1408,976,2783,26235972,26238755
0,89,61,7165,1424,976,2725,26238755,26241480
0,90,61,7166,1440,976,2631,26241480,26244111
0,91,61,7167,1456,976,2590,26244111,26246701
0,92,61,7168,1472,976,2650,26246701,26249351
0,93,61,7169,1488,976,2676,26249351,26252027
0,94,61,7170,1504,976,2674,26252027,26254701
0,95,61,7171,1520,976,2612,26254701,26257313
0,96,61,7172,1536,976,2539,26257313,26259852
0,97,61,7173,1552,976,2536,26259852,26262388
0,98,61,7174,1568,976,2616,26262388,26265004
0,99,61,7175,1584,976,2732,26265004,26267736
0,100,61,7176,1600,976,2987,26267736,26270723
0,101,61,7177,1616,976,3228,26270723,26273951
0,102,61,7178,1632,976,3471,26273951,26277422
0,103,61,7179,1648,976,3688,26277422,26281110
0,104,61,7180,1664,976,3822,26281110,26284932
0,105,61,7181,1680,976,3765,26284932,26288697
0,106,61,7182,1696,976,3706,26288697,26292403
0,107,61,7183,1712,976,3723,26292403,26296126
0,108,61,7184,1728,976,3854,26296126,26299980
0,109,61,7185,1744,976,3891,26299980,26303871
0,110,61,7186,1760,976,3827,26303871,26307698
0,111,61,7187,1776,976,3668,26307698,26311366
0,112,61,7188,1792,976,3447,26311366,26314813
0,113,61,7189,1808,976,3248,26314813,26318061
0,114,61,7190,1824,976,3063,26318061,26321124
0,115,61,7191,1840,976,2798,26321124,26323922
0,0,62,7192,0,992,2754,26323922,26326676
0,1,62,7193,16,992,2724,26326676,26329400
0,2,62,7194,32,992,2613,26329400,26332013
0,3,62,7195,48,992,2425,26332013,26334438
0,4,62,7196,64,992,2282,26334438,26336720
0,5,62,7197,80,992,2227,26336720,26338947
0,6,62,7198,96,992,2202,26338947,26341149
0,7,62,7199,112,992,2102,26341149,26343251
0,8,62,7200,128,992,2045,26343251,26345296
0,9,62,7201,144,992,1974,26345296,26347270
0,10,62,7202,160,992,2030,26347270,26349300
0,11,62,7203,176,992,2001,26349300,26351301
0,12,62,7204,192,992,2052,26351301,26353353
0,13,62,7205,208,992,1996,26353353,26355349
0,14,62,7206,224,992,2056,26355349,26357405
0,15,62,7207,240,992,2157,26357405,26359562
0,16,62,7208,256,992,2151,26359562,26361713
0,17,62,7209,272,992,2137,26361713,26363850
0,18,62,7210,288,992,2031,26363850,26365881
0,19,62,7211,304,992,1950,26365881,26367831
0,20,62,7212,320,992,1856,26367831,26369687
0,21,62,7213,336,992,1763,26369687,26371450
0,22,62,7214,352,992,1670,26371450,26373120
0,23,62,7215,368,992,1562,26373120,26374682
0,24,62,7216,384,992,1469,26374682,26376151
0,25,62,7217,400,992,1391,26376151,26377542
0,26,62,7218,416,992,1355,26377542,26378897
0,27,62,7219,432,992,1300,26378897,26380197
0,28,62,7220,448,992,1268,26380197,26381465
0,29,62,7221,464,992,1249,26381465,26382714
0,30,62,7222,480,992,1216,26382714,26383930
0,31,62,7223,496,992,1218,26383930,26385148
0,32,62,7224,512,992,1232,26385148,26386380
0,33,62,7225,528,992,1252,26386380,26387632
0,34,62,7226,544,992,1280,26387632,26388912
0,35,62,7227,560,992,1341,26388912,26390253
0,36,62,7228,576,992,1538,26390253,26391791
0,37,62,7229,592,992,1989,26391791,26393780
0,38,62,7230,608,992,2650,26393780,26396430
0,39,62,7231,624,992,3353,26396430,26399783
0,40,62,7232,640,992,3882,26399783,26403665
0,41,62,7233,656,992,4537,26403665,26408202
0,42,62,7234,672,992,4917,26408202,26413119
0,43,62,7235,688,992,4967,26413119,26418086
0,44,62,7236,704,992,4621,26418086,26422707
0,45,62,7237,720,992,4216,26422707,26426923
0,46,62,7238,736,992,3763,26426923,26430686
0,47,62,7239,752,992,3202,26430686,26433888
0,48,62,7240,768,992,2540,26433888,26436428
0,49,62,7241,784,992,2092,26436428,26438520
0,50,62,7242,800,992,1855,26438520,26440375
0,51,62,7243,816,992,1668,26440375,26442043
0,52,62,7244,832,992,1527,26442043,26443570
0,53,62,7245,848,992,1481,26443570,26445051
0,54,62,7246,864,992,1468,26445051,26446519
0,55,62,7247,880,992,1470,26446519,26447989
0,56,62,7248,896,992,1517,26447989,26449506
0,57,62,7249,912,992,1575,26449506,26451081
0,58,62,7250,928,992,1694,26451081,26452775
0,59,62,7251,944,992,1841,26452775,26454616
0,60,62,7252,960,992,1977,26454616,26456593
0,61,62,7253,976,992,2115,26456593,26458708
0,62,62,7254,992,992,2198,26458708,26460906
0,63,62,7255,1008,992,2158,26460906,26463064
0,64,62,7256,1024,992,2247,26463064,26465311
0,65,62,7257,1040,992,2580,26465311,26467891
0,66,62,7258,1056,992,2884,26467891,26470775
0,67,62,7259,1072,992,2894,26470775,26473669
0,68,62,7260,1088,992,2765,26473669,26476434
0,69,62,7261,1104,992,2556,26476434,26478990
0,70,62,7262,1120,992,2087,26478990,26481077
0,71,62,7263,1136,992,1733,26481077,26482810
0,72,62,7264,1152,992,1592,26482810,26484402
0,73,62,7265,1168,992,1571,26484402,26485973
0,74,62,7266,1184,992,1599,26485973,26487572
0,75,62,7267,1200,992,1718,26487572,26489290
0,76,62,7268,1216,992,1876,26489290,26491166
0,77,62,7269,1232,992,2148,26491166,26493314
0,78,62,7270,1248,992,2522,26493314,26495836
0,79,62,7271,1264,992,2821,26495836,26498657
0,80,62,7272,1280,992,2974,26498657,26501631
0,81,62,7273,1296,992,3022,26501631,26504653
0,82,62,7274,1312,992,2980,26504653,26507633
0,83,62,7275,1328,992,2676,26507633,26510309
0,84,62,7276,1344,992,2420,26510309,26512729
0,85,62,7277,1360,992,2399,26512729,26515128
0,86,62,7278,1376,992,2515,26515128,26517643
0,87,62,7279,1392,992,2639,26517643,26520282
0,88,62,7280,1408,992,2699,26520282,26522981
0,89,62,7281,1424,992,2706,26522981,26525687
0,90,62,7282,1440,992,2572,26525687,26528259
0,91,62,7283,1456,992,2480,26528259,26530739
0,92,62,7284,1472,992,2516,26530739,26533255
0,93,62,7285,1488,992,2577,26533255,26535832
0,94,62,7286,1504,992,2607,26535832,26538439
0,95,62,7287,1520,992,2607,26538439,26541046
0,96,62,7288,1536,992,2574,26541046,26543620
0,97,62,7289,1552,992,2520,26543620,26546140
0,98,62,7290,1568,992,2543,26546140,26548683
0,99,62,7291,1584,992,2584,26548683,26551267
0,100,62,7292,1600,992,2770,26551267,26554037
0,101,62,7293,1616,992,2991,26554037,26557028
0,102,62,7294,1632,992,3182,26557028,26560210
0,103,62,7295,1648,992,3395,26560210,26563605
0,104,62,7296,1664,992,3667,26563605,26567272
0,105,62,7297,1680,992,3711,26567272,26570983
0,106,62,7298,1696,992,3718,26570983,26574701
0,107,62,7299,1712,992,3758,26574701,26578459
0,108,62,7300,1728,992,3859,26578459,26582318
0,109,62,7301,1744,992,3890,26582318,26586208
0,110,62,7302,1760,992,3901,26586208,26590109
0,111,62,7303,1776,992,3839,26590109,26593948
0,112,62,7304,1792,992,3678,26593948,26597626
0,113,62,7305,1808,992,3525,26597626,26601151
0,114,62,7306,1824,992,3293,26601151,26604444
0,115,62,7307,1840,992,2985,26604444,26607429
0,0,63,7308,0,1008,2916,26607429,26610345
0,1,63,7309,16,1008,2840,26610345,26613185
0,2,63,7310,32,1008,2650,26613185,26615835
0,3,63,7311,48,1008,2428,26615835,26618263
0,4,63,7312,64,1008,2313,26618263,26620576
0,5,63,7313,80,1008,2275,26620576,26622851
0,6,63,7314,96,1008,2232,26622851,26625083
0,7,63,7315,112,1008,2113,26625083,26627196
0,8,63,7316,128,1008,2035,26627196,26629231
0,9,63,7317,144,1008,2005,26629231,26631236
0,10,63,7318,160,1008,2079,26631236,26633315
0,11,63,7319,176,1008,2035,26633315,26635350
0,12,63,7320,192,1008,2063,26635350,26637413
0,13,63,7321,208,1008,2014,26637413,26639427
0,14,63,7322,224,1008,2060,26639427,26641487
0,15,63,7323,240,1008,2133,26641487,26643620
0,16,63,7324,256,1008,2151,26643620,26645771
0,17,63,7325,272,1008,2139,26645771,26647910
0,18,63,7326,288,1008,2033,26647910,26649943
0,19,63,7327,304,1008,1965,26649943,26651908
0,20,63,7328,320,1008,1883,26651908,26653791
0,21,63,7329,336,1008,1794,26653791,26655585
0,22,63,7330,352,1008,1710,26655585,26657295
0,23,63,7331,368,1008,1636,26657295,26658931
0,24,63,7332,384,1008,1553,26658931,26660484
0,25,63,7333,400,1008,1465,26660484,26661949
0,26,63,7334,416,1008,1424,26661949,26663373
0,27,63,7335,432,1008,1364,26663373,26664737
0,28,63,7336,448,1008,1323,26664737,26666060
0,29,63,7337,464,1008,1305,26666060,26667365
0,30,63,7338,480,1008,1277,26667365,26668642
0,31,63,7339,496,1008,1269,26668642,26669911
0,32,63,7340,512,1008,1289,26669911,26671200
0,33,63,7341,528,1008,1317,26671200,26672517
0,34,63,7342,544,1008,1362,26672517,26673879
0,35,63,7343,560,1008,1427,26673879,26675306
0,36,63,7344,576,1008,1633,26675306,26676939
0,37,63,7345,592,1008,2108,26676939,26679047
0,38,63,7346,608,1008,2918,26679047,26681965
0,39,63,7347,624,1008,3762,26681965,26685727
0,40,63,7348,640,1008,4236,26685727,26689963
0,41,63,7349,656,1008,4792,26689963,26694755
0,42,63,7350,672,1008,5152,26694755,26699907
0,43,63,7351,688,1008,5083,26699907,26704990
0,44,63,7352,704,1008,4698,26704990,26709688
0,45,63,7353,720,1008,4353,26709688,26714041
0,46,63,7354,736,1008,4002,26714041,26718043
0,47,63,7355,752,1008,3350,26718043,26721393
0,48,63,7356,768,1008,2559,26721393,26723952
0,49,63,7357,784,1008,2045,26723952,26725997
0,50,63,7358,800,1008,1773,26725997,26727770
0,51,63,7359,816,1008,1596,26727770,26729366
0,52,63,7360,832,1008,1467,26729366,26730833
0,53,63,7361,848,1008,1418,26730833,26732251
0,54,63,7362,864,1008,1407,26732251,26733658
0,55,63,7363,880,1008,1401,26733658,26735059
0,56,63,7364,896,1008,1457,26735059,26736516
0,57,63,7365,912,1008,1536,26736516,26738052
0,58,63,7366,928,1008,1683,26738052,26739735
0,59,63,7367,944,1008,1845,26739735,26741580
0,60,63,7368,960,1008,1967,26741580,26743547
0,61,63,7369,976,1008,2052,26743547,26745599
0,62,63,7370,992,1008,2107,26745599,26747706
0,63,63,7371,1008,1008,2054,26747706,26749760
0,64,63,7372,1024,1008,2113,26749760,26751873
0,65,63,7373,1040,1008,2442,26751873,26754315
0,66,63,7374,1056,1008,2819,26754315,26757134
0,67,63,7375,1072,1008,2888,26757134,26760022
0,68,63,7376,1088,1008,2791,26760022,26762813
0,69,63,7377,1104,1008,2621,26762813,26765434
0,70,63,7378,1120,1008,2207,26765434,26767641
0,71,63,7379,1136,1008,1821,26767641,26769462
0,72,63,7380,1152,1008,1634,26769462,26771096
0,73,63,7381,1168,1008,1592,26771096,26772688
0,74,63,7382,1184,1008,1606,26772688,26774294
0,75,63,7383,1200,1008,1714,26774294,26776008
0,76,63,7384,1216,1008,1929,26776008,26777937
0,77,63,7385,1232,1008,2213,26777937,26780150
0,78,63,7386,1248,1008,2555,26780150,26782705
0,79,63,7387,1264,1008,2902,26782705,26785607
0,80,63,7388,1280,1008,3084,26785607,26788691
0,81,63,7389,1296,1008,3104,26788691,26791795
0,82,63,7390,1312,1008,3096,26791795,26794891
0,83,63,7391,1328,1008,2821,26794891,26797712
0,84,63,7392,1344,1008,2467,26797712,26800179
0,85,63,7393,1360,1008,2321,26800179,26802500
0,86,63,7394,1376,1008,2363,26802500,26804863
0,87,63,7395,1392,1008,2513,26804863,26807376
0,88,63,7396,1408,1008,2605,26807376,26809981
0,89,63,7397,1424,1008,2661,26809981,26812642
0,90,63,7398,1440,1008,2577,26812642,26815219
0,91,63,7399,1456,1008,2479,26815219,26817698
0,92,63,7400,1472,1008,2487,26817698,26820185
0,93,63,7401,1488,1008,2530,26820185,26822715
0,94,63,7402,1504,1008,2577,26822715,26825292
0,95,63,7403,1520,1008,2598,26825292,26827890
0,96,63,7404,1536,1008,2604,26827890,26830494
0,97,63,7405,1552,1008,2520,26830494,26833014
0,98,63,7406,1568,1008,2479,26833014,26835493
0,99,63,7407,1584,1008,2457,26835493,26837950
0,100,63,7408,1600,1008,2573,26837950,26840523
0,101,63,7409,1616,1008,2736,26840523,26843259
0,102,63,7410,1632,1008,2892,26843259,26846151
0,103,63,7411,1648,1008,3107,26846151,26849258
0,104,63,7412,1664,1008,3425,26849258,26852683
0,105,63,7413,1680,1008,3580,26852683,26856263
0,106,63,7414,1696,1008,3737,26856263,26860000
0,107,63,7415,1712,1008,3750,26860000,26863750
0,108,63,7416,1728,1008,3781,26863750,26867531
0,109,63,7417,1744,1008,3794,26867531,26871325
0,110,63,7418,1760,1008,3846,26871325,26875171
0,111,63,7419,1776,1008,3855,26875171,26879026
0,112,63,7420,1792,1008,3856,26879026,26882882
0,113,63,7421,1808,1008,3746,26882882,26886628
0,114,63,7422,1824,1008,3547,26886628,26890175
0,115,63,7423,1840,1008,3169,26890175,26893344
